company_name,company_id,branch_id,branch_type,state,address,industry,building,foot_traffic,co_tenants,tx_per_day,lat,lng,country,decision_maker,decision_maker_title,contact_email,data_source
Turquoisehorizon,turquoisehorizon,turquoisehorizon-01,Head Office,Massachusetts,"Head office, Boston, Massachusetts, United States",Unknown,commercial,56,14,180,42.35835,-71.0442,United States,A Ansari,Non Executive Director Co-Founder,aj@turquoisehorizon.com,synthetic_locations
Turquoisehorizon,turquoisehorizon,turquoisehorizon-02,Branch,Illinois,"Branch office, Chicago, Illinois, United States",Unknown,commercial,70,23,340,41.85916,-87.61064,United States,,,,synthetic_locations
Turquoisehorizon,turquoisehorizon,turquoisehorizon-03,Branch,Washington,"Branch office, Seattle, Washington, United States",Unknown,commercial,79,21,170,47.61202,-122.31552,United States,,,,synthetic_locations
Turquoisehorizon,turquoisehorizon,turquoisehorizon-04,Branch,Florida,"Branch office, Miami, Florida, United States",Unknown,commercial,51,13,370,25.78565,-80.1987,United States,,,,synthetic_locations
Marriott,marriott,marriott-01,Head Office,Tamil Nadu,"Head office, Chennai, Tamil Nadu, India",Hospitality,commercial,63,28,140,13.07748,80.29626,India,A Ansmith Franklin,Group Director Of Food And Beverage,ansmith.franklin@marriott.com,synthetic_locations
Marriott,marriott,marriott-02,Branch,Gujarat,"Branch office, Ahmedabad, Gujarat, India",Hospitality,commercial,71,5,230,22.99288,72.59951,India,,,,synthetic_locations
Marriott,marriott,marriott-03,Branch,Karnataka,"Branch office, Bengaluru, Karnataka, India",Hospitality,commercial,48,17,330,12.96066,77.57282,India,,,,synthetic_locations
Invis,invis,invis-01,Head Office,Manitoba,"Head office, Winnipeg, Manitoba, Canada",Financial Services,commercial,82,26,270,49.86587,-97.15813,Canada,A Cameron Strong,Chief Executive Officer Of Invis And Mortgage Intelligence,cameronstrong@invis.ca,synthetic_locations
Invis,invis,invis-02,Branch,British Columbia,"Branch office, Vancouver, British Columbia, Canada",Financial Services,commercial,66,28,320,49.3111,-123.14334,Canada,,,,synthetic_locations
Invis,invis,invis-03,Branch,Alberta,"Branch office, Calgary, Alberta, Canada",Financial Services,commercial,56,27,110,51.0445,-114.07061,Canada,,,,synthetic_locations
Qwestoffice,qwestoffice,qwestoffice-01,Head Office,Northern Ireland,"Head office, Belfast, Northern Ireland, United Kingdom",Events Services,commercial,80,17,140,54.62233,-5.91696,United Kingdom,A Cwc Mark Wertman,Owner,cwcmark@qwestoffice.net,synthetic_locations
Qwestoffice,qwestoffice,qwestoffice-02,Branch,Scotland,"Branch office, Edinburgh, Scotland, United Kingdom",Events Services,commercial,73,11,360,55.95905,-3.16901,United Kingdom,,,,synthetic_locations
Qwestoffice,qwestoffice,qwestoffice-03,Branch,Wales,"Branch office, Cardiff, Wales, United Kingdom",Events Services,commercial,57,15,140,51.48794,-3.20624,United Kingdom,,,,synthetic_locations
Qwestoffice,qwestoffice,qwestoffice-04,Branch,England,"Branch office, London, England, United Kingdom",Events Services,commercial,59,5,200,51.48379,-0.11937,United Kingdom,,,,synthetic_locations
Zonnet,zonnet,zonnet-01,Head Office,South Australia,"Head office, Adelaide, South Australia, Australia",Management Consulting,commercial,61,5,120,-34.95201,138.57304,Australia,A Eagle Eye,Sergeant,hypersniper@zonnet.nl,synthetic_locations
Zonnet,zonnet,zonnet-02,Branch,Australian Capital Territory,"Branch office, Canberra, Australian Capital Territory, Australia",Management Consulting,commercial,45,24,340,-35.29775,149.10973,Australia,,,,synthetic_locations
Zonnet,zonnet,zonnet-03,Branch,Queensland,"Branch office, Brisbane, Queensland, Australia",Management Consulting,commercial,83,12,200,-27.48959,153.03362,Australia,,,,synthetic_locations
Zonnet,zonnet,zonnet-04,Branch,Tasmania,"Branch office, Hobart, Tasmania, Australia",Management Consulting,commercial,80,12,130,-42.8571,147.31203,Australia,,,,synthetic_locations
Shu,shu,shu-01,Head Office,Georgia,"Head office, Atlanta, Georgia, United States",Higher Education,residential,6,47,670,33.75036,-84.41183,United States,A Esteban,President,a.esteban@shu.edu,synthetic_locations
Shu,shu,shu-02,Branch,Colorado,"Branch office, Denver, Colorado, United States",Higher Education,commercial,72,10,130,39.72333,-105.00903,United States,,,,synthetic_locations
Uwo,uwo,uwo-01,Head Office,Quebec,"Head office, Montreal, Quebec, Canada",Renewables & Environment,industrial,66,6,320,45.51352,-73.5637,Canada,A Jos?? De Armas,"Senior Project Manager, Development",ajdearmas@alumni.uwo.ca,synthetic_locations
Uwo,uwo,uwo-02,Branch,Ontario,"Branch office, Toronto, Ontario, Canada",Renewables & Environment,industrial,55,5,420,43.67274,-79.37661,Canada,,,,synthetic_locations
Teekay,teekay,teekay-01,Head Office,Alberta,"Head office, Calgary, Alberta, Canada",Maritime,industrial,73,4,750,51.03411,-114.07615,Canada,A Krista Kivisild,It Audit And Enterprise Risk Manager,krista.kivisild@teekay.com,synthetic_locations
Teekay,teekay,teekay-02,Branch,British Columbia,"Branch office, Vancouver, British Columbia, Canada",Maritime,industrial,63,1,680,49.25326,-123.13877,Canada,,,,synthetic_locations
Telus,telus,telus-01,Head Office,Manitoba,"Head office, Winnipeg, Manitoba, Canada",Music,commercial,83,11,230,49.91516,-97.13374,Canada,A Mark Wilburn,Home Keyboards Product Manager,mwilburn@telus.net,synthetic_locations
Telus,telus,telus-02,Branch,Quebec,"Branch office, Montreal, Quebec, Canada",Music,commercial,76,26,170,45.50324,-73.59043,Canada,Aaron Freschi,Founder And Curator,afreschi@telus.net,synthetic_locations
Telus,telus,telus-03,Branch,Nova Scotia,"Branch office, Halifax, Nova Scotia, Canada",Music,commercial,45,7,250,44.67213,-63.57114,Canada,,,,synthetic_locations
Telus,telus,telus-04,Branch,British Columbia,"Branch office, Vancouver, British Columbia, Canada",Music,commercial,80,24,390,49.2822,-123.13192,Canada,,,,synthetic_locations
Ignou,ignou,ignou-01,Head Office,Karnataka,"Head office, Bengaluru, Karnataka, India",Education Management,commercial,76,23,230,12.97162,77.58189,India,A Murali M Rao,Joint Director,murli@ignou.ac.in,synthetic_locations
Ignou,ignou,ignou-02,Branch,Maharashtra,"Branch office, Mumbai, Maharashtra, India",Education Management,commercial,57,24,320,19.08926,72.8611,India,,,,synthetic_locations
Ignou,ignou,ignou-03,Branch,West Bengal,"Branch office, Kolkata, West Bengal, India",Education Management,commercial,71,17,170,22.57907,88.34471,India,,,,synthetic_locations
Ignou,ignou,ignou-04,Branch,Telangana,"Branch office, Hyderabad, Telangana, India",Education Management,commercial,66,7,280,17.36955,78.48269,India,,,,synthetic_locations
Nsw,nsw,nsw-01,Head Office,Australian Capital Territory,"Head office, Canberra, Australian Capital Territory, Australia",Secondary Education,commercial,64,30,140,-35.30184,149.10277,Australia,A Murphy,Principal,tempe-h.school@det.nsw.edu.au,synthetic_locations
Nsw,nsw,nsw-02,Branch,Queensland,"Branch office, Brisbane, Queensland, Australia",Secondary Education,commercial,50,22,220,-27.48713,153.0,Australia,Anderson Michelle,"Nurse Manager - Workforce , Leadership And Development",michelle.anderson1@health.nsw.gov.au,synthetic_locations
Nsw,nsw,nsw-03,Branch,Victoria,"Branch office, Melbourne, Victoria, Australia",Secondary Education,commercial,40,26,160,-37.83074,144.98871,Australia,Andrew Watson,Director Strategy And Environment,kmc@kmc.nsw.gov.au,synthetic_locations
Wri,wri,wri-01,Head Office,Tamil Nadu,"Head office, Chennai, Tamil Nadu, India",Think Tanks,commercial,67,28,330,13.0935,80.29768,India,A Nambi Appadurai,Director,nappadurai@wri.org,synthetic_locations
Wri,wri,wri-02,Branch,Gujarat,"Branch office, Ahmedabad, Gujarat, India",Think Tanks,commercial,55,17,270,23.04263,72.56391,India,,,,synthetic_locations
Wri,wri,wri-03,Branch,Maharashtra,"Branch office, Mumbai, Maharashtra, India",Think Tanks,commercial,60,30,350,19.08551,72.86749,India,,,,synthetic_locations
Wri,wri,wri-04,Branch,West Bengal,"Branch office, Kolkata, West Bengal, India",Think Tanks,commercial,77,20,150,22.60144,88.38074,India,,,,synthetic_locations
Adobe,adobe,adobe-01,Head Office,Colorado,"Head office, Denver, Colorado, United States",Accounting,residential,4,42,900,39.75823,-105.01687,United States,A Roxanne Cochran,"Ceo, Cfo",acochran@adobe.com,synthetic_locations
Adobe,adobe,adobe-02,Branch,Illinois,"Branch office, Chicago, Illinois, United States",Accounting,commercial,78,18,210,41.88773,-87.63853,United States,Aadesh Singh,Senior It Engineer,asingh@adobe.com,synthetic_locations
Adobe,adobe,adobe-03,Branch,New York,"Branch office, New York, New York, United States",Accounting,commercial,74,12,100,40.71722,-74.03174,United States,Scott Belsky,"Chief Product Officer, Executive Vice President - Creative Cloud",sbelsky@adobe.com,synthetic_locations
Valuevision,valuevision,valuevision-01,Head Office,Karnataka,"Head office, Bengaluru, Karnataka, India",Investment Banking,commercial,77,18,270,12.95815,77.57774,India,A S Anand Kumar,Managing Director,anand@valuevision.co.in,synthetic_locations
Valuevision,valuevision,valuevision-02,Branch,Telangana,"Branch office, Hyderabad, Telangana, India",Investment Banking,commercial,59,20,380,17.40458,78.4779,India,,,,synthetic_locations
Valuevision,valuevision,valuevision-03,Branch,Delhi,"Branch office, New Delhi, Delhi, India",Investment Banking,commercial,59,19,310,28.584,77.22181,India,,,,synthetic_locations
Royalcanin,royalcanin,royalcanin-01,Head Office,New York,"Head office, New York, New York, United States",Consumer Goods,commercial,73,10,340,40.71273,-73.99628,United States,A. Sandra Manolescu,Regional President - Europe,manolescu.a.-sandra@royalcanin.com,synthetic_locations
Royalcanin,royalcanin,royalcanin-02,Branch,Washington,"Branch office, Seattle, Washington, United States",Consumer Goods,commercial,83,24,180,47.62802,-122.32488,United States,,,,synthetic_locations
Royalcanin,royalcanin,royalcanin-03,Branch,Georgia,"Branch office, Atlanta, Georgia, United States",Consumer Goods,commercial,64,14,300,33.75316,-84.40077,United States,,,,synthetic_locations
Opaxa,opaxa,opaxa-01,Head Office,Karnataka,"Head office, Bengaluru, Karnataka, India",Import And Export,industrial,88,5,680,12.95521,77.58674,India,A.A Chaudhary,Director- Export Environment,aa@opaxa.in,synthetic_locations
Opaxa,opaxa,opaxa-02,Branch,Tamil Nadu,"Branch office, Chennai, Tamil Nadu, India",Import And Export,industrial,76,4,650,13.10014,80.27301,India,,,,synthetic_locations
Opaxa,opaxa,opaxa-03,Branch,Gujarat,"Branch office, Ahmedabad, Gujarat, India",Import And Export,industrial,80,5,670,23.03935,72.57,India,,,,synthetic_locations
Alokind,alokind,alokind-01,Head Office,West Bengal,"Head office, Kolkata, West Bengal, India",Textiles,commercial,78,30,400,22.5793,88.34048,India,A.Anandan Naidu,Manager,sgt.anandan.n@alokind.com,synthetic_locations
Alokind,alokind,alokind-02,Branch,Telangana,"Branch office, Hyderabad, Telangana, India",Textiles,residential,3,49,500,17.38956,78.49013,India,,,,synthetic_locations
Alokind,alokind,alokind-03,Branch,Maharashtra,"Branch office, Mumbai, Maharashtra, India",Textiles,commercial,66,19,160,19.10373,72.8922,India,,,,synthetic_locations
Eaton,eaton,eaton-01,Head Office,Florida,"Head office, Miami, Florida, United States",Electrical/Electronic Manufacturing,industrial,55,2,570,25.77368,-80.17135,United States,A.D Naik,"Senior Vice President Finance, Electrical Sector",a.dnaik@eaton.com,synthetic_locations
Eaton,eaton,eaton-02,Branch,Georgia,"Branch office, Atlanta, Georgia, United States",Electrical/Electronic Manufacturing,industrial,61,6,590,33.7211,-84.38946,United States,Akalwadi Mahadev,Manager-Engineering,mahadevakalwadi@eaton.com,synthetic_locations
Eaton,eaton,eaton-03,Branch,Massachusetts,"Branch office, Boston, Massachusetts, United States",Electrical/Electronic Manufacturing,industrial,72,5,770,42.38041,-71.03454,United States,Ali Alex,"Pricing Manager Distributed Power Quality, Transactional Power Products",alexali@eaton.com,synthetic_locations
Realmsofnarnia,realmsofnarnia,realmsofnarnia-01,Head Office,Nova Scotia,"Head office, Halifax, Nova Scotia, Canada",Photography,commercial,81,17,210,44.62685,-63.59263,Canada,A.J Gentile,Owner - Photographer,matrim@realmsofnarnia.org,synthetic_locations
Realmsofnarnia,realmsofnarnia,realmsofnarnia-02,Branch,Ontario,"Branch office, Toronto, Ontario, Canada",Photography,commercial,82,16,100,43.63791,-79.37274,Canada,,,,synthetic_locations
Citizensbank,citizensbank,citizensbank-01,Head Office,Washington,"Head office, Seattle, Washington, United States",Banking,commercial,64,12,110,47.61826,-122.30499,United States,A.J Mcniven,Senior Vice President,a.j.mcniven@citizensbank.com,synthetic_locations
Citizensbank,citizensbank,citizensbank-02,Branch,Colorado,"Branch office, Denver, Colorado, United States",Banking,commercial,81,19,240,39.74587,-104.98487,United States,,,,synthetic_locations
Citizensbank,citizensbank,citizensbank-03,Branch,Florida,"Branch office, Miami, Florida, United States",Banking,commercial,68,10,380,25.7795,-80.21337,United States,,,,synthetic_locations
Citizensbank,citizensbank,citizensbank-04,Branch,California,"Branch office, Los Angeles, California, United States",Banking,commercial,62,20,180,34.06288,-118.22667,United States,,,,synthetic_locations
Essilor,essilor,essilor-01,Head Office,Ontario,"Head office, Toronto, Ontario, Canada",Business Supplies And Equipment,commercial,61,19,180,43.62893,-79.36952,Canada,A.Joseph Chahine,Territory Manager,jabichahine@essilor.ca,synthetic_locations
Essilor,essilor,essilor-02,Branch,Quebec,"Branch office, Montreal, Quebec, Canada",Business Supplies And Equipment,commercial,43,13,390,45.51735,-73.57486,Canada,,,,synthetic_locations
Essilor,essilor,essilor-03,Branch,Alberta,"Branch office, Calgary, Alberta, Canada",Business Supplies And Equipment,commercial,51,22,190,51.05536,-114.09775,Canada,,,,synthetic_locations
Essilor,essilor,essilor-04,Branch,Manitoba,"Branch office, Winnipeg, Manitoba, Canada",Business Supplies And Equipment,commercial,66,8,120,49.92233,-97.12793,Canada,,,,synthetic_locations
Afcons,afcons,afcons-01,Head Office,Delhi,"Head office, New Delhi, Delhi, India",Construction,industrial,70,5,390,28.59318,77.18514,India,A.K Roy,Manager Hse,akr_2007@afcons.com,synthetic_locations
Afcons,afcons,afcons-02,Branch,West Bengal,"Branch office, Kolkata, West Bengal, India",Construction,industrial,63,2,360,22.57848,88.33687,India,,,,synthetic_locations
Marksandspencer,marksandspencer,marksandspencer-01,Head Office,Telangana,"Head office, Hyderabad, Telangana, India",Apparel & Fashion,commercial,60,17,260,17.3862,78.48683,India,A.K.Ajith Kumar,Senior Garment Technologist,a.k.ajith.kumar@marksandspencer.com,synthetic_locations
Marksandspencer,marksandspencer,marksandspencer-02,Branch,Gujarat,"Branch office, Ahmedabad, Gujarat, India",Apparel & Fashion,commercial,72,11,130,22.99945,72.59588,India,,,,synthetic_locations
Mindshare Bd,mindshare-bd,mindshare-bd-01,Head Office,England,"Head office, London, England, United Kingdom",Marketing And Advertising,commercial,76,7,400,51.49045,-0.1318,United Kingdom,A.K.M Joseph,Senior Media Manager,mahbub.alam@mindshare-bd.com,synthetic_locations
Mindshare Bd,mindshare-bd,mindshare-bd-02,Branch,Wales,"Branch office, Cardiff, Wales, United Kingdom",Marketing And Advertising,commercial,74,25,300,51.46919,-3.18549,United Kingdom,,,,synthetic_locations
Mindshare Bd,mindshare-bd,mindshare-bd-03,Branch,Scotland,"Branch office, Edinburgh, Scotland, United Kingdom",Marketing And Advertising,commercial,40,26,230,55.93632,-3.18375,United Kingdom,,,,synthetic_locations
Mindshare Bd,mindshare-bd,mindshare-bd-04,Branch,Northern Ireland,"Branch office, Belfast, Northern Ireland, United Kingdom",Marketing And Advertising,commercial,85,19,100,54.57373,-5.91489,United Kingdom,,,,synthetic_locations
Culligan,culligan,culligan-01,Head Office,Northern Ireland,"Head office, Belfast, Northern Ireland, United Kingdom",Environmental Services,commercial,40,11,200,54.62444,-5.92141,United Kingdom,A.Karim Shekhani,Director Operations,akshekhani@culligan.com.pk,synthetic_locations
Culligan,culligan,culligan-02,Branch,Wales,"Branch office, Cardiff, Wales, United Kingdom",Environmental Services,commercial,61,9,400,51.45854,-3.20608,United Kingdom,,,,synthetic_locations
Culligan,culligan,culligan-03,Branch,Scotland,"Branch office, Edinburgh, Scotland, United Kingdom",Environmental Services,commercial,78,14,390,55.97873,-3.19877,United Kingdom,,,,synthetic_locations
Culligan,culligan,culligan-04,Branch,England,"Branch office, London, England, United Kingdom",Environmental Services,commercial,46,11,360,51.50542,-0.14205,United Kingdom,,,,synthetic_locations
Exlservice,exlservice,exlservice-01,Head Office,Maharashtra,"Head office, Mumbai, Maharashtra, India",Internet,commercial,64,17,160,19.08564,72.87861,India,A.Pratham Bhardwaj,Human Resources Specialist,apratham.bhardwaj@exlservice.com,synthetic_locations
Exlservice,exlservice,exlservice-02,Branch,Gujarat,"Branch office, Ahmedabad, Gujarat, India",Internet,commercial,60,20,400,23.0514,72.56304,India,,,,synthetic_locations
Exlservice,exlservice,exlservice-03,Branch,Delhi,"Branch office, New Delhi, Delhi, India",Internet,commercial,46,14,150,28.62004,77.19628,India,,,,synthetic_locations
Exlservice,exlservice,exlservice-04,Branch,Tamil Nadu,"Branch office, Chennai, Tamil Nadu, India",Internet,commercial,57,26,390,13.06306,80.25952,India,,,,synthetic_locations
Cio,cio,cio-01,Head Office,England,"Head office, London, England, United Kingdom",Government Administration,commercial,64,22,130,51.53061,-0.12716,United Kingdom,A.Rahim Al-Abbasi,Chief Business Excellence,arahim@cio.gov.bh,synthetic_locations
Cio,cio,cio-02,Branch,Northern Ireland,"Branch office, Belfast, Northern Ireland, United Kingdom",Government Administration,commercial,59,5,320,54.58859,-5.90648,United Kingdom,,,,synthetic_locations
Cio,cio,cio-03,Branch,Scotland,"Branch office, Edinburgh, Scotland, United Kingdom",Government Administration,commercial,63,9,220,55.98164,-3.20165,United Kingdom,,,,synthetic_locations
Cio,cio,cio-04,Branch,Wales,"Branch office, Cardiff, Wales, United Kingdom",Government Administration,commercial,79,16,320,51.45311,-3.17298,United Kingdom,,,,synthetic_locations
Racon Eng,racon-eng,racon-eng-01,Head Office,Quebec,"Head office, Montreal, Quebec, Canada",Design,commercial,48,30,370,45.49458,-73.59645,Canada,A.Sc.T Brad Murphy,Executive Vice President,brad@racon-eng.com,synthetic_locations
Racon Eng,racon-eng,racon-eng-02,Branch,Nova Scotia,"Branch office, Halifax, Nova Scotia, Canada",Design,commercial,65,20,240,44.64221,-63.55445,Canada,,,,synthetic_locations
Teampowersolutions,teampowersolutions,teampowersolutions-01,Head Office,Alberta,"Head office, Calgary, Alberta, Canada",Mechanical Or Industrial Engineering,commercial,79,28,110,51.02395,-114.09296,Canada,A.Sc.T Brook Davis,Business Development And Marketing Manager,brook.davis@teampowersolutions.ca,synthetic_locations
Teampowersolutions,teampowersolutions,teampowersolutions-02,Branch,Quebec,"Branch office, Montreal, Quebec, Canada",Mechanical Or Industrial Engineering,commercial,65,30,110,45.4839,-73.54995,Canada,,,,synthetic_locations
Teampowersolutions,teampowersolutions,teampowersolutions-03,Branch,Manitoba,"Branch office, Winnipeg, Manitoba, Canada",Mechanical Or Industrial Engineering,commercial,80,25,220,49.91037,-97.16143,Canada,,,,synthetic_locations
Teampowersolutions,teampowersolutions,teampowersolutions-04,Branch,British Columbia,"Branch office, Vancouver, British Columbia, Canada",Mechanical Or Industrial Engineering,commercial,69,10,200,49.27709,-123.09162,Canada,,,,synthetic_locations
Murugappa,murugappa,murugappa-01,Head Office,Tamil Nadu,"Head office, Chennai, Tamil Nadu, India",Food Production,commercial,83,6,390,13.05942,80.24424,India,A.Sivakumar Kumar,Manager In Sugar Industry,sivakumara@parry.murugappa.com,synthetic_locations
Murugappa,murugappa,murugappa-02,Branch,Delhi,"Branch office, New Delhi, Delhi, India",Food Production,commercial,55,6,380,28.62501,77.21259,India,,,,synthetic_locations
Adityabirla,adityabirla,adityabirla-01,Head Office,Gujarat,"Head office, Ahmedabad, Gujarat, India",Mining & Metals,industrial,74,2,540,23.00392,72.6007,India,A.T Mathew,Senior .Vice President-Corporate Projects,atmathew@adityabirla.com,synthetic_locations
Adityabirla,adityabirla,adityabirla-02,Branch,Delhi,"Branch office, New Delhi, Delhi, India",Mining & Metals,industrial,83,1,440,28.63131,77.19951,India,,,,synthetic_locations
Hcl,hcl,hcl-01,Head Office,Gujarat,"Head office, Ahmedabad, Gujarat, India",Information Technology And Services,commercial,72,20,360,23.05164,72.55547,India,A.Venkatesh,Junior Manager - Accounts,a.venkatesh@hcl.in,synthetic_locations
Hcl,hcl,hcl-02,Branch,Delhi,"Branch office, New Delhi, Delhi, India",Information Technology And Services,commercial,71,30,170,28.61252,77.23687,India,,,,synthetic_locations
Hcl,hcl,hcl-03,Branch,Maharashtra,"Branch office, Mumbai, Maharashtra, India",Information Technology And Services,commercial,47,16,300,19.09976,72.88991,India,,,,synthetic_locations
Tatacommunications,tatacommunications,tatacommunications-01,Head Office,Tamil Nadu,"Head office, Chennai, Tamil Nadu, India",Telecommunications,commercial,76,11,330,13.05708,80.25583,India,Aabhas Katyal,General Manager - Enterprise Sales,aabhas.katyal@tatacommunications.com,synthetic_locations
Tatacommunications,tatacommunications,tatacommunications-02,Branch,West Bengal,"Branch office, Kolkata, West Bengal, India",Telecommunications,commercial,83,21,240,22.59181,88.38137,India,,,,synthetic_locations
Tatacommunications,tatacommunications,tatacommunications-03,Branch,Telangana,"Branch office, Hyderabad, Telangana, India",Telecommunications,commercial,41,29,190,17.38161,78.46399,India,,,,synthetic_locations
Wfp,wfp,wfp-01,Head Office,South Australia,"Head office, Adelaide, South Australia, Australia",Non-Profit Organization Management,commercial,40,24,300,-34.92437,138.60875,Australia,Aachal Chand,Nutritionist,aachal.chand@wfp.org,synthetic_locations
Wfp,wfp,wfp-02,Branch,Tasmania,"Branch office, Hobart, Tasmania, Australia",Non-Profit Organization Management,commercial,81,27,200,-42.87006,147.30136,Australia,,,,synthetic_locations
Wfp,wfp,wfp-03,Branch,Victoria,"Branch office, Melbourne, Victoria, Australia",Non-Profit Organization Management,commercial,40,7,180,-37.79998,144.93599,Australia,,,,synthetic_locations
Wfp,wfp,wfp-04,Branch,Australian Capital Territory,"Branch office, Canberra, Australian Capital Territory, Australia",Non-Profit Organization Management,commercial,51,30,340,-35.30421,149.12044,Australia,,,,synthetic_locations
Lr,lr,lr-01,Head Office,England,"Head office, London, England, United Kingdom",Public Safety,residential,3,36,650,51.49017,-0.12134,United Kingdom,Aad Groenenboom,Senior Surveyor,aad.groenenboom@lr.org,synthetic_locations
Lr,lr,lr-02,Branch,Northern Ireland,"Branch office, Belfast, Northern Ireland, United Kingdom",Public Safety,commercial,81,19,240,54.58041,-5.95591,United Kingdom,,,,synthetic_locations
Lr,lr,lr-03,Branch,Scotland,"Branch office, Edinburgh, Scotland, United Kingdom",Public Safety,commercial,44,24,240,55.94269,-3.21404,United Kingdom,,,,synthetic_locations
Lr,lr,lr-04,Branch,Wales,"Branch office, Cardiff, Wales, United Kingdom",Public Safety,commercial,72,9,200,51.49888,-3.20685,United Kingdom,,,,synthetic_locations
Perfectrelations,perfectrelations,perfectrelations-01,Head Office,Telangana,"Head office, Hyderabad, Telangana, India",Public Relations And Communications,commercial,60,18,210,17.37202,78.50617,India,Aadarsh Dewan,Assistant Manager - Integrated Communications,adewan@perfectrelations.com,synthetic_locations
Perfectrelations,perfectrelations,perfectrelations-02,Branch,Gujarat,"Branch office, Ahmedabad, Gujarat, India",Public Relations And Communications,commercial,61,6,340,23.00031,72.5886,India,,,,synthetic_locations
Perfectrelations,perfectrelations,perfectrelations-03,Branch,Delhi,"Branch office, New Delhi, Delhi, India",Public Relations And Communications,commercial,71,18,190,28.6061,77.21615,India,,,,synthetic_locations
Hays,hays,hays-01,Head Office,Northern Ireland,"Head office, Belfast, Northern Ireland, United Kingdom",Staffing And Recruiting,commercial,62,5,180,54.58458,-5.94815,United Kingdom,Aadil Cockar,Senior Business Manager - Building Services,aadil.cockar@hays.com,synthetic_locations
Hays,hays,hays-02,Branch,Wales,"Branch office, Cardiff, Wales, United Kingdom",Staffing And Recruiting,residential,5,49,600,51.46296,-3.14944,United Kingdom,,,,synthetic_locations
Hays,hays,hays-03,Branch,Scotland,"Branch office, Edinburgh, Scotland, United Kingdom",Staffing And Recruiting,commercial,73,6,320,55.93996,-3.16221,United Kingdom,,,,synthetic_locations
Hays,hays,hays-04,Branch,England,"Branch office, London, England, United Kingdom",Staffing And Recruiting,commercial,79,26,370,51.51107,-0.13284,United Kingdom,,,,synthetic_locations
Quintiles,quintiles,quintiles-01,Head Office,Maharashtra,"Head office, Mumbai, Maharashtra, India",Hospital & Health Care,commercial,75,23,290,19.07453,72.8969,India,Aadil Manzoor,Senior Clinical Project Manager,aadil.manzoor@quintiles.com,synthetic_locations
Quintiles,quintiles,quintiles-02,Branch,West Bengal,"Branch office, Kolkata, West Bengal, India",Hospital & Health Care,commercial,62,21,280,22.55316,88.35221,India,,,,synthetic_locations
Unlisted company (Aadil Mohammed),aadilmo@outlook.com,aadilmo@outlook.com-01,Head Office,Quebec,"Head office, Montreal, Quebec, Canada",Retail,commercial,66,25,190,45.47406,-73.56254,Canada,Aadil Mohammed,Operations Manager,aadilmo@outlook.com,synthetic_locations
Unlisted company (Aadil Mohammed),aadilmo@outlook.com,aadilmo@outlook.com-02,Branch,British Columbia,"Branch office, Vancouver, British Columbia, Canada",Retail,commercial,54,13,260,49.27556,-123.10962,Canada,,,,synthetic_locations
Unlisted company (Aadil Mohammed),aadilmo@outlook.com,aadilmo@outlook.com-03,Branch,Nova Scotia,"Branch office, Halifax, Nova Scotia, Canada",Retail,commercial,73,27,140,44.64445,-63.55284,Canada,,,,synthetic_locations
Falconitracking,falconitracking,falconitracking-01,Head Office,Northern Ireland,"Head office, Belfast, Northern Ireland, United Kingdom",Security And Investigations,commercial,46,7,230,54.5783,-5.9303,United Kingdom,Aadil Raja,Assistant Manager Corporate Relations And Collections,aadil.raja@falconitracking.com,synthetic_locations
Falconitracking,falconitracking,falconitracking-02,Branch,Wales,"Branch office, Cardiff, Wales, United Kingdom",Security And Investigations,commercial,43,18,350,51.50776,-3.18616,United Kingdom,,,,synthetic_locations
Falconitracking,falconitracking,falconitracking-03,Branch,Scotland,"Branch office, Edinburgh, Scotland, United Kingdom",Security And Investigations,commercial,76,8,290,55.92601,-3.19919,United Kingdom,,,,synthetic_locations
Marico,marico,marico-01,Head Office,Gujarat,"Head office, Ahmedabad, Gujarat, India",Cosmetics,commercial,52,18,160,23.00704,72.56209,India,Aadit Grover,Area Sales Manager,aadit.grover@marico.com,synthetic_locations
Marico,marico,marico-02,Branch,Karnataka,"Branch office, Bengaluru, Karnataka, India",Cosmetics,commercial,46,27,100,12.96943,77.57371,India,,,,synthetic_locations
Alliedoneindustrial,alliedoneindustrial,alliedoneindustrial-01,Head Office,Quebec,"Head office, Montreal, Quebec, Canada",Aviation & Aerospace,industrial,58,4,510,45.47658,-73.58866,Canada,Aaditya Janakiram,"Manager, Quality And Continuous Improvement",ajanakiram@alliedoneindustrial.com,synthetic_locations
Alliedoneindustrial,alliedoneindustrial,alliedoneindustrial-02,Branch,Manitoba,"Branch office, Winnipeg, Manitoba, Canada",Aviation & Aerospace,industrial,56,4,320,49.90965,-97.16067,Canada,,,,synthetic_locations
Timesgroup,timesgroup,timesgroup-01,Head Office,Telangana,"Head office, Hyderabad, Telangana, India",Newspapers,commercial,69,20,110,17.37661,78.47881,India,Aaditya Razdan,National Sales Head Sap Education @ Times Professional Learning,aaditya.razdan@timesgroup.com,synthetic_locations
Timesgroup,timesgroup,timesgroup-02,Branch,Karnataka,"Branch office, Bengaluru, Karnataka, India",Newspapers,commercial,76,19,330,12.99667,77.57326,India,,,,synthetic_locations
Timesgroup,timesgroup,timesgroup-03,Branch,West Bengal,"Branch office, Kolkata, West Bengal, India",Newspapers,commercial,65,17,170,22.57276,88.35524,India,,,,synthetic_locations
Iag,iag,iag-01,Head Office,Australian Capital Territory,"Head office, Canberra, Australian Capital Territory, Australia",Online Media,residential,14,50,670,-35.26826,149.10572,Australia,Aafke Abbas,Senior Talent Acquisition Manager,aafke.abbas@iag.com.au,synthetic_locations
Iag,iag,iag-02,Branch,South Australia,"Branch office, Adelaide, South Australia, Australia",Online Media,commercial,76,24,270,-34.93645,138.63034,Australia,,,,synthetic_locations
Iag,iag,iag-03,Branch,Victoria,"Branch office, Melbourne, Victoria, Australia",Online Media,commercial,76,18,190,-37.81879,144.97009,Australia,,,,synthetic_locations
Iag,iag,iag-04,Branch,Tasmania,"Branch office, Hobart, Tasmania, Australia",Online Media,commercial,76,28,390,-42.86237,147.33244,Australia,,,,synthetic_locations
Shelfdrilling,shelfdrilling,shelfdrilling-01,Head Office,Gujarat,"Head office, Ahmedabad, Gujarat, India",Oil & Energy,industrial,70,1,370,23.03104,72.54956,India,Aaftaab Kharbanda,Vice President - Projects,aaftaab.kharbanda@shelfdrilling.com,synthetic_locations
Shelfdrilling,shelfdrilling,shelfdrilling-02,Branch,Maharashtra,"Branch office, Mumbai, Maharashtra, India",Oil & Energy,industrial,83,6,500,19.09774,72.90185,India,,,,synthetic_locations
Shelfdrilling,shelfdrilling,shelfdrilling-03,Branch,Telangana,"Branch office, Hyderabad, Telangana, India",Oil & Energy,industrial,77,5,570,17.36701,78.47529,India,,,,synthetic_locations
Issworld,issworld,issworld-01,Head Office,Tasmania,"Head office, Hobart, Tasmania, Australia",Facilities Services,residential,3,39,750,-42.85936,147.30531,Australia,Aage Pedersen,Human Resources Partner,aage.hoey.pedersen@dk.issworld.com,synthetic_locations
Issworld,issworld,issworld-02,Branch,South Australia,"Branch office, Adelaide, South Australia, Australia",Facilities Services,commercial,81,7,110,-34.95162,138.60957,Australia,,,,synthetic_locations
Issworld,issworld,issworld-03,Branch,Queensland,"Branch office, Brisbane, Queensland, Australia",Facilities Services,commercial,72,9,380,-27.44939,153.03884,Australia,,,,synthetic_locations
Nhs,nhs,nhs-01,Head Office,Northern Ireland,"Head office, Belfast, Northern Ireland, United Kingdom",Commercial Real Estate,commercial,72,16,180,54.59885,-5.90623,United Kingdom,Aahsan Rahman,Department Head - Town Planning,aahsan.rahman@property.nhs.uk,synthetic_locations
Nhs,nhs,nhs-02,Branch,England,"Branch office, London, England, United Kingdom",Commercial Real Estate,commercial,73,28,150,51.51965,-0.13921,United Kingdom,,,,synthetic_locations
Mottmac,mottmac,mottmac-01,Head Office,Scotland,"Head office, Edinburgh, Scotland, United Kingdom",Civil Engineering,residential,11,32,830,55.9431,-3.1685,United Kingdom,Aaj Jaralla,Head Of Corrosion Discipline,aaj.jaralla@mottmac.com,synthetic_locations
Mottmac,mottmac,mottmac-02,Branch,England,"Branch office, London, England, United Kingdom",Civil Engineering,commercial,79,7,170,51.51429,-0.1543,United Kingdom,,,,synthetic_locations
Hyderabadangels,hyderabadangels,hyderabadangels-01,Head Office,Texas,"Head office, Houston, Texas, United States",Angel Investors,commercial,74,19,140,29.77761,-95.39946,United States,Aakanksha Bajpayee,Investors,aakanksha.b@hyderabadangels.in,synthetic_locations
Hyderabadangels,hyderabadangels,hyderabadangels-02,Branch,Arizona,"Branch office, Phoenix, Arizona, United States",Angel Investors,commercial,68,29,310,33.44065,-112.08936,United States,,,,synthetic_locations
Hyderabadangels,hyderabadangels,hyderabadangels-03,Branch,Florida,"Branch office, Miami, Florida, United States",Angel Investors,commercial,68,24,390,25.7629,-80.20711,United States,,,,synthetic_locations
Hyderabadangels,hyderabadangels,hyderabadangels-04,Branch,Illinois,"Branch office, Chicago, Illinois, United States",Angel Investors,commercial,65,6,160,41.89652,-87.63494,United States,,,,synthetic_locations
C3Connect,c3connect,c3connect-01,Head Office,Telangana,"Head office, Hyderabad, Telangana, India",Outsourcing/Offshoring,commercial,80,26,320,17.36324,78.48031,India,Aakanksha Chaturvedi,Site Head,aakanksha.chaturvedi@c3connect.com,synthetic_locations
C3Connect,c3connect,c3connect-02,Branch,Delhi,"Branch office, New Delhi, Delhi, India",Outsourcing/Offshoring,residential,4,31,580,28.60251,77.22582,India,,,,synthetic_locations
C3Connect,c3connect,c3connect-03,Branch,Maharashtra,"Branch office, Mumbai, Maharashtra, India",Outsourcing/Offshoring,commercial,84,6,160,19.06619,72.84914,India,,,,synthetic_locations
C3Connect,c3connect,c3connect-04,Branch,Gujarat,"Branch office, Ahmedabad, Gujarat, India",Outsourcing/Offshoring,commercial,60,22,170,23.05183,72.59737,India,,,,synthetic_locations
Stryker,stryker,stryker-01,Head Office,Tamil Nadu,"Head office, Chennai, Tamil Nadu, India",Medical Devices,commercial,59,15,220,13.07752,80.29552,India,Aakash Arora,Associate Director Of Operations,aakash.arora@stryker.com,synthetic_locations
Stryker,stryker,stryker-02,Branch,Telangana,"Branch office, Hyderabad, Telangana, India",Medical Devices,commercial,77,25,180,17.40563,78.47162,India,,,,synthetic_locations
Stryker,stryker,stryker-03,Branch,Delhi,"Branch office, New Delhi, Delhi, India",Medical Devices,commercial,50,6,230,28.59788,77.20615,India,,,,synthetic_locations
Honda2Wheelersindia,honda2wheelersindia,honda2wheelersindia-01,Head Office,Gujarat,"Head office, Ahmedabad, Gujarat, India",Publishing,commercial,84,26,370,23.03335,72.57457,India,Aakash Bedi,Senior Executive,aakash.bedi@honda2wheelersindia.com,synthetic_locations
Honda2Wheelersindia,honda2wheelersindia,honda2wheelersindia-02,Branch,Maharashtra,"Branch office, Mumbai, Maharashtra, India",Publishing,commercial,45,21,330,19.07709,72.86701,India,,,,synthetic_locations
Honda2Wheelersindia,honda2wheelersindia,honda2wheelersindia-03,Branch,Delhi,"Branch office, New Delhi, Delhi, India",Publishing,commercial,75,8,100,28.61591,77.18934,India,,,,synthetic_locations
Carwale,carwale,carwale-01,Head Office,Delhi,"Head office, New Delhi, Delhi, India",Automotive,industrial,62,1,610,28.62656,77.22306,India,Aakash Khandelwal,Senior .Sales Executive,aakash.khandelwal@carwale.com,synthetic_locations
Carwale,carwale,carwale-02,Branch,Tamil Nadu,"Branch office, Chennai, Tamil Nadu, India",Automotive,industrial,63,3,730,13.09238,80.27355,India,,,,synthetic_locations
Hdfcergo,hdfcergo,hdfcergo-01,Head Office,Maharashtra,"Head office, Mumbai, Maharashtra, India",Insurance,residential,4,31,660,19.09216,72.8701,India,Aakash Pimplikar,Regional Sales Manager,aakash.pimplikar@hdfcergo.com,synthetic_locations
Hdfcergo,hdfcergo,hdfcergo-02,Branch,West Bengal,"Branch office, Kolkata, West Bengal, India",Insurance,commercial,45,25,130,22.57363,88.3401,India,,,,synthetic_locations
Hdfcergo,hdfcergo,hdfcergo-03,Branch,Delhi,"Branch office, New Delhi, Delhi, India",Insurance,commercial,69,12,300,28.60688,77.21434,India,,,,synthetic_locations
Hdfcergo,hdfcergo,hdfcergo-04,Branch,Karnataka,"Branch office, Bengaluru, Karnataka, India",Insurance,commercial,71,28,360,12.94711,77.62223,India,,,,synthetic_locations
Loganair,loganair,loganair-01,Head Office,Northern Ireland,"Head office, Belfast, Northern Ireland, United Kingdom",Airlines/Aviation,industrial,80,3,420,54.61833,-5.93176,United Kingdom,Aakash Sajid,Senior First Officer,aakashsajid@loganair.co.uk,synthetic_locations
Loganair,loganair,loganair-02,Branch,England,"Branch office, London, England, United Kingdom",Airlines/Aviation,industrial,72,4,370,51.50005,-0.1294,United Kingdom,,,,synthetic_locations
Loganair,loganair,loganair-03,Branch,Scotland,"Branch office, Edinburgh, Scotland, United Kingdom",Airlines/Aviation,industrial,62,3,370,55.92763,-3.20629,United Kingdom,,,,synthetic_locations
Amd,amd,amd-01,Head Office,Gujarat,"Head office, Ahmedabad, Gujarat, India",Computer Networking,commercial,43,7,210,23.04873,72.56487,India,Aakash Sudhanwa,Senior Devops Engineer,aakash.sudhanwa@amd.com,synthetic_locations
Amd,amd,amd-02,Branch,Maharashtra,"Branch office, Mumbai, Maharashtra, India",Computer Networking,commercial,43,10,140,19.09877,72.8568,India,,,,synthetic_locations
Altisource,altisource,altisource-01,Head Office,Tamil Nadu,"Head office, Chennai, Tamil Nadu, India",Real Estate,commercial,63,14,160,13.07788,80.29196,India,Aakash Suryawanshi,Accounts Payable Manager,aakash.suryawanshi@altisource.com,synthetic_locations
Altisource,altisource,altisource-02,Branch,Karnataka,"Branch office, Bengaluru, Karnataka, India",Real Estate,commercial,63,13,280,12.95189,77.61463,India,,,,synthetic_locations
Ubisoft,ubisoft,ubisoft-01,Head Office,Maharashtra,"Head office, Mumbai, Maharashtra, India",Entertainment,commercial,47,6,220,19.06534,72.8629,India,Aakriti Singh,Human Resources Business Partner,aakriti.singh@ubisoft.com,synthetic_locations
Ubisoft,ubisoft,ubisoft-02,Branch,Gujarat,"Branch office, Ahmedabad, Gujarat, India",Entertainment,commercial,60,24,150,23.0093,72.55268,India,,,,synthetic_locations
Healthians,healthians,healthians-01,Head Office,Tamil Nadu,"Head office, Chennai, Tamil Nadu, India","Health, Wellness And Fitness",commercial,79,26,300,13.09508,80.26787,India,Aakriti Thakur,Business Manager,aakriti.thakur@healthians.com,synthetic_locations
Healthians,healthians,healthians-02,Branch,Gujarat,"Branch office, Ahmedabad, Gujarat, India","Health, Wellness And Fitness",commercial,71,8,160,23.03143,72.58009,India,,,,synthetic_locations
Titan,titan,titan-01,Head Office,Karnataka,"Head office, Bengaluru, Karnataka, India",Medical Practice,commercial,45,15,260,12.95445,77.59506,India,Aakriti Vohra,Sacred Heart Convent Senior Secondary,aakriti@titan.co.in,synthetic_locations
Titan,titan,titan-02,Branch,Maharashtra,"Branch office, Mumbai, Maharashtra, India",Medical Practice,commercial,56,7,130,19.0641,72.85694,India,,,,synthetic_locations
Titan,titan,titan-03,Branch,Tamil Nadu,"Branch office, Chennai, Tamil Nadu, India",Medical Practice,commercial,48,24,250,13.08635,80.2571,India,,,,synthetic_locations
Titan,titan,titan-04,Branch,West Bengal,"Branch office, Kolkata, West Bengal, India",Medical Practice,commercial,62,17,380,22.57861,88.36464,India,,,,synthetic_locations
Horizontalintegration,horizontalintegration,horizontalintegration-01,Head Office,Telangana,"Head office, Hyderabad, Telangana, India",Research,commercial,73,8,140,17.40979,78.45988,India,Aalap Gaekwad,Associate Project Manager,agaekwad@horizontalintegration.com,synthetic_locations
Horizontalintegration,horizontalintegration,horizontalintegration-02,Branch,West Bengal,"Branch office, Kolkata, West Bengal, India",Research,commercial,69,6,130,22.57802,88.37315,India,,,,synthetic_locations
Horizontalintegration,horizontalintegration,horizontalintegration-03,Branch,Tamil Nadu,"Branch office, Chennai, Tamil Nadu, India",Research,commercial,78,27,190,13.05505,80.24127,India,,,,synthetic_locations
Horizontalintegration,horizontalintegration,horizontalintegration-04,Branch,Maharashtra,"Branch office, Mumbai, Maharashtra, India",Research,commercial,83,6,100,19.10143,72.90045,India,,,,synthetic_locations
Sklactuarial,sklactuarial,sklactuarial-01,Head Office,Queensland,"Head office, Brisbane, Queensland, Australia",Human Resources,commercial,44,13,160,-27.49771,153.03061,Australia,Aaliyah Gunaratne,Candidate Manager,aaliyah@sklactuarial.com.au,synthetic_locations
Sklactuarial,sklactuarial,sklactuarial-02,Branch,Tasmania,"Branch office, Hobart, Tasmania, Australia",Human Resources,commercial,44,23,110,-42.85524,147.32718,Australia,,,,synthetic_locations
Sklactuarial,sklactuarial,sklactuarial-03,Branch,South Australia,"Branch office, Adelaide, South Australia, Australia",Human Resources,commercial,40,14,360,-34.90139,138.60482,Australia,,,,synthetic_locations
Iqvia,iqvia,iqvia-01,Head Office,Tamil Nadu,"Head office, Chennai, Tamil Nadu, India",Pharmaceuticals,commercial,82,19,360,13.10924,80.25885,India,Aalok Mehta,Associate Manager,aalok.mehta@iqvia.com,synthetic_locations
Iqvia,iqvia,iqvia-02,Branch,Karnataka,"Branch office, Bengaluru, Karnataka, India",Pharmaceuticals,commercial,50,7,140,12.99603,77.60206,India,,,,synthetic_locations
Schilling,schilling,schilling-01,Head Office,Texas,"Head office, Houston, Texas, United States",Manufacturing,industrial,87,5,460,29.73923,-95.3746,United States,Aalund Martin,Mechanical Engineering Manager,martin.aalund@schilling.com,synthetic_locations
Schilling,schilling,schilling-02,Branch,Colorado,"Branch office, Denver, Colorado, United States",Manufacturing,industrial,87,5,780,39.76372,-104.98196,United States,,,,synthetic_locations
Arcadis,arcadis,arcadis-01,Head Office,Scotland,"Head office, Edinburgh, Scotland, United Kingdom",Food & Beverages,commercial,80,24,180,55.9256,-3.2044,United Kingdom,Aamer Ather,Senior Gis Consultant,aamer.ather@arcadis.com,synthetic_locations
Arcadis,arcadis,arcadis-02,Branch,Northern Ireland,"Branch office, Belfast, Northern Ireland, United Kingdom",Food & Beverages,commercial,45,10,230,54.60519,-5.92836,United Kingdom,,,,synthetic_locations
Danubeproperties,danubeproperties,danubeproperties-01,Head Office,Telangana,"Head office, Hyderabad, Telangana, India",Architecture & Planning,commercial,61,29,130,17.3584,78.46779,India,Aamer Quazi,Head - Project Management,aamer.quazi@danubeproperties.ae,synthetic_locations
Danubeproperties,danubeproperties,danubeproperties-02,Branch,Gujarat,"Branch office, Ahmedabad, Gujarat, India",Architecture & Planning,commercial,77,10,110,23.04727,72.56209,India,,,,synthetic_locations
Danubeproperties,danubeproperties,danubeproperties-03,Branch,Tamil Nadu,"Branch office, Chennai, Tamil Nadu, India",Architecture & Planning,commercial,61,29,400,13.07513,80.29867,India,,,,synthetic_locations
Danubeproperties,danubeproperties,danubeproperties-04,Branch,Delhi,"Branch office, New Delhi, Delhi, India",Architecture & Planning,commercial,67,20,220,28.58613,77.18832,India,,,,synthetic_locations
Capgemini,capgemini,capgemini-01,Head Office,South Australia,"Head office, Adelaide, South Australia, Australia",Defense & Space,commercial,74,23,310,-34.93734,138.59725,Australia,Aamir Alikhan,Consultant,aamir.alikhan@capgemini.com,synthetic_locations
Capgemini,capgemini,capgemini-02,Branch,Tasmania,"Branch office, Hobart, Tasmania, Australia",Defense & Space,commercial,85,24,360,-42.86611,147.3419,Australia,,,,synthetic_locations
Capgemini,capgemini,capgemini-03,Branch,New South Wales,"Branch office, Sydney, New South Wales, Australia",Defense & Space,commercial,82,18,370,-33.85421,151.21768,Australia,,,,synthetic_locations
Capgemini,capgemini,capgemini-04,Branch,Australian Capital Territory,"Branch office, Canberra, Australian Capital Territory, Australia",Defense & Space,commercial,60,5,180,-35.25671,149.11877,Australia,,,,synthetic_locations
Sagroupindia,sagroupindia,sagroupindia-01,Head Office,Karnataka,"Head office, Bengaluru, Karnataka, India",Logistics And Supply Chain,industrial,89,2,670,12.94284,77.58349,India,Aamir Islam,Managing Director At Dbb Worldwide Pvt Ltd Founder,aamir@sagroupindia.com,synthetic_locations
Sagroupindia,sagroupindia,sagroupindia-02,Branch,Gujarat,"Branch office, Ahmedabad, Gujarat, India",Logistics And Supply Chain,industrial,60,5,740,23.02949,72.54432,India,,,,synthetic_locations
Sagroupindia,sagroupindia,sagroupindia-03,Branch,West Bengal,"Branch office, Kolkata, West Bengal, India",Logistics And Supply Chain,industrial,61,2,470,22.57272,88.36446,India,,,,synthetic_locations
Sagroupindia,sagroupindia,sagroupindia-04,Branch,Maharashtra,"Branch office, Mumbai, Maharashtra, India",Logistics And Supply Chain,industrial,62,1,380,19.0687,72.86908,India,,,,synthetic_locations
Ttconsultants,ttconsultants,ttconsultants-01,Head Office,Delhi,"Head office, New Delhi, Delhi, India",Legal Services,residential,8,52,910,28.59571,77.23085,India,Aamir Shah,Senior Patent Research Analyst,aamir.shah@ttconsultants.com,synthetic_locations
Ttconsultants,ttconsultants,ttconsultants-02,Branch,Gujarat,"Branch office, Ahmedabad, Gujarat, India",Legal Services,commercial,45,16,330,23.04739,72.55643,India,,,,synthetic_locations
Ttconsultants,ttconsultants,ttconsultants-03,Branch,Karnataka,"Branch office, Bengaluru, Karnataka, India",Legal Services,residential,3,32,950,12.98928,77.60001,India,,,,synthetic_locations
Ttconsultants,ttconsultants,ttconsultants-04,Branch,West Bengal,"Branch office, Kolkata, West Bengal, India",Legal Services,commercial,81,14,270,22.59896,88.36601,India,,,,synthetic_locations
Matrixcomsec,matrixcomsec,matrixcomsec-01,Head Office,Karnataka,"Head office, Bengaluru, Karnataka, India",Industrial Automation,commercial,42,15,200,12.95975,77.57791,India,Aamir Zahoor,Channel Sales Manager,aamir.zahoor@matrixcomsec.com,synthetic_locations
Matrixcomsec,matrixcomsec,matrixcomsec-02,Branch,Tamil Nadu,"Branch office, Chennai, Tamil Nadu, India",Industrial Automation,commercial,42,8,120,13.10592,80.29457,India,,,,synthetic_locations
Matrixcomsec,matrixcomsec,matrixcomsec-03,Branch,Delhi,"Branch office, New Delhi, Delhi, India",Industrial Automation,commercial,77,20,110,28.58535,77.22887,India,,,,synthetic_locations
Matrixcomsec,matrixcomsec,matrixcomsec-04,Branch,Telangana,"Branch office, Hyderabad, Telangana, India",Industrial Automation,commercial,80,29,120,17.37483,78.46265,India,,,,synthetic_locations
Iarc,iarc,iarc-01,Head Office,West Bengal,"Head office, Kolkata, West Bengal, India",Investment Management,residential,9,54,860,22.55767,88.3699,India,Aamod Datar,Vice-President,aamod.datar@iarc.co.in,synthetic_locations
Iarc,iarc,iarc-02,Branch,Telangana,"Branch office, Hyderabad, Telangana, India",Investment Management,commercial,56,26,350,17.38666,78.47257,India,,,,synthetic_locations
Design Concepts,design-concepts,design-concepts-01,Head Office,New York,"Head office, New York, New York, United States",Business Services,commercial,76,29,120,40.68361,-73.98416,United States,Aamotsbakken Reidar,Medical Device Program Manager,reidar.aamotsbakken@design-concepts.com,synthetic_locations
Design Concepts,design-concepts,design-concepts-02,Branch,Colorado,"Branch office, Denver, Colorado, United States",Business Services,commercial,71,10,310,39.72523,-104.98449,United States,,,,synthetic_locations
Bchydro,bchydro,bchydro-01,Head Office,Manitoba,"Head office, Winnipeg, Manitoba, Canada",Utilities,commercial,81,23,170,49.89248,-97.11913,Canada,Aaran Ferguson,Regional Manager Southern Interior Stations,aaran.ferguson@bchydro.com,synthetic_locations
Bchydro,bchydro,bchydro-02,Branch,Ontario,"Branch office, Toronto, Ontario, Canada",Utilities,residential,9,34,560,43.66885,-79.3636,Canada,,,,synthetic_locations
Bchydro,bchydro,bchydro-03,Branch,Quebec,"Branch office, Montreal, Quebec, Canada",Utilities,commercial,71,28,370,45.51964,-73.58921,Canada,,,,synthetic_locations
Bchydro,bchydro,bchydro-04,Branch,Nova Scotia,"Branch office, Halifax, Nova Scotia, Canada",Utilities,commercial,79,18,270,44.66045,-63.55382,Canada,,,,synthetic_locations
Trackunit,trackunit,trackunit-01,Head Office,Washington,"Head office, Seattle, Washington, United States",Unknown,commercial,65,9,350,47.62659,-122.30741,United States,Aardestrup Tom,Export And Business Development Manager,tva@trackunit.com,synthetic_locations
Trackunit,trackunit,trackunit-02,Branch,Massachusetts,"Branch office, Boston, Massachusetts, United States",Unknown,commercial,69,9,340,42.33928,-71.03952,United States,,,,synthetic_locations
Trackunit,trackunit,trackunit-03,Branch,California,"Branch office, Los Angeles, California, United States",Unknown,commercial,71,27,200,34.06091,-118.23863,United States,,,,synthetic_locations
Trackunit,trackunit,trackunit-04,Branch,Arizona,"Branch office, Phoenix, Arizona, United States",Unknown,commercial,70,7,300,33.43812,-112.06967,United States,,,,synthetic_locations
Colorado,colorado,colorado-01,Head Office,Telangana,"Head office, Hyderabad, Telangana, India",Consumer Electronics,commercial,47,24,350,17.35683,78.45861,India,Aaresh Bachana,Senior Embedded Software Engineer,aaresh.bachana@colorado.edu,synthetic_locations
Colorado,colorado,colorado-02,Branch,Delhi,"Branch office, New Delhi, Delhi, India",Consumer Electronics,commercial,41,29,150,28.58907,77.20236,India,,,,synthetic_locations
Aiocdawacs,aiocdawacs,aiocdawacs-01,Head Office,West Bengal,"Head office, Kolkata, West Bengal, India",Market Research,commercial,81,12,260,22.57133,88.37873,India,Aarif Ahmed,Head Of Operations,aarif@aiocdawacs.com,synthetic_locations
Aiocdawacs,aiocdawacs,aiocdawacs-02,Branch,Telangana,"Branch office, Hyderabad, Telangana, India",Market Research,commercial,55,5,140,17.40905,78.4649,India,,,,synthetic_locations
Aiocdawacs,aiocdawacs,aiocdawacs-03,Branch,Maharashtra,"Branch office, Mumbai, Maharashtra, India",Market Research,commercial,54,28,170,19.06561,72.85937,India,,,,synthetic_locations
Aiocdawacs,aiocdawacs,aiocdawacs-04,Branch,Delhi,"Branch office, New Delhi, Delhi, India",Market Research,commercial,54,24,260,28.62558,77.23284,India,,,,synthetic_locations
Finlease,finlease,finlease-01,Head Office,Victoria,"Head office, Melbourne, Victoria, Australia",Other Auxiliary Finance And Investment Services,commercial,56,28,200,-37.79749,144.98157,Australia,Aaron Adkins,Relationship Manager,aadkins@finlease.com.au,synthetic_locations
Finlease,finlease,finlease-02,Branch,New South Wales,"Branch office, Sydney, New South Wales, Australia",Other Auxiliary Finance And Investment Services,commercial,77,9,340,-33.87971,151.1926,Australia,,,,synthetic_locations
Finlease,finlease,finlease-03,Branch,South Australia,"Branch office, Adelaide, South Australia, Australia",Other Auxiliary Finance And Investment Services,commercial,52,27,400,-34.9521,138.62348,Australia,,,,synthetic_locations
Bostik,bostik,bostik-01,Head Office,Illinois,"Head office, Chicago, Illinois, United States",Chemicals,industrial,61,6,360,41.88388,-87.61106,United States,Aaron Alejandro Galv?­N Rodr??Guez,Jefe Comercio Exterior,aaron-alejandro.galvan-rodriguez@bostik.com,synthetic_locations
Bostik,bostik,bostik-02,Branch,Georgia,"Branch office, Atlanta, Georgia, United States",Chemicals,industrial,87,5,460,33.73737,-84.41411,United States,,,,synthetic_locations
Customercrunch,customercrunch,customercrunch-01,Head Office,Australian Capital Territory,"Head office, Canberra, Australian Capital Territory, Australia",Information Services,commercial,49,30,330,-35.28234,149.11259,Australia,Aaron Artery,Founder And Chief Executive Officer At Customer Crunch,aaron@customercrunch.com,synthetic_locations
Customercrunch,customercrunch,customercrunch-02,Branch,South Australia,"Branch office, Adelaide, South Australia, Australia",Information Services,commercial,44,23,380,-34.91562,138.58727,Australia,,,,synthetic_locations
Customercrunch,customercrunch,customercrunch-03,Branch,New South Wales,"Branch office, Sydney, New South Wales, Australia",Information Services,residential,14,55,820,-33.87905,151.19758,Australia,,,,synthetic_locations
Customercrunch,customercrunch,customercrunch-04,Branch,Queensland,"Branch office, Brisbane, Queensland, Australia",Information Services,commercial,72,7,110,-27.466,153.02982,Australia,,,,synthetic_locations
Westrac,westrac,westrac-01,Head Office,Victoria,"Head office, Melbourne, Victoria, Australia",Machinery,industrial,76,5,410,-37.84128,144.96685,Australia,Aaron Baer,Storeperson,aaron.baer@westrac.com.au,synthetic_locations
Westrac,westrac,westrac-02,Branch,New South Wales,"Branch office, Sydney, New South Wales, Australia",Machinery,industrial,65,1,310,-33.87129,151.20304,Australia,,,,synthetic_locations
Westrac,westrac,westrac-03,Branch,Australian Capital Territory,"Branch office, Canberra, Australian Capital Territory, Australia",Machinery,industrial,67,1,500,-35.27777,149.14571,Australia,,,,synthetic_locations
Westrac,westrac,westrac-04,Branch,South Australia,"Branch office, Adelaide, South Australia, Australia",Machinery,industrial,81,4,700,-34.92296,138.58039,Australia,,,,synthetic_locations
Wais,wais,wais-01,Head Office,Western Australia,"Head office, Perth, Western Australia, Australia",Sports,commercial,84,10,200,-31.95297,115.84864,Australia,Aaron Balloch,Biomechanist- Athletics And Swimming,aballoch@wais.org.au,synthetic_locations
Wais,wais,wais-02,Branch,Victoria,"Branch office, Melbourne, Victoria, Australia",Sports,commercial,81,24,130,-37.82911,144.94057,Australia,,,,synthetic_locations
Wais,wais,wais-03,Branch,Tasmania,"Branch office, Hobart, Tasmania, Australia",Sports,commercial,60,11,250,-42.86874,147.35017,Australia,,,,synthetic_locations
Wais,wais,wais-04,Branch,South Australia,"Branch office, Adelaide, South Australia, Australia",Sports,commercial,80,16,370,-34.9561,138.62938,Australia,,,,synthetic_locations
Lsvp,lsvp,lsvp-01,Head Office,Colorado,"Head office, Denver, Colorado, United States",Angel (Individual),commercial,75,28,400,39.72454,-104.96668,United States,Aaron Batalion,Angel Investor,aaron@lsvp.com,synthetic_locations
Lsvp,lsvp,lsvp-02,Branch,California,"Branch office, Los Angeles, California, United States",Angel (Individual),commercial,45,18,210,34.06805,-118.25206,United States,Michael Romano,Partner Of Investor Relations,mromano@lsvp.com,synthetic_locations
Lsvp,lsvp,lsvp-03,Branch,Florida,"Branch office, Miami, Florida, United States",Angel (Individual),commercial,66,22,170,25.78382,-80.18324,United States,,,,synthetic_locations
Advancepress,advancepress,advancepress-01,Head Office,South Australia,"Head office, Adelaide, South Australia, Australia",Printing,residential,15,41,650,-34.90149,138.59618,Australia,Aaron Beagley,"Manager, Customer Services",info@advancepress.com.au,synthetic_locations
Advancepress,advancepress,advancepress-02,Branch,Victoria,"Branch office, Melbourne, Victoria, Australia",Printing,commercial,53,28,280,-37.81541,144.97932,Australia,,,,synthetic_locations
Advancepress,advancepress,advancepress-03,Branch,Queensland,"Branch office, Brisbane, Queensland, Australia",Printing,commercial,50,24,180,-27.45347,153.03404,Australia,,,,synthetic_locations
Advancepress,advancepress,advancepress-04,Branch,Western Australia,"Branch office, Perth, Western Australia, Australia",Printing,commercial,61,12,180,-31.94715,115.86489,Australia,,,,synthetic_locations
Watersignal,watersignal,watersignal-01,Head Office,Washington,"Head office, Seattle, Washington, United States",Facilities & Services,commercial,76,5,110,47.61414,-122.32976,United States,Aaron Beasley,Vice President Of Sales,abeasley@watersignal.com,synthetic_locations
Watersignal,watersignal,watersignal-02,Branch,New York,"Branch office, New York, New York, United States",Facilities & Services,commercial,79,13,340,40.71557,-73.99485,United States,,,,synthetic_locations
Wa,wa,wa-01,Head Office,Queensland,"Head office, Brisbane, Queensland, Australia",Public Policy,commercial,74,19,250,-27.46328,153.01483,Australia,Aaron Bertram,Manager - Bickley Outdoor Recreation Camp,abertram@dsr.wa.gov.au,synthetic_locations
Wa,wa,wa-02,Branch,Australian Capital Territory,"Branch office, Canberra, Australian Capital Territory, Australia",Public Policy,commercial,54,16,280,-35.26532,149.10559,Australia,,,,synthetic_locations
Wa,wa,wa-03,Branch,New South Wales,"Branch office, Sydney, New South Wales, Australia",Public Policy,commercial,74,11,150,-33.8439,151.18387,Australia,,,,synthetic_locations
Wol,wol,wol-01,Head Office,Tasmania,"Head office, Hobart, Tasmania, Australia",Business And Professional Association Services,commercial,66,10,340,-42.88132,147.30205,Australia,Aaron Binns,"Economist, Strategist, And Technology Consultant",aaronb@wol.org.au,synthetic_locations
Wol,wol,wol-02,Branch,Australian Capital Territory,"Branch office, Canberra, Australian Capital Territory, Australia",Business And Professional Association Services,commercial,60,5,220,-35.26482,149.13745,Australia,,,,synthetic_locations
Wol,wol,wol-03,Branch,Queensland,"Branch office, Brisbane, Queensland, Australia",Business And Professional Association Services,commercial,72,12,170,-27.48179,153.0244,Australia,,,,synthetic_locations
Wol,wol,wol-04,Branch,Victoria,"Branch office, Melbourne, Victoria, Australia",Business And Professional Association Services,commercial,72,17,110,-37.81459,144.9738,Australia,,,,synthetic_locations
Lwb,lwb,lwb-01,Head Office,Victoria,"Head office, Melbourne, Victoria, Australia",Individual & Family Services,commercial,65,18,210,-37.8224,144.956,Australia,Aaron Blades,Youth Worker,aaron.blades@lwb.org.au,synthetic_locations
Lwb,lwb,lwb-02,Branch,Australian Capital Territory,"Branch office, Canberra, Australian Capital Territory, Australia",Individual & Family Services,commercial,57,20,210,-35.30401,149.10523,Australia,,,,synthetic_locations
Lwb,lwb,lwb-03,Branch,Queensland,"Branch office, Brisbane, Queensland, Australia",Individual & Family Services,residential,7,37,670,-27.4638,153.03592,Australia,,,,synthetic_locations
Lwb,lwb,lwb-04,Branch,Tasmania,"Branch office, Hobart, Tasmania, Australia",Individual & Family Services,commercial,84,29,280,-42.90415,147.32948,Australia,,,,synthetic_locations
Metaprop,metaprop,metaprop-01,Head Office,Washington,"Head office, Seattle, Washington, United States",Accelerator/Incubator,residential,4,55,500,47.57684,-122.35923,United States,Aaron Block,Co-Founder & Managing Director,aaron.block@metaprop.org,synthetic_locations
Metaprop,metaprop,metaprop-02,Branch,Florida,"Branch office, Miami, Florida, United States",Accelerator/Incubator,residential,12,36,770,25.77932,-80.19612,United States,,,,synthetic_locations
Moduplay,moduplay,moduplay-01,Head Office,Western Australia,"Head office, Perth, Western Australia, Australia",Combined Primary And Secondary Education,commercial,79,28,240,-31.94065,115.88606,Australia,Aaron Bognar,Product Design Engineer,aaron@moduplay.com.au,synthetic_locations
Moduplay,moduplay,moduplay-02,Branch,New South Wales,"Branch office, Sydney, New South Wales, Australia",Combined Primary And Secondary Education,commercial,57,24,330,-33.89499,151.19643,Australia,,,,synthetic_locations
Moduplay,moduplay,moduplay-03,Branch,Australian Capital Territory,"Branch office, Canberra, Australian Capital Territory, Australia",Combined Primary And Secondary Education,commercial,52,8,310,-35.31034,149.12812,Australia,,,,synthetic_locations
Moduplay,moduplay,moduplay-04,Branch,South Australia,"Branch office, Adelaide, South Australia, Australia",Combined Primary And Secondary Education,residential,12,47,520,-34.95525,138.60104,Australia,,,,synthetic_locations
Thirdarch,thirdarch,thirdarch-01,Head Office,Texas,"Head office, Houston, Texas, United States",Marketing & Advertising,commercial,43,23,140,29.77994,-95.39249,United States,Aaron Boxerman,B2B Demand/Lead Generation & Social Selling Consulting (& President),aaron@thirdarch.com,synthetic_locations
Thirdarch,thirdarch,thirdarch-02,Branch,Georgia,"Branch office, Atlanta, Georgia, United States",Marketing & Advertising,commercial,80,7,180,33.75224,-84.37975,United States,,,,synthetic_locations
Thirdarch,thirdarch,thirdarch-03,Branch,New York,"Branch office, New York, New York, United States",Marketing & Advertising,commercial,40,23,350,40.7082,-73.9937,United States,,,,synthetic_locations
Thirdarch,thirdarch,thirdarch-04,Branch,Florida,"Branch office, Miami, Florida, United States",Marketing & Advertising,commercial,48,11,280,25.77613,-80.16981,United States,,,,synthetic_locations
Crownmelbourne,crownmelbourne,crownmelbourne-01,Head Office,South Australia,"Head office, Adelaide, South Australia, Australia",Gambling & Casinos,commercial,57,24,200,-34.94048,138.61081,Australia,Aaron Boyd,Electronic Gaming Attendant,aaronb@crownmelbourne.com.au,synthetic_locations
Crownmelbourne,crownmelbourne,crownmelbourne-02,Branch,Tasmania,"Branch office, Hobart, Tasmania, Australia",Gambling & Casinos,commercial,79,19,370,-42.91142,147.32239,Australia,,,,synthetic_locations
Crownmelbourne,crownmelbourne,crownmelbourne-03,Branch,Queensland,"Branch office, Brisbane, Queensland, Australia",Gambling & Casinos,commercial,75,22,140,-27.43986,153.05133,Australia,,,,synthetic_locations
Crownmelbourne,crownmelbourne,crownmelbourne-04,Branch,Australian Capital Territory,"Branch office, Canberra, Australian Capital Territory, Australia",Gambling & Casinos,commercial,83,29,400,-35.30613,149.12933,Australia,,,,synthetic_locations
I3Verticals,i3verticals,i3verticals-01,Head Office,Massachusetts,"Head office, Boston, Massachusetts, United States",Finance,commercial,61,17,200,42.36868,-71.0685,United States,Aaron Caffey,Vp Sales,acaffey@i3verticals.com,synthetic_locations
I3Verticals,i3verticals,i3verticals-02,Branch,Illinois,"Branch office, Chicago, Illinois, United States",Finance,commercial,48,15,230,41.87363,-87.63217,United States,,,,synthetic_locations
Eastwesteng,eastwesteng,eastwesteng-01,Head Office,New South Wales,"Head office, Sydney, New South Wales, Australia",Other Machinery And Equipment Wholesaling N.E.C.,industrial,75,4,470,-33.88727,151.19932,Australia,Aaron Camilleri,National Sales Manager,sales@eastwesteng.com.au,synthetic_locations
Eastwesteng,eastwesteng,eastwesteng-02,Branch,Tasmania,"Branch office, Hobart, Tasmania, Australia",Other Machinery And Equipment Wholesaling N.E.C.,industrial,65,4,680,-42.90186,147.31287,Australia,,,,synthetic_locations
Eastwesteng,eastwesteng,eastwesteng-03,Branch,Western Australia,"Branch office, Perth, Western Australia, Australia",Other Machinery And Equipment Wholesaling N.E.C.,industrial,88,2,740,-31.97196,115.88665,Australia,,,,synthetic_locations
Mediapaediabroadcast,mediapaediabroadcast,mediapaediabroadcast-01,Head Office,Wales,"Head office, Cardiff, Wales, United Kingdom",Broadcast Media,commercial,63,5,200,51.50313,-3.15843,United Kingdom,Aaron Chamberlain,Broadcast And Tv Channel Management Expert Director Of Broadcast Services,aaron.chamberlain@mediapaediabroadcast.com,synthetic_locations
Mediapaediabroadcast,mediapaediabroadcast,mediapaediabroadcast-02,Branch,Scotland,"Branch office, Edinburgh, Scotland, United Kingdom",Broadcast Media,commercial,45,26,180,55.96721,-3.21485,United Kingdom,,,,synthetic_locations
Url,url,url-01,Head Office,Quebec,"Head office, Montreal, Quebec, Canada",Semiconductors,commercial,58,9,180,45.51801,-73.5492,Canada,Aaron Chen,Deputy Director,aaronchen@ms30.url.com.tw,synthetic_locations
Url,url,url-02,Branch,Alberta,"Branch office, Calgary, Alberta, Canada",Semiconductors,commercial,41,21,190,51.07413,-114.04915,Canada,,,,synthetic_locations
Url,url,url-03,Branch,Manitoba,"Branch office, Winnipeg, Manitoba, Canada",Semiconductors,residential,8,51,990,49.89401,-97.16382,Canada,,,,synthetic_locations
Url,url,url-04,Branch,British Columbia,"Branch office, Vancouver, British Columbia, Canada",Semiconductors,commercial,61,7,230,49.27018,-123.10176,Canada,,,,synthetic_locations
Pancakeparlour,pancakeparlour,pancakeparlour-01,Head Office,Tasmania,"Head office, Hobart, Tasmania, Australia",Cafes And Restaurants,commercial,45,6,370,-42.87797,147.34796,Australia,Aaron Chinn,Facility Manager,aaronc@pancakeparlour.com,synthetic_locations
Pancakeparlour,pancakeparlour,pancakeparlour-02,Branch,Queensland,"Branch office, Brisbane, Queensland, Australia",Cafes And Restaurants,commercial,82,22,340,-27.44554,153.02419,Australia,,,,synthetic_locations
Pancakeparlour,pancakeparlour,pancakeparlour-03,Branch,Victoria,"Branch office, Melbourne, Victoria, Australia",Cafes And Restaurants,commercial,84,10,290,-37.81847,144.95016,Australia,,,,synthetic_locations
Allenovery,allenovery,allenovery-01,Head Office,Western Australia,"Head office, Perth, Western Australia, Australia",Law Practice,commercial,73,30,230,-31.97665,115.84922,Australia,Aaron Chiong,"Senior Associate, Banking And Projects",aaron.chiong@allenovery.com,synthetic_locations
Allenovery,allenovery,allenovery-02,Branch,Australian Capital Territory,"Branch office, Canberra, Australian Capital Territory, Australia",Law Practice,commercial,51,29,120,-35.28043,149.11609,Australia,,,,synthetic_locations
Allenovery,allenovery,allenovery-03,Branch,Victoria,"Branch office, Melbourne, Victoria, Australia",Law Practice,commercial,42,26,170,-37.82127,144.9669,Australia,,,,synthetic_locations
Drakeintl,drakeintl,drakeintl-01,Head Office,Queensland,"Head office, Brisbane, Queensland, Australia",Employment Placement And Recruitment Services,commercial,74,28,180,-27.46832,153.03054,Australia,Aaron Claridge,Branch Manager Drs,aclaridge@na.drakeintl.com,synthetic_locations
Drakeintl,drakeintl,drakeintl-02,Branch,South Australia,"Branch office, Adelaide, South Australia, Australia",Employment Placement And Recruitment Services,commercial,47,7,170,-34.92728,138.61872,Australia,,,,synthetic_locations
Checkpoint,checkpoint,checkpoint-01,Head Office,Tasmania,"Head office, Hobart, Tasmania, Australia",Computer & Network Security,commercial,79,11,230,-42.8925,147.29831,Australia,Aaron Condon,Channel Development Manager,acondon@checkpoint.com,synthetic_locations
Checkpoint,checkpoint,checkpoint-02,Branch,Victoria,"Branch office, Melbourne, Victoria, Australia",Computer & Network Security,commercial,43,8,370,-37.83546,144.98055,Australia,,,,synthetic_locations
Checkpoint,checkpoint,checkpoint-03,Branch,Queensland,"Branch office, Brisbane, Queensland, Australia",Computer & Network Security,commercial,82,22,260,-27.48056,153.02121,Australia,,,,synthetic_locations
Interworks,interworks,interworks-01,Head Office,New York,"Head office, New York, New York, United States",Information Technology & Services,commercial,77,8,100,40.71588,-74.02747,United States,Aaron Confer,Director Of Sales,aaron.confer@interworks.com,synthetic_locations
Interworks,interworks,interworks-02,Branch,Arizona,"Branch office, Phoenix, Arizona, United States",Information Technology & Services,commercial,77,25,180,33.45288,-112.06775,United States,,,,synthetic_locations
Interworks,interworks,interworks-03,Branch,Georgia,"Branch office, Atlanta, Georgia, United States",Information Technology & Services,commercial,85,21,280,33.76848,-84.36648,United States,,,,synthetic_locations
Gwagroup,gwagroup,gwagroup-01,Head Office,Western Australia,"Head office, Perth, Western Australia, Australia",Building Materials,commercial,53,21,370,-31.97703,115.85511,Australia,Aaron Constantinou,Travel Manager,aconstantinou@gwagroup.com.au,synthetic_locations
Gwagroup,gwagroup,gwagroup-02,Branch,New South Wales,"Branch office, Sydney, New South Wales, Australia",Building Materials,commercial,51,15,130,-33.88978,151.1927,Australia,,,,synthetic_locations
Netmodular,netmodular,netmodular-01,Head Office,Australian Capital Territory,"Head office, Canberra, Australian Capital Territory, Australia",House Construction,industrial,68,4,580,-35.27032,149.1217,Australia,Aaron Cpa,Commercial Manager,info@netmodular.com.au,synthetic_locations
Netmodular,netmodular,netmodular-02,Branch,Western Australia,"Branch office, Perth, Western Australia, Australia",House Construction,industrial,68,2,490,-31.94804,115.8398,Australia,,,,synthetic_locations
Netmodular,netmodular,netmodular-03,Branch,New South Wales,"Branch office, Sydney, New South Wales, Australia",House Construction,industrial,89,4,640,-33.87482,151.23805,Australia,,,,synthetic_locations
Netmodular,netmodular,netmodular-04,Branch,Victoria,"Branch office, Melbourne, Victoria, Australia",House Construction,industrial,90,4,320,-37.79694,144.97374,Australia,,,,synthetic_locations
Dentonhomes,dentonhomes,dentonhomes-01,Head Office,Victoria,"Head office, Melbourne, Victoria, Australia",Other Residential Building Construction,industrial,63,5,520,-37.79655,144.9628,Australia,Aaron Davidson,Construction Manager,aarondavidson@dentonhomes.com.au,synthetic_locations
Dentonhomes,dentonhomes,dentonhomes-02,Branch,Queensland,"Branch office, Brisbane, Queensland, Australia",Other Residential Building Construction,industrial,84,5,520,-27.47877,153.04993,Australia,,,,synthetic_locations
Bc,bc,bc-01,Head Office,British Columbia,"Head office, Vancouver, British Columbia, Canada",Primary/Secondary Education,commercial,50,19,360,49.2814,-123.10207,Canada,Aaron Davis,Director Of Instruction - School Services,adavis@vsb.bc.ca,synthetic_locations
Bc,bc,bc-02,Branch,Nova Scotia,"Branch office, Halifax, Nova Scotia, Canada",Primary/Secondary Education,commercial,58,20,170,44.62108,-63.56304,Canada,,,,synthetic_locations
Bc,bc,bc-03,Branch,Ontario,"Branch office, Toronto, Ontario, Canada",Primary/Secondary Education,commercial,61,23,310,43.65959,-79.38363,Canada,,,,synthetic_locations
Sifp,sifp,sifp-01,Head Office,Western Australia,"Head office, Perth, Western Australia, Australia",Financial Asset Investing,commercial,53,13,330,-31.95997,115.85141,Australia,Aaron Day,Practice Manager,aaron.day@sifp.com.au,synthetic_locations
Sifp,sifp,sifp-02,Branch,Tasmania,"Branch office, Hobart, Tasmania, Australia",Financial Asset Investing,commercial,59,24,300,-42.87157,147.32881,Australia,,,,synthetic_locations
Helloworld,helloworld,helloworld-01,Head Office,New South Wales,"Head office, Sydney, New South Wales, Australia","Leisure, Travel & Tourism",residential,6,34,550,-33.85093,151.18762,Australia,Aaron Eades,Graphic Designer,aaron.eades@helloworld.com.au,synthetic_locations
Helloworld,helloworld,helloworld-02,Branch,Victoria,"Branch office, Melbourne, Victoria, Australia","Leisure, Travel & Tourism",commercial,58,9,100,-37.79373,144.97181,Australia,,,,synthetic_locations
Rbstar,rbstar,rbstar-01,Head Office,Scotland,"Head office, Edinburgh, Scotland, United Kingdom",Wholesale,commercial,85,10,190,55.94282,-3.1997,United Kingdom,Aaron Felton,Human Resources And Payroll,aaron.felton@rbstar.co.uk,synthetic_locations
Rbstar,rbstar,rbstar-02,Branch,Wales,"Branch office, Cardiff, Wales, United Kingdom",Wholesale,commercial,54,21,260,51.47577,-3.15741,United Kingdom,,,,synthetic_locations
Rbstar,rbstar,rbstar-03,Branch,Northern Ireland,"Branch office, Belfast, Northern Ireland, United Kingdom",Wholesale,commercial,72,8,340,54.57745,-5.92882,United Kingdom,,,,synthetic_locations
Aurizon,aurizon,aurizon-01,Head Office,Western Australia,"Head office, Perth, Western Australia, Australia",Transportation/Trucking/Railroad,industrial,85,2,350,-31.96043,115.86313,Australia,Aaron Fielder,Operator,aaron.fielder@aurizon.com.au,synthetic_locations
Aurizon,aurizon,aurizon-02,Branch,Australian Capital Territory,"Branch office, Canberra, Australian Capital Territory, Australia",Transportation/Trucking/Railroad,industrial,78,6,410,-35.28597,149.11836,Australia,,,,synthetic_locations
Aurizon,aurizon,aurizon-03,Branch,Queensland,"Branch office, Brisbane, Queensland, Australia",Transportation/Trucking/Railroad,industrial,59,1,470,-27.4892,153.04331,Australia,,,,synthetic_locations
Aurizon,aurizon,aurizon-04,Branch,Tasmania,"Branch office, Hobart, Tasmania, Australia",Transportation/Trucking/Railroad,industrial,71,1,650,-42.85998,147.31623,Australia,,,,synthetic_locations
Bunnings,bunnings,bunnings-01,Head Office,Queensland,"Head office, Brisbane, Queensland, Australia",Other Manufacturing N.E.C.,industrial,77,3,340,-27.49418,153.02462,Australia,Aaron Fischer,Human Resources Administrator - Nsw/Act,afischer@bunnings.com.au,synthetic_locations
Bunnings,bunnings,bunnings-02,Branch,New South Wales,"Branch office, Sydney, New South Wales, Australia",Other Manufacturing N.E.C.,industrial,72,3,800,-33.84433,151.21872,Australia,,,,synthetic_locations
Baumgartner,baumgartner,baumgartner-01,Head Office,Victoria,"Head office, Melbourne, Victoria, Australia",Accounting Services,commercial,52,21,130,-37.79944,144.98765,Australia,Aaron Fitchett,Tax Partner,af@baumgartner.com.au,synthetic_locations
Baumgartner,baumgartner,baumgartner-02,Branch,Western Australia,"Branch office, Perth, Western Australia, Australia",Accounting Services,commercial,58,8,240,-31.9532,115.85726,Australia,,,,synthetic_locations
Baumgartner,baumgartner,baumgartner-03,Branch,Australian Capital Territory,"Branch office, Canberra, Australian Capital Territory, Australia",Accounting Services,commercial,60,6,390,-35.26471,149.14791,Australia,,,,synthetic_locations
Baumgartner,baumgartner,baumgartner-04,Branch,Queensland,"Branch office, Brisbane, Queensland, Australia",Accounting Services,commercial,43,28,250,-27.48947,153.04799,Australia,,,,synthetic_locations
Freshfreight,freshfreight,freshfreight-01,Head Office,Western Australia,"Head office, Perth, Western Australia, Australia",Other Transport N.E.C.,industrial,67,4,360,-31.92721,115.88653,Australia,Aaron Fitzmaurice,Devonport Manager,afitzmaurice@freshfreight.com.au,synthetic_locations
Freshfreight,freshfreight,freshfreight-02,Branch,Tasmania,"Branch office, Hobart, Tasmania, Australia",Other Transport N.E.C.,industrial,62,1,660,-42.89777,147.3179,Australia,,,,synthetic_locations
Freshfreight,freshfreight,freshfreight-03,Branch,South Australia,"Branch office, Adelaide, South Australia, Australia",Other Transport N.E.C.,industrial,61,1,770,-34.90455,138.59539,Australia,,,,synthetic_locations
Freshfreight,freshfreight,freshfreight-04,Branch,New South Wales,"Branch office, Sydney, New South Wales, Australia",Other Transport N.E.C.,industrial,72,4,780,-33.87036,151.23101,Australia,,,,synthetic_locations
Livingdesign,livingdesign,livingdesign-01,Head Office,Tasmania,"Head office, Hobart, Tasmania, Australia",Other Specialised Food Retailing,commercial,78,21,250,-42.87614,147.31494,Australia,Aaron Golledge,Fyi Inspections,aaron@livingdesign.com.au,synthetic_locations
Livingdesign,livingdesign,livingdesign-02,Branch,New South Wales,"Branch office, Sydney, New South Wales, Australia",Other Specialised Food Retailing,commercial,70,29,190,-33.88167,151.19175,Australia,,,,synthetic_locations
Livingdesign,livingdesign,livingdesign-03,Branch,Western Australia,"Branch office, Perth, Western Australia, Australia",Other Specialised Food Retailing,commercial,76,16,280,-31.95685,115.85309,Australia,,,,synthetic_locations
Livingdesign,livingdesign,livingdesign-04,Branch,South Australia,"Branch office, Adelaide, South Australia, Australia",Other Specialised Food Retailing,commercial,44,6,370,-34.9003,138.61092,Australia,,,,synthetic_locations
Obrienglass,obrienglass,obrienglass-01,Head Office,South Australia,"Head office, Adelaide, South Australia, Australia","Glass, Ceramics & Concrete",commercial,67,15,310,-34.93906,138.58829,Australia,Aaron Goth,Materials And Services Buyer,aaron_goth@obrienglass.com.au,synthetic_locations
Obrienglass,obrienglass,obrienglass-02,Branch,Tasmania,"Branch office, Hobart, Tasmania, Australia","Glass, Ceramics & Concrete",commercial,79,23,220,-42.89702,147.30454,Australia,,,,synthetic_locations
Obrienglass,obrienglass,obrienglass-03,Branch,Australian Capital Territory,"Branch office, Canberra, Australian Capital Territory, Australia","Glass, Ceramics & Concrete",commercial,66,12,290,-35.26236,149.13138,Australia,,,,synthetic_locations
Chrobinson,chrobinson,chrobinson-01,Head Office,California,"Head office, Los Angeles, California, United States",Logistics & Supply Chain,industrial,62,4,700,34.0636,-118.26672,United States,Aaron Grossman,"Director, Strategic Sales",aaron.grossman@chrobinson.com,synthetic_locations
Chrobinson,chrobinson,chrobinson-02,Branch,Texas,"Branch office, Houston, Texas, United States",Logistics & Supply Chain,industrial,60,6,310,29.7478,-95.35593,United States,Abate Gaylene,Ocean Exp Manager,gaylene.abate@chrobinson.com,synthetic_locations
Hartmarine,hartmarine,hartmarine-01,Head Office,Tasmania,"Head office, Hobart, Tasmania, Australia",Boatbuilding And Repair Services,commercial,49,16,270,-42.9039,147.31389,Australia,Aaron Haigh,Special Projects Manager,aaron@hartmarine.com.au,synthetic_locations
Hartmarine,hartmarine,hartmarine-02,Branch,Victoria,"Branch office, Melbourne, Victoria, Australia",Boatbuilding And Repair Services,commercial,85,12,390,-37.83967,144.9476,Australia,,,,synthetic_locations
Hartmarine,hartmarine,hartmarine-03,Branch,New South Wales,"Branch office, Sydney, New South Wales, Australia",Boatbuilding And Repair Services,commercial,46,23,150,-33.86329,151.22859,Australia,,,,synthetic_locations
Hartmarine,hartmarine,hartmarine-04,Branch,South Australia,"Branch office, Adelaide, South Australia, Australia",Boatbuilding And Repair Services,commercial,69,16,390,-34.90602,138.61671,Australia,,,,synthetic_locations
Standguide,standguide,standguide-01,Head Office,Wales,"Head office, Cardiff, Wales, United Kingdom",Professional Training & Coaching,commercial,83,22,280,51.4566,-3.18157,United Kingdom,Aaron Hamilton-Williams,Strategic Development Manager,a.hamiltonwilliams@standguide.co.uk,synthetic_locations
Standguide,standguide,standguide-02,Branch,England,"Branch office, London, England, United Kingdom",Professional Training & Coaching,commercial,46,13,200,51.52168,-0.14576,United Kingdom,,,,synthetic_locations
Standguide,standguide,standguide-03,Branch,Northern Ireland,"Branch office, Belfast, Northern Ireland, United Kingdom",Professional Training & Coaching,commercial,60,25,290,54.59581,-5.93366,United Kingdom,,,,synthetic_locations
Standguide,standguide,standguide-04,Branch,Scotland,"Branch office, Edinburgh, Scotland, United Kingdom",Professional Training & Coaching,commercial,55,16,340,55.96412,-3.19198,United Kingdom,,,,synthetic_locations
Lakesideplumbing,lakesideplumbing,lakesideplumbing-01,Head Office,Tasmania,"Head office, Hobart, Tasmania, Australia",Plumbing Services,commercial,45,21,240,-42.89378,147.31864,Australia,Aaron Harrison-Stewart,"Manager, Operations",aaron@lakesideplumbing.com.au,synthetic_locations
Lakesideplumbing,lakesideplumbing,lakesideplumbing-02,Branch,Australian Capital Territory,"Branch office, Canberra, Australian Capital Territory, Australia",Plumbing Services,commercial,77,14,120,-35.25791,149.10954,Australia,,,,synthetic_locations
Lakesideplumbing,lakesideplumbing,lakesideplumbing-03,Branch,Western Australia,"Branch office, Perth, Western Australia, Australia",Plumbing Services,commercial,69,11,290,-31.9767,115.84086,Australia,,,,synthetic_locations
Lakesideplumbing,lakesideplumbing,lakesideplumbing-04,Branch,South Australia,"Branch office, Adelaide, South Australia, Australia",Plumbing Services,commercial,63,10,140,-34.90856,138.59105,Australia,,,,synthetic_locations
Tech360,tech360,tech360-01,Head Office,Australian Capital Territory,"Head office, Canberra, Australian Capital Territory, Australia",Computer System Design And Related Services,commercial,63,20,200,-35.30599,149.10701,Australia,Aaron Holden,Manager - Information Technology Services,aaron@tech360.com.au,synthetic_locations
Tech360,tech360,tech360-02,Branch,Victoria,"Branch office, Melbourne, Victoria, Australia",Computer System Design And Related Services,commercial,78,17,390,-37.78888,144.93725,Australia,,,,synthetic_locations
Tech360,tech360,tech360-03,Branch,Tasmania,"Branch office, Hobart, Tasmania, Australia",Computer System Design And Related Services,commercial,62,10,300,-42.89835,147.33539,Australia,,,,synthetic_locations
Boselec,boselec,boselec-01,Head Office,Texas,"Head office, Houston, Texas, United States",Education,commercial,56,20,110,29.778,-95.35533,United States,Aaron Holly,"Manager, Molecular Imaging Center",fsp@boselec.com,synthetic_locations
Boselec,boselec,boselec-02,Branch,New York,"Branch office, New York, New York, United States",Education,commercial,40,29,210,40.68647,-73.98744,United States,,,,synthetic_locations
Boselec,boselec,boselec-03,Branch,California,"Branch office, Los Angeles, California, United States",Education,commercial,41,14,360,34.0735,-118.21776,United States,,,,synthetic_locations
Boselec,boselec,boselec-04,Branch,Illinois,"Branch office, Chicago, Illinois, United States",Education,commercial,77,19,280,41.90798,-87.63896,United States,,,,synthetic_locations
Multicap,multicap,multicap-01,Head Office,Western Australia,"Head office, Perth, Western Australia, Australia",Other Allied Health Services,commercial,80,22,270,-31.96058,115.88026,Australia,Aaron Horton,Systems Officer,info@multicap.org.au,synthetic_locations
Multicap,multicap,multicap-02,Branch,Australian Capital Territory,"Branch office, Canberra, Australian Capital Territory, Australia",Other Allied Health Services,commercial,52,15,180,-35.30684,149.14557,Australia,,,,synthetic_locations
Multicap,multicap,multicap-03,Branch,New South Wales,"Branch office, Sydney, New South Wales, Australia",Other Allied Health Services,commercial,49,26,350,-33.88993,151.19478,Australia,,,,synthetic_locations
Pearlproducersaustralia,pearlproducersaustralia,pearlproducersaustralia-01,Head Office,South Australia,"Head office, Adelaide, South Australia, Australia",Other Administrative Services N.E.C.,commercial,83,25,190,-34.89964,138.59708,Australia,Aaron Irving,Executive Officer,aaron@pearlproducersaustralia.com,synthetic_locations
Pearlproducersaustralia,pearlproducersaustralia,pearlproducersaustralia-02,Branch,Tasmania,"Branch office, Hobart, Tasmania, Australia",Other Administrative Services N.E.C.,commercial,73,15,230,-42.88404,147.31645,Australia,,,,synthetic_locations
Pearlproducersaustralia,pearlproducersaustralia,pearlproducersaustralia-03,Branch,Australian Capital Territory,"Branch office, Canberra, Australian Capital Territory, Australia",Other Administrative Services N.E.C.,commercial,40,8,370,-35.28357,149.11183,Australia,,,,synthetic_locations
Pearlproducersaustralia,pearlproducersaustralia,pearlproducersaustralia-04,Branch,Queensland,"Branch office, Brisbane, Queensland, Australia",Other Administrative Services N.E.C.,commercial,73,9,350,-27.4468,153.00282,Australia,,,,synthetic_locations
Mh,mh,mh-01,Head Office,South Australia,"Head office, Adelaide, South Australia, Australia",Other Health Care Services N.E.C.,commercial,50,15,250,-34.93813,138.59551,Australia,Aaron J. Wong,Medical Doctor,aaron.wong@mh.org.au,synthetic_locations
Mh,mh,mh-02,Branch,Western Australia,"Branch office, Perth, Western Australia, Australia",Other Health Care Services N.E.C.,commercial,61,9,140,-31.92273,115.88356,Australia,,,,synthetic_locations
Mh,mh,mh-03,Branch,Victoria,"Branch office, Melbourne, Victoria, Australia",Other Health Care Services N.E.C.,commercial,61,16,370,-37.83274,144.94817,Australia,,,,synthetic_locations
A3Creative Solutions,a3creative-solutions,a3creative-solutions-01,Head Office,Ontario,"Head office, Toronto, Ontario, Canada",Graphic Design,commercial,72,19,340,43.65304,-79.38847,Canada,Aaron Macdonald,"Owner, A3 Creative Solutions",aaron@a3creative-solutions.com,synthetic_locations
A3Creative Solutions,a3creative-solutions,a3creative-solutions-02,Branch,British Columbia,"Branch office, Vancouver, British Columbia, Canada",Graphic Design,commercial,61,30,160,49.31143,-123.12126,Canada,,,,synthetic_locations
A3Creative Solutions,a3creative-solutions,a3creative-solutions-03,Branch,Manitoba,"Branch office, Winnipeg, Manitoba, Canada",Graphic Design,commercial,52,5,260,49.88596,-97.16362,Canada,,,,synthetic_locations
Elders,elders,elders-01,Head Office,South Australia,"Head office, Adelaide, South Australia, Australia",Farming,commercial,46,23,210,-34.91084,138.60248,Australia,Aaron Mccole,Tsm,amccole@elders.com.au,synthetic_locations
Elders,elders,elders-02,Branch,Victoria,"Branch office, Melbourne, Victoria, Australia",Farming,commercial,41,18,250,-37.80026,144.94225,Australia,,,,synthetic_locations
Elders,elders,elders-03,Branch,Australian Capital Territory,"Branch office, Canberra, Australian Capital Territory, Australia",Farming,commercial,42,29,360,-35.26023,149.10428,Australia,,,,synthetic_locations
Forcefire,forcefire,forcefire-01,Head Office,Queensland,"Head office, Brisbane, Queensland, Australia",Fire Protection And Other Emergency Services,residential,11,32,710,-27.47747,153.03444,Australia,Aaron Mugica,"Manager, Major Projects",aaronm@forcefire.com.au,synthetic_locations
Forcefire,forcefire,forcefire-02,Branch,Australian Capital Territory,"Branch office, Canberra, Australian Capital Territory, Australia",Fire Protection And Other Emergency Services,commercial,77,11,170,-35.2734,149.15733,Australia,,,,synthetic_locations
Forcefire,forcefire,forcefire-03,Branch,South Australia,"Branch office, Adelaide, South Australia, Australia",Fire Protection And Other Emergency Services,commercial,76,15,140,-34.92613,138.597,Australia,,,,synthetic_locations
Greenfly,greenfly,greenfly-01,Head Office,Karnataka,"Head office, Bengaluru, Karnataka, India",Media Production,commercial,72,28,240,12.95078,77.59625,India,Aaron Padoshek,"Senior Software Development Engineer At Greenfly, Inc",apadoshek@greenfly.com,synthetic_locations
Greenfly,greenfly,greenfly-02,Branch,Telangana,"Branch office, Hyderabad, Telangana, India",Media Production,commercial,65,18,210,17.40772,78.48301,India,,,,synthetic_locations
Greenfly,greenfly,greenfly-03,Branch,Tamil Nadu,"Branch office, Chennai, Tamil Nadu, India",Media Production,commercial,55,19,260,13.08049,80.29968,India,,,,synthetic_locations
Turcoassociates,turcoassociates,turcoassociates-01,Head Office,South Australia,"Head office, Adelaide, South Australia, Australia",Architectural Services,commercial,81,23,200,-34.91008,138.57323,Australia,Aaron Paris,Graduate Architect,a.paris@turcoassociates.com.au,synthetic_locations
Turcoassociates,turcoassociates,turcoassociates-02,Branch,Australian Capital Territory,"Branch office, Canberra, Australian Capital Territory, Australia",Architectural Services,commercial,60,9,110,-35.27419,149.12496,Australia,,,,synthetic_locations
Turcoassociates,turcoassociates,turcoassociates-03,Branch,Tasmania,"Branch office, Hobart, Tasmania, Australia",Architectural Services,commercial,70,16,400,-42.89721,147.34464,Australia,,,,synthetic_locations
Winarchcapital,winarchcapital,winarchcapital-01,Head Office,South Australia,"Head office, Adelaide, South Australia, Australia",Real Estate Services,commercial,73,7,210,-34.95228,138.59297,Australia,Aaron Paull,Sales & Marketing Manager,aaron@winarchcapital.com.au,synthetic_locations
Winarchcapital,winarchcapital,winarchcapital-02,Branch,Western Australia,"Branch office, Perth, Western Australia, Australia",Real Estate Services,commercial,61,7,160,-31.97428,115.87055,Australia,,,,synthetic_locations
Winarchcapital,winarchcapital,winarchcapital-03,Branch,Queensland,"Branch office, Brisbane, Queensland, Australia",Real Estate Services,commercial,52,25,120,-27.44524,153.00156,Australia,,,,synthetic_locations
Winarchcapital,winarchcapital,winarchcapital-04,Branch,Australian Capital Territory,"Branch office, Canberra, Australian Capital Territory, Australia",Real Estate Services,commercial,52,15,180,-35.29322,149.15826,Australia,,,,synthetic_locations
Amgen,amgen,amgen-01,Head Office,Quebec,"Head office, Montreal, Quebec, Canada",Biotechnology,commercial,42,25,260,45.50278,-73.57556,Canada,Aaron Postma,"Patient Access Senior Associate, Va And P",apostma@amgen.com,synthetic_locations
Amgen,amgen,amgen-02,Branch,Nova Scotia,"Branch office, Halifax, Nova Scotia, Canada",Biotechnology,commercial,76,25,180,44.61921,-63.56524,Canada,,,,synthetic_locations
Amgen,amgen,amgen-03,Branch,Manitoba,"Branch office, Winnipeg, Manitoba, Canada",Biotechnology,commercial,45,16,240,49.91621,-97.11859,Canada,,,,synthetic_locations
Eastcoastrubber,eastcoastrubber,eastcoastrubber-01,Head Office,Queensland,"Head office, Brisbane, Queensland, Australia",Accommodation,commercial,64,29,330,-27.45749,152.99693,Australia,Aaron Seipel,Business Development Consultant,aaron@eastcoastrubber.com.au,synthetic_locations
Eastcoastrubber,eastcoastrubber,eastcoastrubber-02,Branch,New South Wales,"Branch office, Sydney, New South Wales, Australia",Accommodation,commercial,80,5,120,-33.87406,151.21113,Australia,,,,synthetic_locations
Armadalecellars,armadalecellars,armadalecellars-01,Head Office,South Australia,"Head office, Adelaide, South Australia, Australia",Wine And Spirits,commercial,80,27,250,-34.93818,138.60335,Australia,Aaron Skovell,Wine Consultant,aaron@armadalecellars.com.au,synthetic_locations
Armadalecellars,armadalecellars,armadalecellars-02,Branch,Western Australia,"Branch office, Perth, Western Australia, Australia",Wine And Spirits,commercial,79,23,140,-31.96574,115.85896,Australia,,,,synthetic_locations
Armadalecellars,armadalecellars,armadalecellars-03,Branch,Tasmania,"Branch office, Hobart, Tasmania, Australia",Wine And Spirits,commercial,73,17,390,-42.86202,147.32261,Australia,,,,synthetic_locations
Armadalecellars,armadalecellars,armadalecellars-04,Branch,Victoria,"Branch office, Melbourne, Victoria, Australia",Wine And Spirits,commercial,53,22,310,-37.81266,144.96828,Australia,,,,synthetic_locations
Matthews,matthews,matthews-01,Head Office,Victoria,"Head office, Melbourne, Victoria, Australia",Fuel Retailing,commercial,62,20,320,-37.83724,144.93516,Australia,Aaron Smith,Administration & It Officer,info@matthews.net.au,synthetic_locations
Matthews,matthews,matthews-02,Branch,Australian Capital Territory,"Branch office, Canberra, Australian Capital Territory, Australia",Fuel Retailing,commercial,83,26,390,-35.2658,149.10653,Australia,,,,synthetic_locations
Matthews,matthews,matthews-03,Branch,Western Australia,"Branch office, Perth, Western Australia, Australia",Fuel Retailing,commercial,82,17,220,-31.96287,115.84169,Australia,,,,synthetic_locations
Unlisted company (Aaron Souder),aaronmn@msn.com,aaronmn@msn.com-01,Head Office,Victoria,"Head office, Melbourne, Victoria, Australia",Package/Freight Delivery,residential,3,32,600,-37.79741,144.97654,Australia,Aaron Souder,Courier,aaronmn@msn.com,synthetic_locations
Unlisted company (Aaron Souder),aaronmn@msn.com,aaronmn@msn.com-02,Branch,Western Australia,"Branch office, Perth, Western Australia, Australia",Package/Freight Delivery,commercial,68,22,110,-31.93876,115.88959,Australia,,,,synthetic_locations
Unlisted company (Aaron Souder),aaronmn@msn.com,aaronmn@msn.com-03,Branch,Tasmania,"Branch office, Hobart, Tasmania, Australia",Package/Freight Delivery,commercial,41,10,220,-42.8831,147.3242,Australia,,,,synthetic_locations
Unlisted company (Aaron Souder),aaronmn@msn.com,aaronmn@msn.com-04,Branch,New South Wales,"Branch office, Sydney, New South Wales, Australia",Package/Freight Delivery,commercial,79,22,370,-33.85584,151.2061,Australia,,,,synthetic_locations
Jti,jti,jti-01,Head Office,Manitoba,"Head office, Winnipeg, Manitoba, Canada",Tobacco,commercial,45,17,160,49.88853,-97.1278,Canada,Aaron Sussex,"Director, Field Operations, Western Region",aaron.sussex@jti.com,synthetic_locations
Jti,jti,jti-02,Branch,Alberta,"Branch office, Calgary, Alberta, Canada",Tobacco,commercial,48,8,300,51.06942,-114.04565,Canada,,,,synthetic_locations
Phs,phs,phs-01,Head Office,Scotland,"Head office, Edinburgh, Scotland, United Kingdom",Military,commercial,80,11,390,55.97623,-3.21364,United Kingdom,Aaron Swinford,Field Sales Account Manager,aaronswinford@phs.co.uk,synthetic_locations
Phs,phs,phs-02,Branch,Northern Ireland,"Branch office, Belfast, Northern Ireland, United Kingdom",Military,commercial,70,20,240,54.62262,-5.94149,United Kingdom,,,,synthetic_locations
Phs,phs,phs-03,Branch,Wales,"Branch office, Cardiff, Wales, United Kingdom",Military,commercial,52,14,250,51.45669,-3.14987,United Kingdom,,,,synthetic_locations
Phs,phs,phs-04,Branch,England,"Branch office, London, England, United Kingdom",Military,commercial,78,16,390,51.51543,-0.11271,United Kingdom,,,,synthetic_locations
Halleyvp,halleyvp,halleyvp-01,Head Office,Texas,"Head office, Houston, Texas, United States","Cannabis,Medical Device",commercial,41,25,120,29.78976,-95.37478,United States,Aaron Taffet,Investor,aaron@halleyvp.com,synthetic_locations
Halleyvp,halleyvp,halleyvp-02,Branch,Washington,"Branch office, Seattle, Washington, United States","Cannabis,Medical Device",commercial,84,24,340,47.61724,-122.33663,United States,,,,synthetic_locations
Alliance,alliance,alliance-01,Head Office,Queensland,"Head office, Brisbane, Queensland, Australia",E-Learning,commercial,46,28,340,-27.49084,153.04007,Australia,Aaron Takizad,"National Coordinator, Digital Organising And Innovation",aaron.takizad@alliance.org.au,synthetic_locations
Alliance,alliance,alliance-02,Branch,Tasmania,"Branch office, Hobart, Tasmania, Australia",E-Learning,commercial,56,12,350,-42.90745,147.30692,Australia,,,,synthetic_locations
Catchybeauty,catchybeauty,catchybeauty-01,Head Office,Ontario,"Head office, Toronto, Ontario, Canada",Program Development,commercial,74,19,170,43.66524,-79.39205,Canada,Aaron Vo,Digital Marketing Manager,aaron@catchybeauty.com,synthetic_locations
Catchybeauty,catchybeauty,catchybeauty-02,Branch,Nova Scotia,"Branch office, Halifax, Nova Scotia, Canada",Program Development,commercial,75,24,210,44.64161,-63.57184,Canada,,,,synthetic_locations
Catchybeauty,catchybeauty,catchybeauty-03,Branch,Manitoba,"Branch office, Winnipeg, Manitoba, Canada",Program Development,commercial,79,25,370,49.87242,-97.13962,Canada,,,,synthetic_locations
Catchybeauty,catchybeauty,catchybeauty-04,Branch,Alberta,"Branch office, Calgary, Alberta, Canada",Program Development,commercial,76,18,170,51.04916,-114.06924,Canada,,,,synthetic_locations
Justcuts,justcuts,justcuts-01,Head Office,Victoria,"Head office, Melbourne, Victoria, Australia",Consumer Services,commercial,75,24,310,-37.84254,144.96062,Australia,Aaron Ward,National Contracts And Delivery Manager,aaron@justcuts.com,synthetic_locations
Justcuts,justcuts,justcuts-02,Branch,South Australia,"Branch office, Adelaide, South Australia, Australia",Consumer Services,commercial,58,10,250,-34.93298,138.58393,Australia,,,,synthetic_locations
Rockinghamnissan,rockinghamnissan,rockinghamnissan-01,Head Office,Australian Capital Territory,"Head office, Canberra, Australian Capital Territory, Australia",Car Retailing,commercial,41,10,150,-35.26832,149.10934,Australia,Aaron Wareham,Parts Manager,aaronw@rockinghamnissan.com.au,synthetic_locations
Rockinghamnissan,rockinghamnissan,rockinghamnissan-02,Branch,Victoria,"Branch office, Melbourne, Victoria, Australia",Car Retailing,commercial,61,16,290,-37.84213,144.97337,Australia,,,,synthetic_locations
Weyerhaeuser,weyerhaeuser,weyerhaeuser-01,Head Office,New York,"Head office, New York, New York, United States",Paper & Forest Products,commercial,82,28,310,40.68913,-74.00597,United States,Aaron Welch,"Director Of Raw Material Procurement And Sales, Wood Products",aaron.welch@weyerhaeuser.com,synthetic_locations
Weyerhaeuser,weyerhaeuser,weyerhaeuser-02,Branch,Massachusetts,"Branch office, Boston, Massachusetts, United States",Paper & Forest Products,commercial,46,26,320,42.36384,-71.0499,United States,,,,synthetic_locations
Weyerhaeuser,weyerhaeuser,weyerhaeuser-03,Branch,Florida,"Branch office, Miami, Florida, United States",Paper & Forest Products,commercial,48,20,130,25.73955,-80.19046,United States,,,,synthetic_locations
Weyerhaeuser,weyerhaeuser,weyerhaeuser-04,Branch,Texas,"Branch office, Houston, Texas, United States",Paper & Forest Products,commercial,61,12,220,29.78144,-95.34577,United States,,,,synthetic_locations
Coresite,coresite,coresite-01,Head Office,Washington,"Head office, Seattle, Washington, United States",Custom Software & Technical Consulting,commercial,58,10,160,47.59093,-122.3398,United States,Aarset Conor,Facilities Manager,conor.aarset@coresite.com,synthetic_locations
Coresite,coresite,coresite-02,Branch,New York,"Branch office, New York, New York, United States",Custom Software & Technical Consulting,commercial,64,19,340,40.69535,-74.03257,United States,,,,synthetic_locations
Damen,damen,damen-01,Head Office,New York,"Head office, New York, New York, United States",Shipbuilding,commercial,66,30,370,40.68856,-73.99602,United States,Aart Rupert,Chief Information Officer (Cio),aart.rupert@damen.com,synthetic_locations
Damen,damen,damen-02,Branch,Arizona,"Branch office, Phoenix, Arizona, United States",Shipbuilding,commercial,71,8,130,33.47452,-112.07532,United States,,,,synthetic_locations
Damen,damen,damen-03,Branch,California,"Branch office, Los Angeles, California, United States",Shipbuilding,commercial,78,30,180,34.06984,-118.21858,United States,,,,synthetic_locations
Damen,damen,damen-04,Branch,Illinois,"Branch office, Chicago, Illinois, United States",Shipbuilding,commercial,71,15,330,41.85537,-87.65291,United States,,,,synthetic_locations
Livongo,livongo,livongo-01,Head Office,Illinois,"Head office, Chicago, Illinois, United States","Health, Wellness & Fitness",commercial,75,22,240,41.85028,-87.65033,United States,Aaryn Pure,Regional Vice President Of Sales,apure@livongo.com,synthetic_locations
Livongo,livongo,livongo-02,Branch,Arizona,"Branch office, Phoenix, Arizona, United States","Health, Wellness & Fitness",commercial,75,6,240,33.41996,-112.0573,United States,,,,synthetic_locations
Allfect,allfect,allfect-01,Head Office,South Australia,"Head office, Adelaide, South Australia, Australia",Advertising Services,commercial,79,24,210,-34.9523,138.60089,Australia,Aashna Sachdeva,Administrative Accounting Assistant,aashna@allfect.com.au,synthetic_locations
Allfect,allfect,allfect-02,Branch,New South Wales,"Branch office, Sydney, New South Wales, Australia",Advertising Services,commercial,40,17,130,-33.85317,151.1929,Australia,,,,synthetic_locations
Allfect,allfect,allfect-03,Branch,Australian Capital Territory,"Branch office, Canberra, Australian Capital Territory, Australia",Advertising Services,commercial,80,26,400,-35.28017,149.15364,Australia,,,,synthetic_locations
Police,police,police-01,Head Office,England,"Head office, London, England, United Kingdom",Law Enforcement,commercial,75,20,300,51.47897,-0.14153,United Kingdom,Aasif Manjra,Senior Car Pound Manager,aasif.manjra@met.police.uk,synthetic_locations
Police,police,police-02,Branch,Wales,"Branch office, Cardiff, Wales, United Kingdom",Law Enforcement,commercial,42,24,280,51.48367,-3.16328,United Kingdom,,,,synthetic_locations
Police,police,police-03,Branch,Northern Ireland,"Branch office, Belfast, Northern Ireland, United Kingdom",Law Enforcement,commercial,42,23,280,54.57599,-5.9375,United Kingdom,,,,synthetic_locations
Police,police,police-04,Branch,Scotland,"Branch office, Edinburgh, Scotland, United Kingdom",Law Enforcement,commercial,62,29,280,55.96462,-3.21121,United Kingdom,,,,synthetic_locations
Fedcourt,fedcourt,fedcourt-01,Head Office,Western Australia,"Head office, Perth, Western Australia, Australia",Judiciary,residential,11,51,860,-31.92686,115.84936,Australia,Aastha Hora,Court Officer,aastha.hora@fedcourt.gov.au,synthetic_locations
Fedcourt,fedcourt,fedcourt-02,Branch,New South Wales,"Branch office, Sydney, New South Wales, Australia",Judiciary,commercial,81,29,380,-33.86838,151.19129,Australia,,,,synthetic_locations
Fedcourt,fedcourt,fedcourt-03,Branch,Tasmania,"Branch office, Hobart, Tasmania, Australia",Judiciary,commercial,57,25,320,-42.89917,147.30729,Australia,,,,synthetic_locations
Fedcourt,fedcourt,fedcourt-04,Branch,Queensland,"Branch office, Brisbane, Queensland, Australia",Judiciary,residential,3,39,960,-27.45596,153.01579,Australia,,,,synthetic_locations
Bananarepublic,bananarepublic,bananarepublic-01,Head Office,Ontario,"Head office, Toronto, Ontario, Canada",Wireless,residential,7,51,980,43.63221,-79.36103,Canada,Aawez Bhatti,Independent Business Owner,aawez_bhatti@bananarepublic.com,synthetic_locations
Bananarepublic,bananarepublic,bananarepublic-02,Branch,Quebec,"Branch office, Montreal, Quebec, Canada",Wireless,commercial,43,23,360,45.53067,-73.58033,Canada,,,,synthetic_locations
Pepsico,pepsico,pepsico-01,Head Office,Arizona,"Head office, Phoenix, Arizona, United States","Food, Beverages & Tobacco",commercial,74,13,250,33.44703,-112.05853,United States,Abarca Jose,National Account Manager,jose.abarca@pepsico.com,synthetic_locations
Pepsico,pepsico,pepsico-02,Branch,Massachusetts,"Branch office, Boston, Massachusetts, United States","Food, Beverages & Tobacco",commercial,65,15,250,42.38689,-71.08284,United States,,,,synthetic_locations
Pepsico,pepsico,pepsico-03,Branch,California,"Branch office, Los Angeles, California, United States","Food, Beverages & Tobacco",commercial,79,18,140,34.04932,-118.26667,United States,,,,synthetic_locations
Pepsico,pepsico,pepsico-04,Branch,Washington,"Branch office, Seattle, Washington, United States","Food, Beverages & Tobacco",commercial,64,14,400,47.5898,-122.36093,United States,,,,synthetic_locations
Delhaize,delhaize,delhaize-01,Head Office,Florida,"Head office, Miami, Florida, United States",Unknown,residential,8,31,830,25.7642,-80.19305,United States,Abate Joanne,"Diretor, Health And Wellness Strategy",joanne.abate@delhaize.com,synthetic_locations
Delhaize,delhaize,delhaize-02,Branch,California,"Branch office, Los Angeles, California, United States",Unknown,commercial,72,15,260,34.06017,-118.26632,United States,,,,synthetic_locations
Delhaize,delhaize,delhaize-03,Branch,Illinois,"Branch office, Chicago, Illinois, United States",Unknown,residential,6,38,600,41.871,-87.61296,United States,,,,synthetic_locations
Delhaize,delhaize,delhaize-04,Branch,Colorado,"Branch office, Denver, Colorado, United States",Unknown,commercial,43,12,250,39.72881,-104.99782,United States,,,,synthetic_locations
Lamresearch,lamresearch,lamresearch-01,Head Office,Texas,"Head office, Houston, Texas, United States",Electronics,commercial,84,26,200,29.73245,-95.3554,United States,Abaunza Justine,"Manager, Engineering",justine.abaunza@lamresearch.com,synthetic_locations
Lamresearch,lamresearch,lamresearch-02,Branch,Massachusetts,"Branch office, Boston, Massachusetts, United States",Electronics,commercial,67,27,390,42.33924,-71.0511,United States,,,,synthetic_locations
Lamresearch,lamresearch,lamresearch-03,Branch,Illinois,"Branch office, Chicago, Illinois, United States",Electronics,commercial,62,29,340,41.85004,-87.61994,United States,,,,synthetic_locations
Umassmemorial,umassmemorial,umassmemorial-01,Head Office,Colorado,"Head office, Denver, Colorado, United States",Healthcare,commercial,66,12,390,39.71168,-105.00785,United States,Abbascia Cheryl,"Supervisor , Financial Data Processing",cheryl.abbascia@umassmemorial.org,synthetic_locations
Umassmemorial,umassmemorial,umassmemorial-02,Branch,Georgia,"Branch office, Atlanta, Georgia, United States",Healthcare,commercial,63,17,310,33.76655,-84.38066,United States,,,,synthetic_locations
Stonebarn,stonebarn,stonebarn-01,Head Office,Western Australia,"Head office, Perth, Western Australia, Australia","Pubs, Taverns And Bars",commercial,45,28,200,-31.93887,115.88408,Australia,Abbe Rees,Business Marketing Coordinator,abbe@stonebarn.com.au,synthetic_locations
Stonebarn,stonebarn,stonebarn-02,Branch,Queensland,"Branch office, Brisbane, Queensland, Australia","Pubs, Taverns And Bars",commercial,48,7,230,-27.49767,153.02704,Australia,,,,synthetic_locations
Stonebarn,stonebarn,stonebarn-03,Branch,South Australia,"Branch office, Adelaide, South Australia, Australia","Pubs, Taverns And Bars",commercial,82,26,150,-34.9251,138.58987,Australia,,,,synthetic_locations
Aot,aot,aot-01,Head Office,Queensland,"Head office, Brisbane, Queensland, Australia",Other Livestock Farming N.E.C.,commercial,60,16,390,-27.49358,153.02929,Australia,Abbey Quinn,Assistant Operations Manager,abbey.quinn@aot.com.au,synthetic_locations
Aot,aot,aot-02,Branch,Victoria,"Branch office, Melbourne, Victoria, Australia",Other Livestock Farming N.E.C.,commercial,40,13,180,-37.81911,144.94092,Australia,,,,synthetic_locations
Aot,aot,aot-03,Branch,Western Australia,"Branch office, Perth, Western Australia, Australia",Other Livestock Farming N.E.C.,commercial,61,20,250,-31.97774,115.86624,Australia,,,,synthetic_locations
Aot,aot,aot-04,Branch,Australian Capital Territory,"Branch office, Canberra, Australian Capital Territory, Australia",Other Livestock Farming N.E.C.,commercial,53,17,210,-35.2958,149.12675,Australia,,,,synthetic_locations
Rockpa,rockpa,rockpa-01,Head Office,Colorado,"Head office, Denver, Colorado, United States",Organizations,commercial,78,9,350,39.76039,-104.98348,United States,Abbi Meenakshi,Manager Of Sponsored Projects,mabbi@rockpa.org,synthetic_locations
Rockpa,rockpa,rockpa-02,Branch,Massachusetts,"Branch office, Boston, Massachusetts, United States",Organizations,commercial,43,24,370,42.37017,-71.05132,United States,,,,synthetic_locations
Rockpa,rockpa,rockpa-03,Branch,Georgia,"Branch office, Atlanta, Georgia, United States",Organizations,commercial,83,19,400,33.7637,-84.37919,United States,,,,synthetic_locations
Mylesbaldwin,mylesbaldwin,mylesbaldwin-01,Head Office,Victoria,"Head office, Melbourne, Victoria, Australia",Garden Supplies Retailing,commercial,82,30,140,-37.78583,144.98345,Australia,Abbie Fielding,Practice Manager And Executive Assistant To Myles Baldwin,abbie@mylesbaldwin.com,synthetic_locations
Mylesbaldwin,mylesbaldwin,mylesbaldwin-02,Branch,South Australia,"Branch office, Adelaide, South Australia, Australia",Garden Supplies Retailing,commercial,82,18,290,-34.9336,138.57921,Australia,,,,synthetic_locations
Machjetinternational,machjetinternational,machjetinternational-01,Head Office,Western Australia,"Head office, Perth, Western Australia, Australia",Road Freight Transport,industrial,84,4,680,-31.94464,115.88593,Australia,Abbie Schmidt,"Manager, Business",abbie@machjetinternational.com.au,synthetic_locations
Machjetinternational,machjetinternational,machjetinternational-02,Branch,New South Wales,"Branch office, Sydney, New South Wales, Australia",Road Freight Transport,industrial,55,5,700,-33.86736,151.21589,Australia,,,,synthetic_locations
Bluestormtech,bluestormtech,bluestormtech-01,Head Office,Florida,"Head office, Miami, Florida, United States",Software Development & Design,commercial,81,16,370,25.73881,-80.21624,United States,Abbott Jon,Purchasing Manager,jabbott@bluestormtech.com,synthetic_locations
Bluestormtech,bluestormtech,bluestormtech-02,Branch,Texas,"Branch office, Houston, Texas, United States",Software Development & Design,commercial,69,11,310,29.74477,-95.38409,United States,,,,synthetic_locations
Bluestormtech,bluestormtech,bluestormtech-03,Branch,Massachusetts,"Branch office, Boston, Massachusetts, United States",Software Development & Design,commercial,82,23,280,42.36037,-71.06899,United States,,,,synthetic_locations
5Sqc,5sqc,5sqc-01,Head Office,Arizona,"Head office, Phoenix, Arizona, United States",Unknown,commercial,52,19,220,33.47513,-112.08248,United States,Abbott Lori,Director Of Sales And Marketing - 11 Years,ljabbott@5sqc.com,synthetic_locations
5Sqc,5sqc,5sqc-02,Branch,Texas,"Branch office, Houston, Texas, United States",Unknown,commercial,73,28,160,29.76115,-95.36486,United States,,,,synthetic_locations
5Sqc,5sqc,5sqc-03,Branch,Florida,"Branch office, Miami, Florida, United States",Unknown,commercial,78,22,170,25.76078,-80.17652,United States,,,,synthetic_locations
5Sqc,5sqc,5sqc-04,Branch,California,"Branch office, Los Angeles, California, United States",Unknown,residential,6,39,610,34.06696,-118.24272,United States,,,,synthetic_locations
Digitalgarden,digitalgarden,digitalgarden-01,Head Office,Victoria,"Head office, Melbourne, Victoria, Australia",Internet Service Providers And Web Search Portals,commercial,64,10,350,-37.82571,144.98481,Australia,Abby Breakwell,Chief Executive Officer / Managing Director,abby.breakwell@digitalgarden.com.au,synthetic_locations
Digitalgarden,digitalgarden,digitalgarden-02,Branch,South Australia,"Branch office, Adelaide, South Australia, Australia",Internet Service Providers And Web Search Portals,commercial,70,30,390,-34.92808,138.57744,Australia,,,,synthetic_locations
Digitalgarden,digitalgarden,digitalgarden-03,Branch,Tasmania,"Branch office, Hobart, Tasmania, Australia",Internet Service Providers And Web Search Portals,commercial,45,7,120,-42.87072,147.3278,Australia,,,,synthetic_locations
Digitalgarden,digitalgarden,digitalgarden-04,Branch,Western Australia,"Branch office, Perth, Western Australia, Australia",Internet Service Providers And Web Search Portals,commercial,70,29,320,-31.94718,115.84846,Australia,,,,synthetic_locations
Jccdenver,jccdenver,jccdenver-01,Head Office,Victoria,"Head office, Melbourne, Victoria, Australia",Civic & Social Organization,commercial,63,21,210,-37.80421,144.97872,Australia,Abby Copilevitz,Rental Coordinator,acopilevitz@jccdenver.org,synthetic_locations
Jccdenver,jccdenver,jccdenver-02,Branch,Tasmania,"Branch office, Hobart, Tasmania, Australia",Civic & Social Organization,residential,13,55,880,-42.86329,147.34147,Australia,,,,synthetic_locations
Jccdenver,jccdenver,jccdenver-03,Branch,New South Wales,"Branch office, Sydney, New South Wales, Australia",Civic & Social Organization,commercial,50,13,110,-33.86294,151.21848,Australia,,,,synthetic_locations
Jccdenver,jccdenver,jccdenver-04,Branch,Australian Capital Territory,"Branch office, Canberra, Australian Capital Territory, Australia",Civic & Social Organization,commercial,57,12,280,-35.2866,149.14086,Australia,,,,synthetic_locations
Ucluelet,ucluelet,ucluelet-01,Head Office,Quebec,"Head office, Montreal, Quebec, Canada",Recreational Facilities And Services,commercial,47,16,260,45.48119,-73.56374,Canada,Abby Fortune,Director Of Recreation,afortune@ucluelet.ca,synthetic_locations
Ucluelet,ucluelet,ucluelet-02,Branch,Ontario,"Branch office, Toronto, Ontario, Canada",Recreational Facilities And Services,commercial,46,24,310,43.64473,-79.35899,Canada,,,,synthetic_locations
Ucluelet,ucluelet,ucluelet-03,Branch,Alberta,"Branch office, Calgary, Alberta, Canada",Recreational Facilities And Services,commercial,75,5,230,51.05046,-114.05589,Canada,,,,synthetic_locations
Ucluelet,ucluelet,ucluelet-04,Branch,British Columbia,"Branch office, Vancouver, British Columbia, Canada",Recreational Facilities And Services,commercial,66,18,220,49.28619,-123.09601,Canada,,,,synthetic_locations
Jessicaronane,jessicaronane,jessicaronane-01,Head Office,Northern Ireland,"Head office, Belfast, Northern Ireland, United Kingdom",Performing Arts,commercial,82,29,160,54.58714,-5.94829,United Kingdom,Abby Galvin,Associate Casting Director,abby@jessicaronane.com,synthetic_locations
Jessicaronane,jessicaronane,jessicaronane-02,Branch,England,"Branch office, London, England, United Kingdom",Performing Arts,commercial,48,22,320,51.4783,-0.12003,United Kingdom,,,,synthetic_locations
Jessicaronane,jessicaronane,jessicaronane-03,Branch,Wales,"Branch office, Cardiff, Wales, United Kingdom",Performing Arts,commercial,62,26,220,51.49036,-3.20052,United Kingdom,,,,synthetic_locations
Chicagobooth,chicagobooth,chicagobooth-01,Head Office,England,"Head office, London, England, United Kingdom",Museums And Institutions,commercial,64,25,400,51.52906,-0.11161,United Kingdom,Abby Holzer,"Associate Director, Strategic Initiatives",aholzer@chicagobooth.edu,synthetic_locations
Chicagobooth,chicagobooth,chicagobooth-02,Branch,Scotland,"Branch office, Edinburgh, Scotland, United Kingdom",Museums And Institutions,commercial,82,18,200,55.94869,-3.17132,United Kingdom,,,,synthetic_locations
Chicagobooth,chicagobooth,chicagobooth-03,Branch,Wales,"Branch office, Cardiff, Wales, United Kingdom",Museums And Institutions,commercial,76,22,210,51.48855,-3.1561,United Kingdom,,,,synthetic_locations
Pocklingtonschool,pocklingtonschool,pocklingtonschool-01,Head Office,Northern Ireland,"Head office, Belfast, Northern Ireland, United Kingdom",Political Organization,commercial,85,28,170,54.57638,-5.95159,United Kingdom,Abby Popely,Human Resources Officer,popelya@pocklingtonschool.com,synthetic_locations
Pocklingtonschool,pocklingtonschool,pocklingtonschool-02,Branch,Scotland,"Branch office, Edinburgh, Scotland, United Kingdom",Political Organization,commercial,55,18,270,55.93952,-3.17369,United Kingdom,,,,synthetic_locations
Pocklingtonschool,pocklingtonschool,pocklingtonschool-03,Branch,Wales,"Branch office, Cardiff, Wales, United Kingdom",Political Organization,commercial,48,27,290,51.50587,-3.20894,United Kingdom,,,,synthetic_locations
Tnt,tnt,tnt-01,Head Office,Australian Capital Territory,"Head office, Canberra, Australian Capital Territory, Australia",Local Government Administration,commercial,81,12,250,-35.29891,149.13649,Australia,Abby Stephens,"Manager, Business & Operations",abby@tnt.org.au,synthetic_locations
Tnt,tnt,tnt-02,Branch,Western Australia,"Branch office, Perth, Western Australia, Australia",Local Government Administration,commercial,64,10,360,-31.97751,115.88909,Australia,,,,synthetic_locations
Keturah,keturah,keturah-01,Head Office,New South Wales,"Head office, Sydney, New South Wales, Australia",Catering Services,commercial,67,18,210,-33.88998,151.2233,Australia,Abd Razak,Kantor,abd@keturah.com.au,synthetic_locations
Keturah,keturah,keturah-02,Branch,Victoria,"Branch office, Melbourne, Victoria, Australia",Catering Services,commercial,53,26,340,-37.83382,144.93447,Australia,,,,synthetic_locations
Sgs,sgs,sgs-01,Head Office,Manitoba,"Head office, Winnipeg, Manitoba, Canada",International Trade And Development,commercial,51,6,390,49.86674,-97.14469,Canada,Abdelmalek Kanit,North West Africa General Manager,abdelmalek_kanit@sgs.com,synthetic_locations
Sgs,sgs,sgs-02,Branch,Ontario,"Branch office, Toronto, Ontario, Canada",International Trade And Development,commercial,59,7,280,43.63953,-79.37212,Canada,,,,synthetic_locations
Sgs,sgs,sgs-03,Branch,Nova Scotia,"Branch office, Halifax, Nova Scotia, Canada",International Trade And Development,commercial,49,21,340,44.67446,-63.56983,Canada,,,,synthetic_locations
Sgs,sgs,sgs-04,Branch,Quebec,"Branch office, Montreal, Quebec, Canada",International Trade And Development,commercial,43,6,370,45.51057,-73.59017,Canada,,,,synthetic_locations
Stjude,stjude,stjude-01,Head Office,Washington,"Head office, Seattle, Washington, United States",Fund-Raising,commercial,44,7,370,47.59087,-122.32193,United States,Abdelrahman Elsayed,Postdoctoral Research Fellow,abdelrahman.elsayed@stjude.org,synthetic_locations
Stjude,stjude,stjude-02,Branch,New York,"Branch office, New York, New York, United States",Fund-Raising,commercial,63,26,340,40.68375,-74.0319,United States,Engy Mahrous,Post Doctoral Trainee At St. Jude Children'S Research Hospital,engy.mahrous@stjude.org,synthetic_locations
Sheratonuniversal,sheratonuniversal,sheratonuniversal-01,Head Office,Illinois,"Head office, Chicago, Illinois, United States",Lodging & Resorts,commercial,73,22,230,41.88192,-87.60871,United States,Abdennour Christiane,Senior Group Sales Manager,cabdennour@sheratonuniversal.com,synthetic_locations
Sheratonuniversal,sheratonuniversal,sheratonuniversal-02,Branch,Texas,"Branch office, Houston, Texas, United States",Lodging & Resorts,commercial,41,25,110,29.76002,-95.37879,United States,,,,synthetic_locations
Aldrichcap,aldrichcap,aldrichcap-01,Head Office,Massachusetts,"Head office, Boston, Massachusetts, United States",Pe/Buyout,commercial,43,6,390,42.37125,-71.04563,United States,Abdul Mateen,"Vice President, Operations",amateen@aldrichcap.com,synthetic_locations
Aldrichcap,aldrichcap,aldrichcap-02,Branch,Texas,"Branch office, Houston, Texas, United States",Pe/Buyout,commercial,58,10,240,29.77822,-95.37621,United States,,,,synthetic_locations
Aldrichcap,aldrichcap,aldrichcap-03,Branch,Colorado,"Branch office, Denver, Colorado, United States",Pe/Buyout,commercial,46,11,280,39.71265,-105.00554,United States,,,,synthetic_locations
Ti Films,ti-films,ti-films-01,Head Office,Maharashtra,"Head office, Mumbai, Maharashtra, India",Plastics,commercial,84,21,100,19.06966,72.84775,India,Abdul Rasheed,Sales Manager - Exports,abdul.rasheed@ti-films.com,synthetic_locations
Ti Films,ti-films,ti-films-02,Branch,Delhi,"Branch office, New Delhi, Delhi, India",Plastics,commercial,42,29,350,28.6085,77.19685,India,,,,synthetic_locations
Oryxventures,oryxventures,oryxventures-01,Head Office,Northern Ireland,"Head office, Belfast, Northern Ireland, United Kingdom",Venture Capital & Private Equity,commercial,47,19,300,54.59121,-5.91135,United Kingdom,Abdulaziz Sagha,Co-Founder And Managing Partner,abdulaziz@oryxventures.com,synthetic_locations
Oryxventures,oryxventures,oryxventures-02,Branch,Wales,"Branch office, Cardiff, Wales, United Kingdom",Venture Capital & Private Equity,commercial,47,22,280,51.46923,-3.1722,United Kingdom,,,,synthetic_locations
Oryxventures,oryxventures,oryxventures-03,Branch,England,"Branch office, London, England, United Kingdom",Venture Capital & Private Equity,commercial,68,27,130,51.53608,-0.12041,United Kingdom,,,,synthetic_locations
Oryxventures,oryxventures,oryxventures-04,Branch,Scotland,"Branch office, Edinburgh, Scotland, United Kingdom",Venture Capital & Private Equity,commercial,48,10,220,55.97774,-3.21614,United Kingdom,,,,synthetic_locations
Nbad,nbad,nbad-01,Head Office,Western Australia,"Head office, Perth, Western Australia, Australia",Luxury Goods & Jewelry,commercial,49,16,380,-31.97294,115.85101,Australia,Abdulaziz Salman,Director - Global Markets Sales,abdulaziz.salman@nbad.ae,synthetic_locations
Nbad,nbad,nbad-02,Branch,South Australia,"Branch office, Adelaide, South Australia, Australia",Luxury Goods & Jewelry,commercial,42,12,270,-34.93307,138.58768,Australia,,,,synthetic_locations
Nbad,nbad,nbad-03,Branch,Queensland,"Branch office, Brisbane, Queensland, Australia",Luxury Goods & Jewelry,commercial,54,17,340,-27.46474,153.02689,Australia,,,,synthetic_locations
Mof,mof,mof-01,Head Office,Northern Ireland,"Head office, Belfast, Northern Ireland, United Kingdom",Nanotechnology,commercial,68,7,400,54.57884,-5.91163,United Kingdom,Abdulla Ahmed,Head,ashehab@mof.gov.bh,synthetic_locations
Mof,mof,mof-02,Branch,England,"Branch office, London, England, United Kingdom",Nanotechnology,commercial,52,19,110,51.51597,-0.12472,United Kingdom,,,,synthetic_locations
Mof,mof,mof-03,Branch,Scotland,"Branch office, Edinburgh, Scotland, United Kingdom",Nanotechnology,commercial,71,17,290,55.96249,-3.21079,United Kingdom,,,,synthetic_locations
Etq,etq,etq-01,Head Office,Florida,"Head office, Miami, Florida, United States",Software,commercial,81,19,350,25.77878,-80.19975,United States,Abdullah Zaynab,Technical Support Special Projects Manager,zabdullah@etq.com,synthetic_locations
Etq,etq,etq-02,Branch,Texas,"Branch office, Houston, Texas, United States",Software,commercial,43,12,230,29.78513,-95.38514,United States,,,,synthetic_locations
Aaa Calif,aaa-calif,aaa-calif-01,Head Office,Texas,"Head office, Houston, Texas, United States",Membership Organizations,commercial,44,26,260,29.76686,-95.36431,United States,Abejuela Maria,"Associate Marketing Manager , Sports Marketing",abejuela.maria@aaa-calif.com,synthetic_locations
Aaa Calif,aaa-calif,aaa-calif-02,Branch,Massachusetts,"Branch office, Boston, Massachusetts, United States",Membership Organizations,commercial,41,16,290,42.38079,-71.03436,United States,,,,synthetic_locations
Aaa Calif,aaa-calif,aaa-calif-03,Branch,Washington,"Branch office, Seattle, Washington, United States",Membership Organizations,commercial,44,15,180,47.59859,-122.34895,United States,,,,synthetic_locations
Ncdot,ncdot,ncdot-01,Head Office,Texas,"Head office, Houston, Texas, United States",Unknown,commercial,67,27,120,29.77291,-95.37673,United States,Abel John,Bridge Program Manager,jabel@ncdot.gov,synthetic_locations
Ncdot,ncdot,ncdot-02,Branch,California,"Branch office, Los Angeles, California, United States",Unknown,commercial,56,8,280,34.06632,-118.26559,United States,,,,synthetic_locations
Ncdot,ncdot,ncdot-03,Branch,Colorado,"Branch office, Denver, Colorado, United States",Unknown,commercial,56,17,300,39.76716,-104.9716,United States,,,,synthetic_locations
Ncdot,ncdot,ncdot-04,Branch,Washington,"Branch office, Seattle, Washington, United States",Unknown,commercial,66,6,180,47.61155,-122.34474,United States,,,,synthetic_locations
Doncoal,doncoal,doncoal-01,Head Office,New South Wales,"Head office, Sydney, New South Wales, Australia",Iron Ore Mining,industrial,59,4,630,-33.84556,151.21587,Australia,Abel Mine,Purchasing Support Officer,abel@doncoal.com.au,synthetic_locations
Doncoal,doncoal,doncoal-02,Branch,Western Australia,"Branch office, Perth, Western Australia, Australia",Iron Ore Mining,industrial,57,5,400,-31.95989,115.84184,Australia,,,,synthetic_locations
Semprautilities,semprautilities,semprautilities-01,Head Office,Texas,"Head office, Houston, Texas, United States","Energy, Utilities & Waste Treatment",industrial,67,6,450,29.73873,-95.36446,United States,Abeyta Steve,Electric Meter Operations Supervisor,sabeyta@semprautilities.com,synthetic_locations
Semprautilities,semprautilities,semprautilities-02,Branch,Arizona,"Branch office, Phoenix, Arizona, United States","Energy, Utilities & Waste Treatment",industrial,57,4,490,33.47098,-112.06704,United States,,,,synthetic_locations
Semprautilities,semprautilities,semprautilities-03,Branch,Washington,"Branch office, Seattle, Washington, United States","Energy, Utilities & Waste Treatment",industrial,85,6,780,47.61573,-122.33567,United States,,,,synthetic_locations
Lakshyadigital,lakshyadigital,lakshyadigital-01,Head Office,Tamil Nadu,"Head office, Chennai, Tamil Nadu, India",Computer Games,commercial,64,24,340,13.09459,80.29598,India,Abhas Garnaik,Senior 3D Artist,abhas.garnaik@lakshyadigital.com,synthetic_locations
Lakshyadigital,lakshyadigital,lakshyadigital-02,Branch,Gujarat,"Branch office, Ahmedabad, Gujarat, India",Computer Games,residential,6,36,520,23.05204,72.54573,India,,,,synthetic_locations
Poyshapackaging,poyshapackaging,poyshapackaging-01,Head Office,West Bengal,"Head office, Kolkata, West Bengal, India",Packaging And Containers,industrial,83,4,350,22.57163,88.33695,India,Abhas Kumar,Executive Director At Poysha Packaging,abhas.kumar@poyshapackaging.com,synthetic_locations
Poyshapackaging,poyshapackaging,poyshapackaging-02,Branch,Karnataka,"Branch office, Bengaluru, Karnataka, India",Packaging And Containers,industrial,83,3,730,12.94619,77.57302,India,,,,synthetic_locations
Nvidia,nvidia,nvidia-01,Head Office,West Bengal,"Head office, Kolkata, West Bengal, India",Computer Hardware,commercial,64,15,200,22.5447,88.36148,India,Abhijeet Parihar,Senior Business Technical Analyst,aparihar@nvidia.com,synthetic_locations
Nvidia,nvidia,nvidia-02,Branch,Tamil Nadu,"Branch office, Chennai, Tamil Nadu, India",Computer Hardware,commercial,78,5,310,13.09815,80.2527,India,,,,synthetic_locations
Nvidia,nvidia,nvidia-03,Branch,Karnataka,"Branch office, Bengaluru, Karnataka, India",Computer Hardware,commercial,54,16,390,12.97649,77.6178,India,,,,synthetic_locations
Nvidia,nvidia,nvidia-04,Branch,Delhi,"Branch office, New Delhi, Delhi, India",Computer Hardware,commercial,83,14,140,28.6402,77.19452,India,,,,synthetic_locations
Bseindia,bseindia,bseindia-01,Head Office,Tamil Nadu,"Head office, Chennai, Tamil Nadu, India",Capital Markets,commercial,84,22,200,13.09207,80.2544,India,Abhijit Vengurlekar,Assistant Manager In Bse Institute Ltd,certhelp@bseindia.com,synthetic_locations
Bseindia,bseindia,bseindia-02,Branch,Maharashtra,"Branch office, Mumbai, Maharashtra, India",Capital Markets,commercial,67,13,290,19.06907,72.90694,India,,,,synthetic_locations
Undp,undp,undp-01,Head Office,Karnataka,"Head office, Bengaluru, Karnataka, India",International Affairs,commercial,68,17,180,12.99242,77.62117,India,Abhimanyu Saxena,"National Program Manager, Vaccine Logistics And Cold-Chain Management",abhimanyu.saxena@undp.org,synthetic_locations
Undp,undp,undp-02,Branch,West Bengal,"Branch office, Kolkata, West Bengal, India",International Affairs,commercial,61,30,100,22.57169,88.34861,India,,,,synthetic_locations
Undp,undp,undp-03,Branch,Delhi,"Branch office, New Delhi, Delhi, India",International Affairs,commercial,52,28,270,28.59068,77.20284,India,,,,synthetic_locations
Undp,undp,undp-04,Branch,Tamil Nadu,"Branch office, Chennai, Tamil Nadu, India",International Affairs,commercial,72,26,230,13.06286,80.29475,India,,,,synthetic_locations
Westernpower,westernpower,westernpower-01,Head Office,Tasmania,"Head office, Hobart, Tasmania, Australia",Electricity Distribution,commercial,52,6,260,-42.89637,147.35226,Australia,Abhishek Choudhary,Performance Analyst,abhishek.choudhary@westernpower.com.au,synthetic_locations
Westernpower,westernpower,westernpower-02,Branch,New South Wales,"Branch office, Sydney, New South Wales, Australia",Electricity Distribution,commercial,42,15,240,-33.88648,151.23215,Australia,,,,synthetic_locations
Westernpower,westernpower,westernpower-03,Branch,Victoria,"Branch office, Melbourne, Victoria, Australia",Electricity Distribution,commercial,40,12,360,-37.80002,144.97463,Australia,,,,synthetic_locations
Adidas,adidas,adidas-01,Head Office,Gujarat,"Head office, Ahmedabad, Gujarat, India",Sporting Goods,commercial,74,21,130,23.01326,72.5969,India,Abhishek Nandan,Senior Merchandiser,abhishek.nandan@adidas.com,synthetic_locations
Adidas,adidas,adidas-02,Branch,Maharashtra,"Branch office, Mumbai, Maharashtra, India",Sporting Goods,commercial,84,27,300,19.07091,72.86373,India,,,,synthetic_locations
Adidas,adidas,adidas-03,Branch,Delhi,"Branch office, New Delhi, Delhi, India",Sporting Goods,commercial,65,22,270,28.62176,77.20392,India,,,,synthetic_locations
Adidas,adidas,adidas-04,Branch,Telangana,"Branch office, Hyderabad, Telangana, India",Sporting Goods,residential,5,54,990,17.39797,78.47812,India,,,,synthetic_locations
Cihi,cihi,cihi-01,Head Office,Ontario,"Head office, Toronto, Ontario, Canada",Government Relations,commercial,70,22,150,43.65464,-79.38795,Canada,Abi Tolushe,Senior It And Management Consultant,atolushe@cihi.ca,synthetic_locations
Cihi,cihi,cihi-02,Branch,Manitoba,"Branch office, Winnipeg, Manitoba, Canada",Government Relations,commercial,64,30,390,49.87764,-97.14784,Canada,,,,synthetic_locations
Cihi,cihi,cihi-03,Branch,British Columbia,"Branch office, Vancouver, British Columbia, Canada",Government Relations,commercial,59,29,350,49.30709,-123.15068,Canada,,,,synthetic_locations
Gpworldwide,gpworldwide,gpworldwide-01,Head Office,Northern Ireland,"Head office, Belfast, Northern Ireland, United Kingdom",Arts And Crafts,commercial,71,15,140,54.58557,-5.92366,United Kingdom,Abigail Cutler,Franchise Owner,acutler@gpworldwide.com,synthetic_locations
Gpworldwide,gpworldwide,gpworldwide-02,Branch,Scotland,"Branch office, Edinburgh, Scotland, United Kingdom",Arts And Crafts,commercial,47,18,310,55.96146,-3.16943,United Kingdom,,,,synthetic_locations
Gpworldwide,gpworldwide,gpworldwide-03,Branch,England,"Branch office, London, England, United Kingdom",Arts And Crafts,commercial,49,26,110,51.49726,-0.10164,United Kingdom,,,,synthetic_locations
Cox,cox,cox-01,Head Office,Colorado,"Head office, Denver, Colorado, United States",Telephony & Wireless,commercial,77,11,110,39.73089,-104.98953,United States,Abood Ron,"Supervisor, Tmktg",ron.abood@cox.com,synthetic_locations
Cox,cox,cox-02,Branch,Massachusetts,"Branch office, Boston, Massachusetts, United States",Telephony & Wireless,commercial,56,25,230,42.35564,-71.04789,United States,,,,synthetic_locations
Viasat,viasat,viasat-01,Head Office,Arizona,"Head office, Phoenix, Arizona, United States",Telecommunication Equipment,commercial,80,27,320,33.4186,-112.0902,United States,Abrahamian David,"Director, Space Systems",david.abrahamian@viasat.com,synthetic_locations
Viasat,viasat,viasat-02,Branch,Illinois,"Branch office, Chicago, Illinois, United States",Telecommunication Equipment,commercial,46,18,120,41.88429,-87.63228,United States,,,,synthetic_locations
Ppeng,ppeng,ppeng-01,Head Office,Texas,"Head office, Houston, Texas, United States","Architecture, Engineering & Design",commercial,49,26,110,29.76213,-95.39458,United States,Abrahamsen Eric,Project Manager And Civil Engineer,eabrahamsen@ppeng.com,synthetic_locations
Ppeng,ppeng,ppeng-02,Branch,New York,"Branch office, New York, New York, United States","Architecture, Engineering & Design",commercial,69,28,200,40.68792,-73.99052,United States,,,,synthetic_locations
Ppeng,ppeng,ppeng-03,Branch,California,"Branch office, Los Angeles, California, United States","Architecture, Engineering & Design",commercial,42,28,140,34.04468,-118.21505,United States,,,,synthetic_locations
Moffitt,moffitt,moffitt-01,Head Office,New York,"Head office, New York, New York, United States",Unknown,residential,4,53,630,40.72034,-74.01548,United States,Abrahamsen Martha,Research Project Manager Senior,martha.abrahamsen@moffitt.org,synthetic_locations
Moffitt,moffitt,moffitt-02,Branch,Massachusetts,"Branch office, Boston, Massachusetts, United States",Unknown,commercial,65,22,230,42.38562,-71.05958,United States,,,,synthetic_locations
Moffitt,moffitt,moffitt-03,Branch,Texas,"Branch office, Houston, Texas, United States",Unknown,commercial,72,30,280,29.74386,-95.34031,United States,,,,synthetic_locations
Moffitt,moffitt,moffitt-04,Branch,Washington,"Branch office, Seattle, Washington, United States",Unknown,residential,9,32,650,47.62833,-122.34578,United States,,,,synthetic_locations
Resolutehealth,resolutehealth,resolutehealth-01,Head Office,Illinois,"Head office, Chicago, Illinois, United States",Recreation,commercial,49,22,240,41.86432,-87.61165,United States,Abrameit Julia,Director Clinical Services Medical And Surgical And  Telemetry,julia.abrameit@resolutehealth.com,synthetic_locations
Resolutehealth,resolutehealth,resolutehealth-02,Branch,California,"Branch office, Los Angeles, California, United States",Recreation,commercial,81,22,180,34.03872,-118.26287,United States,,,,synthetic_locations
Resolutehealth,resolutehealth,resolutehealth-03,Branch,Florida,"Branch office, Miami, Florida, United States",Recreation,commercial,57,25,400,25.78269,-80.20066,United States,,,,synthetic_locations
Resolutehealth,resolutehealth,resolutehealth-04,Branch,Texas,"Branch office, Houston, Texas, United States",Recreation,commercial,75,7,100,29.77375,-95.35609,United States,,,,synthetic_locations
Mfreynolds,mfreynolds,mfreynolds-01,Head Office,New York,"Head office, New York, New York, United States",Commercial & Residential Construction,industrial,90,6,700,40.73657,-74.02519,United States,Abreu Neil,Construction Superviser,nabreu@mfreynolds.com,synthetic_locations
Mfreynolds,mfreynolds,mfreynolds-02,Branch,Illinois,"Branch office, Chicago, Illinois, United States",Commercial & Residential Construction,industrial,90,5,320,41.86829,-87.6398,United States,,,,synthetic_locations
Mfreynolds,mfreynolds,mfreynolds-03,Branch,Georgia,"Branch office, Atlanta, Georgia, United States",Commercial & Residential Construction,industrial,79,3,670,33.738,-84.3859,United States,,,,synthetic_locations
Mfreynolds,mfreynolds,mfreynolds-04,Branch,California,"Branch office, Los Angeles, California, United States",Commercial & Residential Construction,industrial,69,6,690,34.07246,-118.22033,United States,,,,synthetic_locations
Urbanedge,urbanedge,urbanedge-01,Head Office,New York,"Head office, New York, New York, United States",Charitable Organizations & Foundations,commercial,70,21,290,40.73952,-74.02549,United States,Abubakar Alia,Community Engagement Manager,aabubakar@urbanedge.org,synthetic_locations
Urbanedge,urbanedge,urbanedge-02,Branch,Georgia,"Branch office, Atlanta, Georgia, United States",Charitable Organizations & Foundations,commercial,82,15,310,33.74164,-84.41401,United States,,,,synthetic_locations
Urbanedge,urbanedge,urbanedge-03,Branch,Texas,"Branch office, Houston, Texas, United States",Charitable Organizations & Foundations,commercial,85,18,190,29.74847,-95.39851,United States,,,,synthetic_locations
Urbanedge,urbanedge,urbanedge-04,Branch,Washington,"Branch office, Seattle, Washington, United States",Charitable Organizations & Foundations,commercial,76,7,320,47.57697,-122.34764,United States,,,,synthetic_locations
Asaspares,asaspares,asaspares-01,Head Office,Illinois,"Head office, Chicago, Illinois, United States",Unknown,commercial,52,25,270,41.88441,-87.63503,United States,Abukhalaf Jackie,Manager Of Business Development And Communication,jackiea@asaspares.com,synthetic_locations
Asaspares,asaspares,asaspares-02,Branch,Massachusetts,"Branch office, Boston, Massachusetts, United States",Unknown,commercial,59,6,180,42.33307,-71.08514,United States,,,,synthetic_locations
Americanbullion,americanbullion,americanbullion-01,Head Office,Texas,"Head office, Houston, Texas, United States",Metals & Mining,industrial,60,5,340,29.74184,-95.38696,United States,Acar Zafer,Chief Information Officer And Information Technology Manager,acar@americanbullion.com,synthetic_locations
Americanbullion,americanbullion,americanbullion-02,Branch,Arizona,"Branch office, Phoenix, Arizona, United States",Metals & Mining,industrial,76,5,760,33.4701,-112.07782,United States,,,,synthetic_locations
Americanbullion,americanbullion,americanbullion-03,Branch,Washington,"Branch office, Seattle, Washington, United States",Metals & Mining,industrial,78,5,440,47.60223,-122.35074,United States,,,,synthetic_locations
Americanbullion,americanbullion,americanbullion-04,Branch,Colorado,"Branch office, Denver, Colorado, United States",Metals & Mining,industrial,61,6,650,39.73511,-104.9769,United States,,,,synthetic_locations
Tippvet,tippvet,tippvet-01,Head Office,Georgia,"Head office, Atlanta, Georgia, United States",Unknown,residential,8,51,930,33.7695,-84.3744,United States,Accuntius Jennie,Managers And Supervisor,jaccuntius@tippvet.com,synthetic_locations
Tippvet,tippvet,tippvet-02,Branch,California,"Branch office, Los Angeles, California, United States",Unknown,commercial,85,15,310,34.06503,-118.25939,United States,,,,synthetic_locations
Tippvet,tippvet,tippvet-03,Branch,Texas,"Branch office, Houston, Texas, United States",Unknown,commercial,79,24,220,29.73945,-95.38282,United States,,,,synthetic_locations
News10,news10,news10-01,Head Office,Texas,"Head office, Houston, Texas, United States",Broadcasting,commercial,59,5,240,29.74451,-95.3531,United States,Acevedo Terri,Programming Manager,tacevedo@news10.net,synthetic_locations
News10,news10,news10-02,Branch,Washington,"Branch office, Seattle, Washington, United States",Broadcasting,commercial,63,26,340,47.62271,-122.34815,United States,,,,synthetic_locations
Grammymuseum,grammymuseum,grammymuseum-01,Head Office,Texas,"Head office, Houston, Texas, United States",Cultural,commercial,42,12,390,29.74764,-95.35176,United States,Aceves Alejandra,Box Office Supervisor,boxoffice@grammymuseum.org,synthetic_locations
Grammymuseum,grammymuseum,grammymuseum-02,Branch,Massachusetts,"Branch office, Boston, Massachusetts, United States",Cultural,commercial,44,20,270,42.37516,-71.0346,United States,,,,synthetic_locations
Bisearch,bisearch,bisearch-01,Head Office,Washington,"Head office, Seattle, Washington, United States",Retail Software,commercial,70,15,240,47.62039,-122.33356,United States,Aceves Freddy,Product Engineering Manager,faceves@bisearch.com,synthetic_locations
Bisearch,bisearch,bisearch-02,Branch,Illinois,"Branch office, Chicago, Illinois, United States",Retail Software,commercial,73,12,290,41.85019,-87.64632,United States,,,,synthetic_locations
Bisearch,bisearch,bisearch-03,Branch,Florida,"Branch office, Miami, Florida, United States",Retail Software,commercial,50,12,320,25.78124,-80.21252,United States,,,,synthetic_locations
Bisearch,bisearch,bisearch-04,Branch,Arizona,"Branch office, Phoenix, Arizona, United States",Retail Software,residential,7,35,530,33.47625,-112.05821,United States,,,,synthetic_locations
Martinmarietta,martinmarietta,martinmarietta-01,Head Office,Florida,"Head office, Miami, Florida, United States",Unknown,commercial,67,21,190,25.7585,-80.19172,United States,Acharya Ram,"Manager, Business Intelligence",ram.acharya@martinmarietta.com,synthetic_locations
Martinmarietta,martinmarietta,martinmarietta-02,Branch,Illinois,"Branch office, Chicago, Illinois, United States",Unknown,commercial,61,27,120,41.9001,-87.62783,United States,,,,synthetic_locations
Martinmarietta,martinmarietta,martinmarietta-03,Branch,New York,"Branch office, New York, New York, United States",Unknown,commercial,44,6,380,40.70512,-74.02937,United States,,,,synthetic_locations
Sagepub,sagepub,sagepub-01,Head Office,Texas,"Head office, Houston, Texas, United States",Media & Internet,commercial,45,23,130,29.77513,-95.37585,United States,Achenbach Mark,District Sales Manager,mark.achenbach@sagepub.com,synthetic_locations
Sagepub,sagepub,sagepub-02,Branch,Arizona,"Branch office, Phoenix, Arizona, United States",Media & Internet,commercial,85,8,120,33.43633,-112.08645,United States,,,,synthetic_locations
Sagepub,sagepub,sagepub-03,Branch,Massachusetts,"Branch office, Boston, Massachusetts, United States",Media & Internet,residential,3,53,590,42.33571,-71.05811,United States,,,,synthetic_locations
Sagepub,sagepub,sagepub-04,Branch,Colorado,"Branch office, Denver, Colorado, United States",Media & Internet,commercial,74,19,340,39.75009,-104.98338,United States,,,,synthetic_locations
Hmclause,hmclause,hmclause-01,Head Office,Colorado,"Head office, Denver, Colorado, United States",Agriculture,residential,6,49,860,39.75838,-104.99716,United States,Acosta Gustavo,Export Sales Manager,gustavo.acosta@hmclause.com,synthetic_locations
Hmclause,hmclause,hmclause-02,Branch,New York,"Branch office, New York, New York, United States",Agriculture,commercial,68,12,190,40.6835,-74.01626,United States,,,,synthetic_locations
Dunnedwards,dunnedwards,dunnedwards-01,Head Office,Illinois,"Head office, Chicago, Illinois, United States","Chemicals, Petrochemicals, Glass & Gases",industrial,68,3,770,41.88888,-87.63345,United States,Acu?ñA Robert,"Category Manager , Purchasing",robert.acuna@dunnedwards.com,synthetic_locations
Dunnedwards,dunnedwards,dunnedwards-02,Branch,Arizona,"Branch office, Phoenix, Arizona, United States","Chemicals, Petrochemicals, Glass & Gases",industrial,74,5,380,33.46067,-112.10192,United States,,,,synthetic_locations
Dunnedwards,dunnedwards,dunnedwards-03,Branch,Massachusetts,"Branch office, Boston, Massachusetts, United States","Chemicals, Petrochemicals, Glass & Gases",industrial,61,3,750,42.36502,-71.05594,United States,,,,synthetic_locations
Greatwarcentre,greatwarcentre,greatwarcentre-01,Head Office,Ontario,"Head office, Toronto, Ontario, Canada",Libraries,commercial,47,23,130,43.65799,-79.35418,Canada,Ada Chan,Collections Manager,ada@greatwarcentre.com,synthetic_locations
Greatwarcentre,greatwarcentre,greatwarcentre-02,Branch,Quebec,"Branch office, Montreal, Quebec, Canada",Libraries,commercial,76,13,230,45.49431,-73.5643,Canada,,,,synthetic_locations
Nfsa,nfsa,nfsa-01,Head Office,Tasmania,"Head office, Hobart, Tasmania, Australia",Motion Pictures And Film,commercial,83,19,150,-42.91128,147.3508,Australia,Adam Blackshaw,Manager Visitor Experience,adam.blackshaw@nfsa.gov.au,synthetic_locations
Nfsa,nfsa,nfsa-02,Branch,Queensland,"Branch office, Brisbane, Queensland, Australia",Motion Pictures And Film,commercial,57,29,340,-27.45662,153.02118,Australia,,,,synthetic_locations
Nfsa,nfsa,nfsa-03,Branch,Western Australia,"Branch office, Perth, Western Australia, Australia",Motion Pictures And Film,commercial,49,14,160,-31.97923,115.83239,Australia,,,,synthetic_locations
Nfsa,nfsa,nfsa-04,Branch,Australian Capital Territory,"Branch office, Canberra, Australian Capital Territory, Australia",Motion Pictures And Film,commercial,71,30,330,-35.25499,149.14745,Australia,,,,synthetic_locations
Acelec,acelec,acelec-01,Head Office,Queensland,"Head office, Brisbane, Queensland, Australia",Electrical Services,commercial,69,26,150,-27.45161,153.04284,Australia,Adam Cartwright,N American Sales Head,adam.cartwright@acelec.com.au,synthetic_locations
Acelec,acelec,acelec-02,Branch,Australian Capital Territory,"Branch office, Canberra, Australian Capital Territory, Australia",Electrical Services,commercial,55,10,340,-35.25733,149.10087,Australia,,,,synthetic_locations
Acelec,acelec,acelec-03,Branch,Western Australia,"Branch office, Perth, Western Australia, Australia",Electrical Services,commercial,48,30,120,-31.93492,115.87659,Australia,,,,synthetic_locations
Acelec,acelec,acelec-04,Branch,Victoria,"Branch office, Melbourne, Victoria, Australia",Electrical Services,commercial,82,29,330,-37.82268,144.95706,Australia,,,,synthetic_locations
Adamcolwell,adamcolwell,adamcolwell-01,Head Office,Tasmania,"Head office, Hobart, Tasmania, Australia",Internet Publishing And Broadcasting,commercial,68,21,260,-42.85287,147.32461,Australia,Adam Colwell,"Managing Director, Adamcolwell Interactive",adam@adamcolwell.com,synthetic_locations
Adamcolwell,adamcolwell,adamcolwell-02,Branch,Western Australia,"Branch office, Perth, Western Australia, Australia",Internet Publishing And Broadcasting,residential,8,35,880,-31.96236,115.83152,Australia,,,,synthetic_locations
Coastalcollision,coastalcollision,coastalcollision-01,Head Office,Queensland,"Head office, Brisbane, Queensland, Australia","Automotive Body, Paint And Interior Repair",industrial,88,3,550,-27.4664,153.00629,Australia,Adam Croce,Bodyshop Manager,adam@coastalcollision.com.au,synthetic_locations
Coastalcollision,coastalcollision,coastalcollision-02,Branch,Australian Capital Territory,"Branch office, Canberra, Australian Capital Territory, Australia","Automotive Body, Paint And Interior Repair",industrial,62,5,740,-35.2994,149.12087,Australia,,,,synthetic_locations
Coastalcollision,coastalcollision,coastalcollision-03,Branch,Tasmania,"Branch office, Hobart, Tasmania, Australia","Automotive Body, Paint And Interior Repair",industrial,85,2,320,-42.90244,147.3065,Australia,,,,synthetic_locations
Coastalcollision,coastalcollision,coastalcollision-04,Branch,Victoria,"Branch office, Melbourne, Victoria, Australia","Automotive Body, Paint And Interior Repair",industrial,66,5,770,-37.8062,144.95724,Australia,,,,synthetic_locations
Keppelprince,keppelprince,keppelprince-01,Head Office,South Australia,"Head office, Adelaide, South Australia, Australia",Engineering Design And Engineering Consulting Services,commercial,54,10,130,-34.91936,138.5826,Australia,Adam Currie,Quality Assurance Officer,info@keppelprince.com.au,synthetic_locations
Keppelprince,keppelprince,keppelprince-02,Branch,Western Australia,"Branch office, Perth, Western Australia, Australia",Engineering Design And Engineering Consulting Services,commercial,40,27,180,-31.97497,115.83405,Australia,Daniel Akers,Information Technology Administrator,daniel.akers@keppelprince.com.au,synthetic_locations
Keppelprince,keppelprince,keppelprince-03,Branch,Queensland,"Branch office, Brisbane, Queensland, Australia",Engineering Design And Engineering Consulting Services,commercial,44,5,360,-27.46511,153.03888,Australia,,,,synthetic_locations
Corporatetraveller,corporatetraveller,corporatetraveller-01,Head Office,Ontario,"Head office, Toronto, Ontario, Canada","Leisure, Travel, & Tourism",commercial,76,7,110,43.68194,-79.40505,Canada,Adam Danyleko,Director And Account Manager,adam.danyleko@corporatetraveller.ca,synthetic_locations
Corporatetraveller,corporatetraveller,corporatetraveller-02,Branch,Quebec,"Branch office, Montreal, Quebec, Canada","Leisure, Travel, & Tourism",commercial,55,15,200,45.50591,-73.5438,Canada,,,,synthetic_locations
Wisetechglobal,wisetechglobal,wisetechglobal-01,Head Office,Australian Capital Territory,"Head office, Canberra, Australian Capital Territory, Australia",Religious Institutions,commercial,59,8,400,-35.29769,149.10304,Australia,Adam Durkee,Software Engineering Team Lead,adam.durkee@wisetechglobal.com,synthetic_locations
Wisetechglobal,wisetechglobal,wisetechglobal-02,Branch,Victoria,"Branch office, Melbourne, Victoria, Australia",Religious Institutions,commercial,66,15,260,-37.83703,144.95317,Australia,,,,synthetic_locations
Wisetechglobal,wisetechglobal,wisetechglobal-03,Branch,New South Wales,"Branch office, Sydney, New South Wales, Australia",Religious Institutions,commercial,81,29,130,-33.88424,151.22825,Australia,,,,synthetic_locations
Windhamventures,windhamventures,windhamventures-01,Head Office,Illinois,"Head office, Chicago, Illinois, United States",Venture Capital,commercial,79,21,300,41.89061,-87.6333,United States,Adam E. Fine,"Co-Founder, Chief Executive Officer & General Partner",afine@windhamventures.com,synthetic_locations
Windhamventures,windhamventures,windhamventures-02,Branch,Colorado,"Branch office, Denver, Colorado, United States",Venture Capital,commercial,84,13,360,39.7148,-104.99653,United States,,,,synthetic_locations
Qc,qc,qc-01,Head Office,British Columbia,"Head office, Vancouver, British Columbia, Canada",Animation,commercial,41,30,200,49.25758,-123.1356,Canada,Adam Ellwanger,Senior Animator,aellwanger@dawsoncollege.qc.ca,synthetic_locations
Qc,qc,qc-02,Branch,Nova Scotia,"Branch office, Halifax, Nova Scotia, Canada",Animation,commercial,76,9,260,44.6336,-63.56947,Canada,,,,synthetic_locations
Austech,austech,austech-01,Head Office,Western Australia,"Head office, Perth, Western Australia, Australia",Other Electrical And Electronic Goods Retailing,commercial,74,25,130,-31.9281,115.88428,Australia,Adam Gatt,Automation Electrician,agatt@austech.net.au,synthetic_locations
Austech,austech,austech-02,Branch,New South Wales,"Branch office, Sydney, New South Wales, Australia",Other Electrical And Electronic Goods Retailing,commercial,54,25,220,-33.84029,151.20424,Australia,,,,synthetic_locations
Austech,austech,austech-03,Branch,Queensland,"Branch office, Brisbane, Queensland, Australia",Other Electrical And Electronic Goods Retailing,commercial,65,12,350,-27.4646,153.04253,Australia,,,,synthetic_locations
Austech,austech,austech-04,Branch,South Australia,"Branch office, Adelaide, South Australia, Australia",Other Electrical And Electronic Goods Retailing,commercial,51,5,180,-34.95376,138.60271,Australia,,,,synthetic_locations
Genovese,genovese,genovese-01,Head Office,Western Australia,"Head office, Perth, Western Australia, Australia",Other Grocery Wholesaling,commercial,42,10,370,-31.93146,115.86741,Australia,Adam Genovese,General Sales Manager,info@genovese.com.au,synthetic_locations
Genovese,genovese,genovese-02,Branch,Australian Capital Territory,"Branch office, Canberra, Australian Capital Territory, Australia",Other Grocery Wholesaling,commercial,82,7,380,-35.25417,149.10929,Australia,,,,synthetic_locations
Genovese,genovese,genovese-03,Branch,New South Wales,"Branch office, Sydney, New South Wales, Australia",Other Grocery Wholesaling,commercial,43,17,400,-33.89595,151.23722,Australia,,,,synthetic_locations
Lambengineering,lambengineering,lambengineering-01,Head Office,Western Australia,"Head office, Perth, Western Australia, Australia",Liquor Retailing,commercial,49,8,100,-31.93867,115.83225,Australia,Adam Georgiou,Shipping Address,adam@lambengineering.com.au,synthetic_locations
Lambengineering,lambengineering,lambengineering-02,Branch,Queensland,"Branch office, Brisbane, Queensland, Australia",Liquor Retailing,commercial,79,6,310,-27.46601,153.00867,Australia,,,,synthetic_locations
Lambengineering,lambengineering,lambengineering-03,Branch,Australian Capital Territory,"Branch office, Canberra, Australian Capital Territory, Australia",Liquor Retailing,commercial,60,13,320,-35.28565,149.10431,Australia,,,,synthetic_locations
Situ,situ,situ-01,Head Office,South Australia,"Head office, Adelaide, South Australia, Australia",Industrial And Agricultural Chemical Product Wholesaling,commercial,73,30,230,-34.91433,138.59375,Australia,Adam Gordon,Business Development & Operations Manager,adam@situ.com.au,synthetic_locations
Situ,situ,situ-02,Branch,Victoria,"Branch office, Melbourne, Victoria, Australia",Industrial And Agricultural Chemical Product Wholesaling,commercial,77,26,290,-37.80736,144.97245,Australia,,,,synthetic_locations
Situ,situ,situ-03,Branch,Western Australia,"Branch office, Perth, Western Australia, Australia",Industrial And Agricultural Chemical Product Wholesaling,commercial,60,29,190,-31.94282,115.8335,Australia,,,,synthetic_locations
Vic,vic,vic-01,Head Office,Queensland,"Head office, Brisbane, Queensland, Australia",Mental Health Care,commercial,45,16,270,-27.46151,153.0355,Australia,Adam Griffin,Forensic Medical Officer,adam.griffin@forensicare.vic.gov.au,synthetic_locations
Vic,vic,vic-02,Branch,Western Australia,"Branch office, Perth, Western Australia, Australia",Mental Health Care,commercial,69,8,200,-31.95734,115.8498,Australia,Ahad Kheirabadi,"Senior Spatial, Spatial Information Services Administrator",ahad.kheirabadi@parks.vic.gov.au,synthetic_locations
Vic,vic,vic-03,Branch,Tasmania,"Branch office, Hobart, Tasmania, Australia",Mental Health Care,commercial,82,20,110,-42.87039,147.34499,Australia,Nadine Martin,Fleet And Purchasing,info@eastgippsland.vic.gov.au,synthetic_locations
Vic,vic,vic-04,Branch,Australian Capital Territory,"Branch office, Canberra, Australian Capital Territory, Australia",Mental Health Care,commercial,82,28,100,-35.28294,149.12618,Australia,Shauna Boyle,Delivery Pharmacist,shauna.boyle@ambulance.vic.gov.au,synthetic_locations
Eastpenncanada,eastpenncanada,eastpenncanada-01,Head Office,Ontario,"Head office, Toronto, Ontario, Canada",Warehousing,industrial,84,3,380,43.67684,-79.41148,Canada,Adam Hill,Assistant Warehouse Manager,ahill@eastpenncanada.com,synthetic_locations
Eastpenncanada,eastpenncanada,eastpenncanada-02,Branch,British Columbia,"Branch office, Vancouver, British Columbia, Canada",Warehousing,industrial,71,4,500,49.26103,-123.13439,Canada,,,,synthetic_locations
Badotherm,badotherm,badotherm-01,Head Office,Texas,"Head office, Houston, Texas, United States",Industrial Machinery & Equipment,industrial,56,2,690,29.74659,-95.39166,United States,Adam Irina,Managing Director - Badotherm Romania,iadam@badotherm.com,synthetic_locations
Badotherm,badotherm,badotherm-02,Branch,Massachusetts,"Branch office, Boston, Massachusetts, United States",Industrial Machinery & Equipment,industrial,83,1,310,42.38196,-71.08553,United States,,,,synthetic_locations
Expandfurniture,expandfurniture,expandfurniture-01,Head Office,Ontario,"Head office, Toronto, Ontario, Canada",Furniture,commercial,70,30,150,43.64293,-79.38603,Canada,Adam Joubert,Co Founder And Owner,adam@expandfurniture.com,synthetic_locations
Expandfurniture,expandfurniture,expandfurniture-02,Branch,Manitoba,"Branch office, Winnipeg, Manitoba, Canada",Furniture,commercial,79,22,150,49.88985,-97.11275,Canada,,,,synthetic_locations
Expandfurniture,expandfurniture,expandfurniture-03,Branch,British Columbia,"Branch office, Vancouver, British Columbia, Canada",Furniture,commercial,40,26,360,49.30643,-123.10252,Canada,,,,synthetic_locations
Ranzco,ranzco,ranzco-01,Head Office,Queensland,"Head office, Brisbane, Queensland, Australia",Primary Education,commercial,68,30,200,-27.45241,153.04823,Australia,Adam Kiernan,Manager Education Development And E-Learning,akiernan@ranzco.edu,synthetic_locations
Ranzco,ranzco,ranzco-02,Branch,Tasmania,"Branch office, Hobart, Tasmania, Australia",Primary Education,commercial,47,15,360,-42.90279,147.3347,Australia,,,,synthetic_locations
Ozbeanz,ozbeanz,ozbeanz-01,Head Office,Queensland,"Head office, Brisbane, Queensland, Australia",Wired Telecommunications Network Operations,residential,15,51,880,-27.48751,153.03844,Australia,Adam Lawton,Technical Support,adam@ozbeanz.com,synthetic_locations
Ozbeanz,ozbeanz,ozbeanz-02,Branch,New South Wales,"Branch office, Sydney, New South Wales, Australia",Wired Telecommunications Network Operations,commercial,42,9,380,-33.86848,151.18237,Australia,,,,synthetic_locations
Greeningaustralia,greeningaustralia,greeningaustralia-01,Head Office,Western Australia,"Head office, Perth, Western Australia, Australia",Landscape Construction Services,residential,6,35,680,-31.929,115.84841,Australia,Adam Leake,"Non-Executive Director, Finance And Risk Committee",aleake@greeningaustralia.org.au,synthetic_locations
Greeningaustralia,greeningaustralia,greeningaustralia-02,Branch,South Australia,"Branch office, Adelaide, South Australia, Australia",Landscape Construction Services,industrial,55,3,600,-34.90371,138.57615,Australia,,,,synthetic_locations
Greeningaustralia,greeningaustralia,greeningaustralia-03,Branch,New South Wales,"Branch office, Sydney, New South Wales, Australia",Landscape Construction Services,industrial,79,3,550,-33.84719,151.21003,Australia,,,,synthetic_locations
Greeningaustralia,greeningaustralia,greeningaustralia-04,Branch,Victoria,"Branch office, Melbourne, Victoria, Australia",Landscape Construction Services,residential,12,33,850,-37.78448,144.97235,Australia,,,,synthetic_locations
Mckeeco,mckeeco,mckeeco-01,Head Office,South Australia,"Head office, Adelaide, South Australia, Australia",Commission-Based Wholesaling,commercial,50,15,260,-34.94087,138.6293,Australia,Adam Leu,Design Engineer,adamleu@mckeeco.com.au,synthetic_locations
Mckeeco,mckeeco,mckeeco-02,Branch,Australian Capital Territory,"Branch office, Canberra, Australian Capital Territory, Australia",Commission-Based Wholesaling,commercial,57,20,120,-35.27677,149.1134,Australia,,,,synthetic_locations
Mckeeco,mckeeco,mckeeco-03,Branch,Tasmania,"Branch office, Hobart, Tasmania, Australia",Commission-Based Wholesaling,commercial,81,13,330,-42.86646,147.34833,Australia,,,,synthetic_locations
Bunburyflyingschool,bunburyflyingschool,bunburyflyingschool-01,Head Office,Australian Capital Territory,"Head office, Canberra, Australian Capital Territory, Australia",Unclassified,residential,5,52,960,-35.27371,149.12897,Australia,Adam Levay,"Head Of Operations, Adam Levay Cfi",adam.levay@bunburyflyingschool.com,synthetic_locations
Bunburyflyingschool,bunburyflyingschool,bunburyflyingschool-02,Branch,Victoria,"Branch office, Melbourne, Victoria, Australia",Unclassified,commercial,46,21,220,-37.79,144.9782,Australia,,,,synthetic_locations
Bunburyflyingschool,bunburyflyingschool,bunburyflyingschool-03,Branch,New South Wales,"Branch office, Sydney, New South Wales, Australia",Unclassified,commercial,54,13,330,-33.85746,151.2018,Australia,,,,synthetic_locations
Clearwater,clearwater,clearwater-01,Head Office,Nova Scotia,"Head office, Halifax, Nova Scotia, Canada",Fishery,commercial,67,26,170,44.67379,-63.60109,Canada,Adam Morris,Business Development Manager - Lobster,amorris@clearwater.ca,synthetic_locations
Clearwater,clearwater,clearwater-02,Branch,Alberta,"Branch office, Calgary, Alberta, Canada",Fishery,commercial,67,23,220,51.05119,-114.057,Canada,,,,synthetic_locations
Clearwater,clearwater,clearwater-03,Branch,Ontario,"Branch office, Toronto, Ontario, Canada",Fishery,commercial,80,29,210,43.64426,-79.35892,Canada,,,,synthetic_locations
Rochetkitchens,rochetkitchens,rochetkitchens-01,Head Office,Western Australia,"Head office, Perth, Western Australia, Australia",Non-Residential Building Construction,industrial,80,5,450,-31.97744,115.85184,Australia,Adam Moulday,Professional Kitchen Designer,adam@rochetkitchens.com.au,synthetic_locations
Rochetkitchens,rochetkitchens,rochetkitchens-02,Branch,Tasmania,"Branch office, Hobart, Tasmania, Australia",Non-Residential Building Construction,industrial,79,3,750,-42.86014,147.30886,Australia,,,,synthetic_locations
Rochetkitchens,rochetkitchens,rochetkitchens-03,Branch,South Australia,"Branch office, Adelaide, South Australia, Australia",Non-Residential Building Construction,industrial,80,2,310,-34.92571,138.57649,Australia,,,,synthetic_locations
Tytecrecycling,tytecrecycling,tytecrecycling-01,Head Office,Victoria,"Head office, Melbourne, Victoria, Australia",Management Advice And Related Consulting Services,commercial,43,10,360,-37.83564,144.95648,Australia,Adam Plas,National Repair Manager,adam@tytecrecycling.com,synthetic_locations
Tytecrecycling,tytecrecycling,tytecrecycling-02,Branch,South Australia,"Branch office, Adelaide, South Australia, Australia",Management Advice And Related Consulting Services,commercial,54,12,190,-34.9364,138.58465,Australia,,,,synthetic_locations
Tytecrecycling,tytecrecycling,tytecrecycling-03,Branch,New South Wales,"Branch office, Sydney, New South Wales, Australia",Management Advice And Related Consulting Services,commercial,75,10,320,-33.84789,151.21783,Australia,,,,synthetic_locations
Opalagedcare,opalagedcare,opalagedcare-01,Head Office,Tasmania,"Head office, Hobart, Tasmania, Australia",Aged Care Residential Services,commercial,53,21,310,-42.8869,147.34631,Australia,Adam Reilly,Recruitment Consultant/Team Leader,adam.reilly@opalagedcare.com.au,synthetic_locations
Opalagedcare,opalagedcare,opalagedcare-02,Branch,New South Wales,"Branch office, Sydney, New South Wales, Australia",Aged Care Residential Services,commercial,66,14,290,-33.86425,151.19313,Australia,,,,synthetic_locations
Opalagedcare,opalagedcare,opalagedcare-03,Branch,Western Australia,"Branch office, Perth, Western Australia, Australia",Aged Care Residential Services,commercial,74,18,120,-31.96556,115.88761,Australia,,,,synthetic_locations
Airaffairs,airaffairs,airaffairs-01,Head Office,South Australia,"Head office, Adelaide, South Australia, Australia",Aircraft Manufacturing And Repair Services,industrial,76,6,650,-34.93221,138.61145,Australia,Adam Sargent,B2 Licensed Aircraft Maintenance Engineer,sales@airaffairs.com.au,synthetic_locations
Airaffairs,airaffairs,airaffairs-02,Branch,New South Wales,"Branch office, Sydney, New South Wales, Australia",Aircraft Manufacturing And Repair Services,industrial,64,4,710,-33.87716,151.22915,Australia,,,,synthetic_locations
Redenlab,redenlab,redenlab-01,Head Office,New South Wales,"Head office, Sydney, New South Wales, Australia",Scientific Research Services,commercial,54,25,310,-33.87757,151.18009,Australia,Adam Vogel,Chief Science Officer,adam@redenlab.com,synthetic_locations
Redenlab,redenlab,redenlab-02,Branch,Australian Capital Territory,"Branch office, Canberra, Australian Capital Territory, Australia",Scientific Research Services,commercial,76,25,340,-35.27428,149.13378,Australia,,,,synthetic_locations
Sa,sa,sa-01,Head Office,Tasmania,"Head office, Hobart, Tasmania, Australia",Central Government Administration,commercial,65,8,170,-42.88169,147.32041,Australia,Adam Willett,Adoption Manager,adam.willett@health.sa.gov.au,synthetic_locations
Sa,sa,sa-02,Branch,New South Wales,"Branch office, Sydney, New South Wales, Australia",Central Government Administration,commercial,54,17,350,-33.88569,151.21232,Australia,Coral Scott,Lis Configuration Team Leader,coral.scott@imvs.sa.gov.au,synthetic_locations
Sa,sa,sa-03,Branch,Victoria,"Branch office, Melbourne, Victoria, Australia",Central Government Administration,commercial,72,22,180,-37.82034,144.93869,Australia,,,,synthetic_locations
Sa,sa,sa-04,Branch,Western Australia,"Branch office, Perth, Western Australia, Australia",Central Government Administration,commercial,42,28,170,-31.95704,115.87177,Australia,,,,synthetic_locations
Cazenovia,cazenovia,cazenovia-01,Head Office,Massachusetts,"Head office, Boston, Massachusetts, United States",Colleges & Universities,commercial,84,21,270,42.38551,-71.07485,United States,Adamo Joe,"Professor, Business Management",jadamo@cazenovia.edu,synthetic_locations
Cazenovia,cazenovia,cazenovia-02,Branch,Florida,"Branch office, Miami, Florida, United States",Colleges & Universities,commercial,80,24,180,25.74536,-80.20766,United States,,,,synthetic_locations
Cazenovia,cazenovia,cazenovia-03,Branch,Washington,"Branch office, Seattle, Washington, United States",Colleges & Universities,commercial,71,25,220,47.59001,-122.35078,United States,,,,synthetic_locations
Cazenovia,cazenovia,cazenovia-04,Branch,Texas,"Branch office, Houston, Texas, United States",Colleges & Universities,commercial,58,5,390,29.73605,-95.34608,United States,,,,synthetic_locations
Hersheys,hersheys,hersheys-01,Head Office,Illinois,"Head office, Chicago, Illinois, United States",Unknown,commercial,76,23,390,41.85047,-87.6047,United States,Adams Al,"Senior Manager, National Broker Sales, Foodservice",aadams@hersheys.com,synthetic_locations
Hersheys,hersheys,hersheys-02,Branch,California,"Branch office, Los Angeles, California, United States",Unknown,commercial,45,11,240,34.07145,-118.232,United States,,,,synthetic_locations
Hersheys,hersheys,hersheys-03,Branch,New York,"Branch office, New York, New York, United States",Unknown,commercial,80,5,270,40.73805,-74.03367,United States,,,,synthetic_locations
Summitbrokerage,summitbrokerage,summitbrokerage-01,Head Office,Florida,"Head office, Miami, Florida, United States",Unknown,commercial,42,20,330,25.75645,-80.1713,United States,Adams Amy,Operations Supervisor - New Accounts,aadams@summitbrokerage.com,synthetic_locations
Summitbrokerage,summitbrokerage,summitbrokerage-02,Branch,Colorado,"Branch office, Denver, Colorado, United States",Unknown,commercial,80,20,270,39.72974,-105.01047,United States,,,,synthetic_locations
Summitbrokerage,summitbrokerage,summitbrokerage-03,Branch,Washington,"Branch office, Seattle, Washington, United States",Unknown,residential,12,52,930,47.59419,-122.34939,United States,,,,synthetic_locations
Summitbrokerage,summitbrokerage,summitbrokerage-04,Branch,Texas,"Branch office, Houston, Texas, United States",Unknown,commercial,65,30,210,29.78352,-95.3542,United States,,,,synthetic_locations
Lacity,lacity,lacity-01,Head Office,Illinois,"Head office, Chicago, Illinois, United States","Cities, Towns & Municipalities",commercial,66,7,100,41.85634,-87.64372,United States,Adams Craig,Senior Police Officer,31398@lapd.lacity.org,synthetic_locations
Lacity,lacity,lacity-02,Branch,Texas,"Branch office, Houston, Texas, United States","Cities, Towns & Municipalities",commercial,62,12,390,29.75717,-95.37073,United States,,,,synthetic_locations
Lacity,lacity,lacity-03,Branch,New York,"Branch office, New York, New York, United States","Cities, Towns & Municipalities",commercial,43,20,260,40.71287,-74.03534,United States,,,,synthetic_locations
Krcd,krcd,krcd-01,Head Office,California,"Head office, Los Angeles, California, United States","Electricity, Oil & Gas",industrial,72,1,780,34.02437,-118.25752,United States,Adams Danny,Manager Hydro-Electric Power Plant O&M,dadams@krcd.org,synthetic_locations
Krcd,krcd,krcd-02,Branch,Illinois,"Branch office, Chicago, Illinois, United States","Electricity, Oil & Gas",residential,5,41,700,41.86382,-87.62598,United States,,,,synthetic_locations
Krcd,krcd,krcd-03,Branch,Washington,"Branch office, Seattle, Washington, United States","Electricity, Oil & Gas",industrial,70,4,450,47.57753,-122.36068,United States,,,,synthetic_locations
Krcd,krcd,krcd-04,Branch,Colorado,"Branch office, Denver, Colorado, United States","Electricity, Oil & Gas",industrial,61,5,390,39.70964,-104.98137,United States,,,,synthetic_locations
Beallsinc,beallsinc,beallsinc-01,Head Office,Colorado,"Head office, Denver, Colorado, United States",Unknown,commercial,52,27,330,39.70945,-104.96558,United States,Adams Dawn,Payroll Manager,dawna@beallsinc.com,synthetic_locations
Beallsinc,beallsinc,beallsinc-02,Branch,Texas,"Branch office, Houston, Texas, United States",Unknown,residential,10,30,610,29.77458,-95.38873,United States,,,,synthetic_locations
Beallsinc,beallsinc,beallsinc-03,Branch,California,"Branch office, Los Angeles, California, United States",Unknown,commercial,64,18,380,34.03168,-118.2521,United States,,,,synthetic_locations
Beallsinc,beallsinc,beallsinc-04,Branch,Washington,"Branch office, Seattle, Washington, United States",Unknown,commercial,68,13,120,47.59335,-122.35377,United States,,,,synthetic_locations
Lendlease,lendlease,lendlease-01,Head Office,California,"Head office, Los Angeles, California, United States",Unknown,commercial,46,27,290,34.04478,-118.25337,United States,Adams Gail,Area Audit Manager,gail.adams@lendlease.com,synthetic_locations
Lendlease,lendlease,lendlease-02,Branch,Georgia,"Branch office, Atlanta, Georgia, United States",Unknown,commercial,56,20,140,33.7525,-84.41787,United States,,,,synthetic_locations
Lendlease,lendlease,lendlease-03,Branch,New York,"Branch office, New York, New York, United States",Unknown,commercial,62,25,180,40.73654,-73.99441,United States,,,,synthetic_locations
Bausch,bausch,bausch-01,Head Office,Arizona,"Head office, Phoenix, Arizona, United States",Unknown,commercial,85,19,210,33.47592,-112.06374,United States,Adams Javonte,Global Commodity Manager,supplierdiversity@bausch.com,synthetic_locations
Bausch,bausch,bausch-02,Branch,Texas,"Branch office, Houston, Texas, United States",Unknown,commercial,64,7,170,29.73779,-95.38797,United States,,,,synthetic_locations
Bausch,bausch,bausch-03,Branch,Colorado,"Branch office, Denver, Colorado, United States",Unknown,commercial,69,12,240,39.75535,-104.97703,United States,,,,synthetic_locations
Hanesbrands,hanesbrands,hanesbrands-01,Head Office,Florida,"Head office, Miami, Florida, United States",Unknown,commercial,79,28,140,25.77859,-80.20155,United States,Adams John,Manager Of Design And Construction,john.adams@hanesbrands.com,synthetic_locations
Hanesbrands,hanesbrands,hanesbrands-02,Branch,Illinois,"Branch office, Chicago, Illinois, United States",Unknown,commercial,63,26,160,41.86941,-87.65152,United States,,,,synthetic_locations
Hanesbrands,hanesbrands,hanesbrands-03,Branch,Colorado,"Branch office, Denver, Colorado, United States",Unknown,commercial,70,20,290,39.7371,-104.97083,United States,,,,synthetic_locations
Hanesbrands,hanesbrands,hanesbrands-04,Branch,Georgia,"Branch office, Atlanta, Georgia, United States",Unknown,commercial,72,14,120,33.74713,-84.381,United States,,,,synthetic_locations
Groupsalesinc,groupsalesinc,groupsalesinc-01,Head Office,Colorado,"Head office, Denver, Colorado, United States",Unknown,commercial,55,25,300,39.72799,-105.01991,United States,Adams Julie,Fulfillment Sales And Marketing Manager,jadams@groupsalesinc.com,synthetic_locations
Groupsalesinc,groupsalesinc,groupsalesinc-02,Branch,Texas,"Branch office, Houston, Texas, United States",Unknown,commercial,76,28,400,29.75,-95.39534,United States,,,,synthetic_locations
Groupsalesinc,groupsalesinc,groupsalesinc-03,Branch,Georgia,"Branch office, Atlanta, Georgia, United States",Unknown,commercial,52,23,310,33.76922,-84.38758,United States,,,,synthetic_locations
Nasco,nasco,nasco-01,Head Office,Illinois,"Head office, Chicago, Illinois, United States",Unknown,commercial,43,29,280,41.88285,-87.61594,United States,Adams Lee,"Senior Manager, System Development",lee.adams@nasco.com,synthetic_locations
Nasco,nasco,nasco-02,Branch,Georgia,"Branch office, Atlanta, Georgia, United States",Unknown,commercial,52,14,350,33.75533,-84.40441,United States,,,,synthetic_locations
Clearchannel,clearchannel,clearchannel-01,Head Office,California,"Head office, Los Angeles, California, United States",Unknown,commercial,65,7,100,34.03031,-118.26475,United States,Adams Matt,Digital Media Manager,mattadams@clearchannel.com,synthetic_locations
Clearchannel,clearchannel,clearchannel-02,Branch,Texas,"Branch office, Houston, Texas, United States",Unknown,commercial,40,6,140,29.73054,-95.35579,United States,,,,synthetic_locations
Trindco,trindco,trindco-01,Head Office,Illinois,"Head office, Chicago, Illinois, United States",Household Goods,commercial,80,15,290,41.88018,-87.65837,United States,Adams Michelle,Virginia Beach Showroom Manager,michelleadams@trindco.com,synthetic_locations
Trindco,trindco,trindco-02,Branch,Florida,"Branch office, Miami, Florida, United States",Household Goods,commercial,58,18,330,25.76633,-80.17,United States,,,,synthetic_locations
Trindco,trindco,trindco-03,Branch,Georgia,"Branch office, Atlanta, Georgia, United States",Household Goods,commercial,79,24,370,33.77534,-84.3959,United States,,,,synthetic_locations
Medamerica,medamerica,medamerica-01,Head Office,Colorado,"Head office, Denver, Colorado, United States",Hospitals & Clinics,residential,14,34,650,39.76294,-104.99113,United States,Adams Sarah,Credentialing Supervisor,adamss@medamerica.com,synthetic_locations
Medamerica,medamerica,medamerica-02,Branch,New York,"Branch office, New York, New York, United States",Hospitals & Clinics,commercial,53,20,230,40.71789,-74.00034,United States,,,,synthetic_locations
Medamerica,medamerica,medamerica-03,Branch,California,"Branch office, Los Angeles, California, United States",Hospitals & Clinics,commercial,63,7,320,34.07308,-118.26457,United States,,,,synthetic_locations
Medamerica,medamerica,medamerica-04,Branch,Illinois,"Branch office, Chicago, Illinois, United States",Hospitals & Clinics,commercial,41,22,330,41.89596,-87.63589,United States,,,,synthetic_locations
Nhptv,nhptv,nhptv-01,Head Office,Florida,"Head office, Miami, Florida, United States",Unknown,commercial,79,24,110,25.77384,-80.18659,United States,Adams Susan,Education Manager,know@nhptv.org,synthetic_locations
Nhptv,nhptv,nhptv-02,Branch,Arizona,"Branch office, Phoenix, Arizona, United States",Unknown,commercial,50,10,220,33.4647,-112.07795,United States,,,,synthetic_locations
Frieslandcampina,frieslandcampina,frieslandcampina-01,Head Office,England,"Head office, London, England, United Kingdom",Dairy,commercial,78,21,350,51.52167,-0.11438,United Kingdom,Adekola Lamidi,Make Director,adekola.lamidi@frieslandcampina.com,synthetic_locations
Frieslandcampina,frieslandcampina,frieslandcampina-02,Branch,Northern Ireland,"Branch office, Belfast, Northern Ireland, United Kingdom",Dairy,commercial,42,25,220,54.56767,-5.93996,United Kingdom,,,,synthetic_locations
Grafico,grafico,grafico-01,Head Office,Australian Capital Territory,"Head office, Canberra, Australian Capital Territory, Australia",Other Specialised Design Services,commercial,62,12,170,-35.27909,149.15105,Australia,Adele Corney,Admin & Accounts Manager,adele@grafico.com.au,synthetic_locations
Grafico,grafico,grafico-02,Branch,Victoria,"Branch office, Melbourne, Victoria, Australia",Other Specialised Design Services,commercial,66,5,330,-37.78848,144.98326,Australia,,,,synthetic_locations
Grafico,grafico,grafico-03,Branch,New South Wales,"Branch office, Sydney, New South Wales, Australia",Other Specialised Design Services,commercial,72,20,350,-33.84701,151.23721,Australia,,,,synthetic_locations
Grafico,grafico,grafico-04,Branch,Tasmania,"Branch office, Hobart, Tasmania, Australia",Other Specialised Design Services,commercial,70,13,360,-42.88869,147.32917,Australia,,,,synthetic_locations
Florey,florey,florey-01,Head Office,Western Australia,"Head office, Perth, Western Australia, Australia",Human Pharmaceutical And Medicinal Product Manufacturing,industrial,90,1,530,-31.92979,115.83848,Australia,Adele Gibbs,Research Administration Manager,adele.gibbs@florey.edu.au,synthetic_locations
Florey,florey,florey-02,Branch,Australian Capital Territory,"Branch office, Canberra, Australian Capital Territory, Australia",Human Pharmaceutical And Medicinal Product Manufacturing,industrial,70,2,530,-35.26208,149.14201,Australia,,,,synthetic_locations
Florey,florey,florey-03,Branch,South Australia,"Branch office, Adelaide, South Australia, Australia",Human Pharmaceutical And Medicinal Product Manufacturing,industrial,71,2,350,-34.91806,138.62232,Australia,,,,synthetic_locations
Mnspraybooths,mnspraybooths,mnspraybooths-01,Head Office,Australian Capital Territory,"Head office, Canberra, Australian Capital Territory, Australia",Other Machinery And Equipment Manufacturing N.E.C.,industrial,76,6,460,-35.262,149.11791,Australia,Adem Asanovski,"Project Manager, Sales",service@mnspraybooths.com.au,synthetic_locations
Mnspraybooths,mnspraybooths,mnspraybooths-02,Branch,Victoria,"Branch office, Melbourne, Victoria, Australia",Other Machinery And Equipment Manufacturing N.E.C.,industrial,78,6,700,-37.80562,144.94109,Australia,,,,synthetic_locations
Hunterprimarycare,hunterprimarycare,hunterprimarycare-01,Head Office,Tasmania,"Head office, Hobart, Tasmania, Australia",General Practice Medical Services,commercial,72,25,140,-42.90048,147.34017,Australia,Adrian Dale,It Support Officer,adale@hunterprimarycare.com.au,synthetic_locations
Hunterprimarycare,hunterprimarycare,hunterprimarycare-02,Branch,South Australia,"Branch office, Adelaide, South Australia, Australia",General Practice Medical Services,commercial,77,19,300,-34.93013,138.59207,Australia,,,,synthetic_locations
Pmgroup,pmgroup,pmgroup-01,Head Office,Western Australia,"Head office, Perth, Western Australia, Australia",Other Telecommunications Network Operations,commercial,63,5,230,-31.93425,115.84492,Australia,Adrian East,Call Centre Manager,adrian.east@pmgroup.com.au,synthetic_locations
Pmgroup,pmgroup,pmgroup-02,Branch,Australian Capital Territory,"Branch office, Canberra, Australian Capital Territory, Australia",Other Telecommunications Network Operations,commercial,59,5,200,-35.26024,149.10282,Australia,,,,synthetic_locations
Pmgroup,pmgroup,pmgroup-03,Branch,Tasmania,"Branch office, Hobart, Tasmania, Australia",Other Telecommunications Network Operations,commercial,59,11,130,-42.88673,147.30533,Australia,,,,synthetic_locations
Pmgroup,pmgroup,pmgroup-04,Branch,Queensland,"Branch office, Brisbane, Queensland, Australia",Other Telecommunications Network Operations,commercial,45,19,200,-27.46023,152.99736,Australia,,,,synthetic_locations
Macventurecapital,macventurecapital,macventurecapital-01,Head Office,Illinois,"Head office, Chicago, Illinois, United States","Human Computer Interaction,Hospital,Health Diagnostics,Medical Device,Wellness,Emergency Medicine,Personal Health",commercial,56,16,330,41.87333,-87.63975,United States,Adrian Fenty,Managing General Partner,adrian@macventurecapital.com,synthetic_locations
Macventurecapital,macventurecapital,macventurecapital-02,Branch,Florida,"Branch office, Miami, Florida, United States","Human Computer Interaction,Hospital,Health Diagnostics,Medical Device,Wellness,Emergency Medicine,Personal Health",commercial,79,15,400,25.75685,-80.22165,United States,,,,synthetic_locations
Macventurecapital,macventurecapital,macventurecapital-03,Branch,Washington,"Branch office, Seattle, Washington, United States","Human Computer Interaction,Hospital,Health Diagnostics,Medical Device,Wellness,Emergency Medicine,Personal Health",commercial,79,13,260,47.5993,-122.3376,United States,,,,synthetic_locations
Civform,civform,civform-01,Head Office,Australian Capital Territory,"Head office, Canberra, Australian Capital Territory, Australia",Other Heavy And Civil Engineering Construction,industrial,64,1,510,-35.25865,149.1539,Australia,Adrian Henley,Labourer,cameron@civform.com.au,synthetic_locations
Civform,civform,civform-02,Branch,South Australia,"Branch office, Adelaide, South Australia, Australia",Other Heavy And Civil Engineering Construction,industrial,90,6,580,-34.91871,138.62422,Australia,,,,synthetic_locations
Civform,civform,civform-03,Branch,Victoria,"Branch office, Melbourne, Victoria, Australia",Other Heavy And Civil Engineering Construction,industrial,75,4,730,-37.82055,144.97183,Australia,,,,synthetic_locations
Civform,civform,civform-04,Branch,Western Australia,"Branch office, Perth, Western Australia, Australia",Other Heavy And Civil Engineering Construction,industrial,71,6,470,-31.94499,115.84116,Australia,,,,synthetic_locations
Paccar,paccar,paccar-01,Head Office,Tasmania,"Head office, Hobart, Tasmania, Australia",Motor Vehicle Manufacturing,industrial,71,5,360,-42.888,147.34022,Australia,Adrian Smythe,Fixed Operations Manager,adrian.smythe@paccar.com,synthetic_locations
Paccar,paccar,paccar-02,Branch,South Australia,"Branch office, Adelaide, South Australia, Australia",Motor Vehicle Manufacturing,industrial,75,1,430,-34.94878,138.57726,Australia,,,,synthetic_locations
Mckerrell,mckerrell,mckerrell-01,Head Office,Victoria,"Head office, Melbourne, Victoria, Australia","Pharmaceutical, Cosmetic And Toiletry Goods Retailing",industrial,68,5,620,-37.82234,144.98681,Australia,Adrian Stoll,Group Retail Manager,adrian@mckerrell.com.au,synthetic_locations
Mckerrell,mckerrell,mckerrell-02,Branch,Tasmania,"Branch office, Hobart, Tasmania, Australia","Pharmaceutical, Cosmetic And Toiletry Goods Retailing",industrial,67,3,800,-42.86556,147.30085,Australia,,,,synthetic_locations
Acquirebpo,acquirebpo,acquirebpo-01,Head Office,Australian Capital Territory,"Head office, Canberra, Australian Capital Territory, Australia",Call Centre Operation,commercial,58,15,300,-35.26987,149.14065,Australia,Adrian Yuaga,"Operations Team Leader, Sales",adrian.yuaga@acquirebpo.com,synthetic_locations
Acquirebpo,acquirebpo,acquirebpo-02,Branch,New South Wales,"Branch office, Sydney, New South Wales, Australia",Call Centre Operation,commercial,46,8,160,-33.88664,151.18796,Australia,,,,synthetic_locations
Polyplas,polyplas,polyplas-01,Head Office,Western Australia,"Head office, Perth, Western Australia, Australia",Timber Wholesaling,commercial,48,12,330,-31.95552,115.84047,Australia,Adriana Bellissimo,Office Administration,adriana@polyplas.com.au,synthetic_locations
Polyplas,polyplas,polyplas-02,Branch,Queensland,"Branch office, Brisbane, Queensland, Australia",Timber Wholesaling,commercial,54,20,180,-27.44111,153.01102,Australia,,,,synthetic_locations
Denyer,denyer,denyer-01,Head Office,Western Australia,"Head office, Perth, Western Australia, Australia",Professional And Scientific Goods Wholesaling,commercial,82,18,340,-31.94328,115.89043,Australia,Adriana Schroeder,Customer Relations,customerservice@denyer.com.au,synthetic_locations
Denyer,denyer,denyer-02,Branch,Tasmania,"Branch office, Hobart, Tasmania, Australia",Professional And Scientific Goods Wholesaling,commercial,83,9,270,-42.89226,147.34213,Australia,,,,synthetic_locations
Matrixarchaeology,matrixarchaeology,matrixarchaeology-01,Head Office,Victoria,"Head office, Melbourne, Victoria, Australia",Museum Operation,commercial,44,12,400,-37.83396,144.98995,Australia,Adrienne Ellis,Director And Senior Archaeologist,adrienne@matrixarchaeology.com.au,synthetic_locations
Matrixarchaeology,matrixarchaeology,matrixarchaeology-02,Branch,Western Australia,"Branch office, Perth, Western Australia, Australia",Museum Operation,commercial,53,22,390,-31.93089,115.84363,Australia,,,,synthetic_locations
Matrixarchaeology,matrixarchaeology,matrixarchaeology-03,Branch,New South Wales,"Branch office, Sydney, New South Wales, Australia",Museum Operation,commercial,49,24,240,-33.86363,151.20825,Australia,,,,synthetic_locations
Matrixarchaeology,matrixarchaeology,matrixarchaeology-04,Branch,Queensland,"Branch office, Brisbane, Queensland, Australia",Museum Operation,commercial,63,25,240,-27.45739,153.0366,Australia,,,,synthetic_locations
Linguistico,linguistico,linguistico-01,Head Office,Tasmania,"Head office, Hobart, Tasmania, Australia",Translation And Localization,commercial,40,27,310,-42.88692,147.35289,Australia,Adrienne Sycamore,Partner And Client Services Director,adrienne.sycamore@linguistico.com.au,synthetic_locations
Linguistico,linguistico,linguistico-02,Branch,Victoria,"Branch office, Melbourne, Victoria, Australia",Translation And Localization,commercial,58,22,190,-37.80849,144.93379,Australia,,,,synthetic_locations
Linguistico,linguistico,linguistico-03,Branch,New South Wales,"Branch office, Sydney, New South Wales, Australia",Translation And Localization,commercial,50,10,220,-33.86321,151.19776,Australia,,,,synthetic_locations
Rccf,rccf,rccf-01,Head Office,Arizona,"Head office, Phoenix, Arizona, United States",Growth/Expansion,commercial,73,5,110,33.4711,-112.06045,United States,Adrienne Vannarsdall,Director Of Finance And Operations,avannarsdall@rccf.com,synthetic_locations
Rccf,rccf,rccf-02,Branch,New York,"Branch office, New York, New York, United States",Growth/Expansion,commercial,84,14,170,40.69742,-74.00572,United States,,,,synthetic_locations
Rccf,rccf,rccf-03,Branch,Georgia,"Branch office, Atlanta, Georgia, United States",Growth/Expansion,residential,3,37,950,33.77697,-84.37911,United States,,,,synthetic_locations
Aftabi,aftabi,aftabi-01,Head Office,New York,"Head office, New York, New York, United States",Unknown,commercial,47,17,100,40.71079,-74.00793,United States,Aftabizadeh Reza,Managing Editor,reza@aftabi.com,synthetic_locations
Aftabi,aftabi,aftabi-02,Branch,Texas,"Branch office, Houston, Texas, United States",Unknown,commercial,63,27,310,29.7481,-95.37725,United States,,,,synthetic_locations
Lidl,lidl,lidl-01,Head Office,Georgia,"Head office, Atlanta, Georgia, United States",Supermarkets,commercial,80,14,390,33.77602,-84.38461,United States,Agnes Barnicelli,Poradce Ceo,ba@lidl.es,synthetic_locations
Lidl,lidl,lidl-02,Branch,New York,"Branch office, New York, New York, United States",Supermarkets,commercial,73,22,310,40.70438,-73.9942,United States,,,,synthetic_locations
Translead,translead,translead-01,Head Office,Illinois,"Head office, Chicago, Illinois, United States",Automobiles,commercial,58,28,200,41.84827,-87.63557,United States,Aguilar Hilda,"Senior Manager , Information Technology",haguilar@translead.com,synthetic_locations
Translead,translead,translead-02,Branch,Georgia,"Branch office, Atlanta, Georgia, United States",Automobiles,commercial,54,19,300,33.73381,-84.4002,United States,,,,synthetic_locations
Translead,translead,translead-03,Branch,Florida,"Branch office, Miami, Florida, United States",Automobiles,commercial,79,12,140,25.77468,-80.18898,United States,,,,synthetic_locations
Dell,dell,dell-01,Head Office,Illinois,"Head office, Chicago, Illinois, United States",Unknown,commercial,70,30,240,41.87674,-87.63751,United States,Aherne Brian,Senior Channel Partner Marketing Advisor,brian_aherne@dell.com,synthetic_locations
Dell,dell,dell-02,Branch,Florida,"Branch office, Miami, Florida, United States",Unknown,commercial,59,8,170,25.74506,-80.21641,United States,,,,synthetic_locations
Dell,dell,dell-03,Branch,Texas,"Branch office, Houston, Texas, United States",Unknown,commercial,57,30,340,29.78429,-95.35456,United States,,,,synthetic_locations
Jetstoneam,jetstoneam,jetstoneam-01,Head Office,Scotland,"Head office, Edinburgh, Scotland, United Kingdom","Robotics,Therapeutics",commercial,73,18,110,55.9769,-3.15917,United Kingdom,Ahmad Butt,Ceo And Managing Partner,ahmad.butt@jetstoneam.com,synthetic_locations
Jetstoneam,jetstoneam,jetstoneam-02,Branch,Northern Ireland,"Branch office, Belfast, Northern Ireland, United Kingdom","Robotics,Therapeutics",commercial,70,30,180,54.60535,-5.90919,United Kingdom,,,,synthetic_locations
Jetstoneam,jetstoneam,jetstoneam-03,Branch,Wales,"Branch office, Cardiff, Wales, United Kingdom","Robotics,Therapeutics",commercial,78,29,340,51.45843,-3.1762,United Kingdom,,,,synthetic_locations
Jetstoneam,jetstoneam,jetstoneam-04,Branch,England,"Branch office, London, England, United Kingdom","Robotics,Therapeutics",commercial,51,18,110,51.51498,-0.13043,United Kingdom,,,,synthetic_locations
Nokia,nokia,nokia-01,Head Office,Tasmania,"Head office, Hobart, Tasmania, Australia",Computer And Computer Peripheral Retailing,commercial,72,13,280,-42.8815,147.35257,Australia,Ahmed Aziz,Mobile Network Technical Project Manager,ahmed.aziz@nokia.com,synthetic_locations
Nokia,nokia,nokia-02,Branch,New South Wales,"Branch office, Sydney, New South Wales, Australia",Computer And Computer Peripheral Retailing,commercial,74,28,190,-33.86215,151.23029,Australia,,,,synthetic_locations
Roosterspiripiri,roosterspiripiri,roosterspiripiri-01,Head Office,Northern Ireland,"Head office, Belfast, Northern Ireland, United Kingdom",Restaurants,commercial,69,10,280,54.5954,-5.95351,United Kingdom,Ahmed Rawi,Franchise Excellence Senior Manager,ahmed@roosterspiripiri.com,synthetic_locations
Roosterspiripiri,roosterspiripiri,roosterspiripiri-02,Branch,Scotland,"Branch office, Edinburgh, Scotland, United Kingdom",Restaurants,commercial,80,7,270,55.92342,-3.18363,United Kingdom,,,,synthetic_locations
Roosterspiripiri,roosterspiripiri,roosterspiripiri-03,Branch,England,"Branch office, London, England, United Kingdom",Restaurants,commercial,73,11,220,51.53633,-0.10234,United Kingdom,,,,synthetic_locations
Roosterspiripiri,roosterspiripiri,roosterspiripiri-04,Branch,Wales,"Branch office, Cardiff, Wales, United Kingdom",Restaurants,commercial,57,10,110,51.4764,-3.17851,United Kingdom,,,,synthetic_locations
Alstom,alstom,alstom-01,Head Office,Maharashtra,"Head office, Mumbai, Maharashtra, India",Railroad Manufacture,industrial,63,4,530,19.04631,72.8949,India,Ahtasham Ali,Engineering Manager At Cerner,ahtasham.ali@alstom.com,synthetic_locations
Alstom,alstom,alstom-02,Branch,Gujarat,"Branch office, Ahmedabad, Gujarat, India",Railroad Manufacture,industrial,68,3,710,23.01932,72.56179,India,,,,synthetic_locations
Alstom,alstom,alstom-03,Branch,West Bengal,"Branch office, Kolkata, West Bengal, India",Railroad Manufacture,industrial,86,6,540,22.58126,88.35669,India,,,,synthetic_locations
Alstom,alstom,alstom-04,Branch,Delhi,"Branch office, New Delhi, Delhi, India",Railroad Manufacture,industrial,87,3,770,28.6005,77.18914,India,,,,synthetic_locations
Fh Partners,fh-partners,fh-partners-01,Head Office,California,"Head office, Los Angeles, California, United States","Medical Device,Robotics,Clinical Trials",commercial,82,13,270,34.05423,-118.27341,United States,Aidan King,Co-Founder & Managing Partner,aidan.king@fh-partners.com,synthetic_locations
Fh Partners,fh-partners,fh-partners-02,Branch,Texas,"Branch office, Houston, Texas, United States","Medical Device,Robotics,Clinical Trials",commercial,85,18,200,29.73197,-95.34274,United States,,,,synthetic_locations
Fh Partners,fh-partners,fh-partners-03,Branch,New York,"Branch office, New York, New York, United States","Medical Device,Robotics,Clinical Trials",commercial,51,20,110,40.73093,-74.02355,United States,,,,synthetic_locations
Dementi,dementi,dementi-01,Head Office,Arizona,"Head office, Phoenix, Arizona, United States",Photography Studio,commercial,74,18,210,33.42744,-112.09813,United States,Aigner Shaun,Studio Manager,shaun@dementi.com,synthetic_locations
Dementi,dementi,dementi-02,Branch,Texas,"Branch office, Houston, Texas, United States",Photography Studio,commercial,58,18,370,29.76337,-95.39979,United States,,,,synthetic_locations
Dementi,dementi,dementi-03,Branch,California,"Branch office, Los Angeles, California, United States",Photography Studio,commercial,42,28,180,34.05655,-118.25173,United States,,,,synthetic_locations
Eastmalvernvet,eastmalvernvet,eastmalvernvet-01,Head Office,Australian Capital Territory,"Head office, Canberra, Australian Capital Territory, Australia",Veterinary Services,commercial,75,20,120,-35.29404,149.11091,Australia,Aimee Barling,Surgical Nurse,aimee@eastmalvernvet.com.au,synthetic_locations
Eastmalvernvet,eastmalvernvet,eastmalvernvet-02,Branch,Queensland,"Branch office, Brisbane, Queensland, Australia",Veterinary Services,commercial,85,7,250,-27.45102,153.0048,Australia,,,,synthetic_locations
Eastmalvernvet,eastmalvernvet,eastmalvernvet-03,Branch,South Australia,"Branch office, Adelaide, South Australia, Australia",Veterinary Services,commercial,78,27,310,-34.93865,138.57937,Australia,,,,synthetic_locations
Brotherstsv,brotherstsv,brotherstsv-01,Head Office,Tasmania,"Head office, Hobart, Tasmania, Australia",Clubs (Hospitality),commercial,64,28,100,-42.90718,147.30951,Australia,Aimee Foster,Groups Management Accountant,reception@brotherstsv.com.au,synthetic_locations
Brotherstsv,brotherstsv,brotherstsv-02,Branch,Western Australia,"Branch office, Perth, Western Australia, Australia",Clubs (Hospitality),residential,12,47,760,-31.97621,115.84815,Australia,,,,synthetic_locations
Brotherstsv,brotherstsv,brotherstsv-03,Branch,Australian Capital Territory,"Branch office, Canberra, Australian Capital Territory, Australia",Clubs (Hospitality),commercial,75,5,390,-35.27355,149.13874,Australia,,,,synthetic_locations
Brotherstsv,brotherstsv,brotherstsv-04,Branch,New South Wales,"Branch office, Sydney, New South Wales, Australia",Clubs (Hospitality),commercial,81,22,370,-33.84313,151.22124,Australia,,,,synthetic_locations
Qast,qast,qast-01,Head Office,Western Australia,"Head office, Perth, Western Australia, Australia",Child Care Services,commercial,55,16,180,-31.92701,115.87747,Australia,Aimee Johnston,Senior Project Officer (Community Nutrition),aimee@qast.org.au,synthetic_locations
Qast,qast,qast-02,Branch,New South Wales,"Branch office, Sydney, New South Wales, Australia",Child Care Services,residential,5,52,760,-33.89763,151.18909,Australia,,,,synthetic_locations
Qast,qast,qast-03,Branch,Australian Capital Territory,"Branch office, Canberra, Australian Capital Territory, Australia",Child Care Services,commercial,63,11,210,-35.26013,149.10034,Australia,,,,synthetic_locations
Qast,qast,qast-04,Branch,South Australia,"Branch office, Adelaide, South Australia, Australia",Child Care Services,commercial,62,16,180,-34.94601,138.62404,Australia,,,,synthetic_locations
Suddenlink,suddenlink,suddenlink-01,Head Office,Washington,"Head office, Seattle, Washington, United States",Unknown,commercial,41,15,290,47.58089,-122.31214,United States,Alabaster Brad,Senior Manager Construction,brad.alabaster@suddenlink.com,synthetic_locations
Suddenlink,suddenlink,suddenlink-02,Branch,Florida,"Branch office, Miami, Florida, United States",Unknown,commercial,61,10,350,25.76759,-80.19788,United States,,,,synthetic_locations
Sofinnova,sofinnova,sofinnova-01,Head Office,California,"Head office, Los Angeles, California, United States","Therapeutics,Health Diagnostics,Biopharma",commercial,55,21,230,34.04839,-118.23408,United States,Alain Azan,President And Managing Director Emeritus,alain@sofinnova.com,synthetic_locations
Sofinnova,sofinnova,sofinnova-02,Branch,New York,"Branch office, New York, New York, United States","Therapeutics,Health Diagnostics,Biopharma",commercial,80,9,110,40.72627,-73.97601,United States,,,,synthetic_locations
Sofinnova,sofinnova,sofinnova-03,Branch,Colorado,"Branch office, Denver, Colorado, United States","Therapeutics,Health Diagnostics,Biopharma",commercial,81,27,160,39.74255,-104.98445,United States,,,,synthetic_locations
Sofinnova,sofinnova,sofinnova-04,Branch,Georgia,"Branch office, Atlanta, Georgia, United States","Therapeutics,Health Diagnostics,Biopharma",commercial,52,15,190,33.74676,-84.40809,United States,,,,synthetic_locations
Thortechnologies,thortechnologies,thortechnologies-01,Head Office,South Australia,"Head office, Adelaide, South Australia, Australia",Other Electrical Equipment Manufacturing,industrial,79,2,640,-34.92728,138.61129,Australia,Alaine Fourie,Victorian Metro And Regional Manager,info@thortechnologies.com.au,synthetic_locations
Thortechnologies,thortechnologies,thortechnologies-02,Branch,Victoria,"Branch office, Melbourne, Victoria, Australia",Other Electrical Equipment Manufacturing,industrial,65,5,600,-37.8376,144.99083,Australia,,,,synthetic_locations
Thortechnologies,thortechnologies,thortechnologies-03,Branch,Western Australia,"Branch office, Perth, Western Australia, Australia",Other Electrical Equipment Manufacturing,industrial,66,2,620,-31.95222,115.85041,Australia,,,,synthetic_locations
Thortechnologies,thortechnologies,thortechnologies-04,Branch,New South Wales,"Branch office, Sydney, New South Wales, Australia",Other Electrical Equipment Manufacturing,industrial,78,6,610,-33.85487,151.19941,Australia,,,,synthetic_locations
Capres,capres,capres-01,Head Office,Australian Capital Territory,"Head office, Canberra, Australian Capital Territory, Australia",Other Mining Support Services,industrial,83,5,540,-35.30145,149.12074,Australia,Alan Crumbley,Compliance Inspections,admin@capres.com.au,synthetic_locations
Capres,capres,capres-02,Branch,Victoria,"Branch office, Melbourne, Victoria, Australia",Other Mining Support Services,industrial,75,1,710,-37.82606,144.9754,Australia,,,,synthetic_locations
Capres,capres,capres-03,Branch,Queensland,"Branch office, Brisbane, Queensland, Australia",Other Mining Support Services,industrial,67,2,640,-27.44212,153.01227,Australia,,,,synthetic_locations
Capres,capres,capres-04,Branch,South Australia,"Branch office, Adelaide, South Australia, Australia",Other Mining Support Services,industrial,57,6,310,-34.93354,138.57566,Australia,,,,synthetic_locations
Planesupport,planesupport,planesupport-01,Head Office,Tasmania,"Head office, Hobart, Tasmania, Australia",Defence,commercial,85,13,150,-42.88995,147.3222,Australia,Alan Kosinski,Junior Project Engineer,alan@planesupport.com,synthetic_locations
Planesupport,planesupport,planesupport-02,Branch,South Australia,"Branch office, Adelaide, South Australia, Australia",Defence,commercial,43,12,400,-34.93343,138.61509,Australia,,,,synthetic_locations
Planesupport,planesupport,planesupport-03,Branch,New South Wales,"Branch office, Sydney, New South Wales, Australia",Defence,commercial,48,25,360,-33.86815,151.22224,Australia,,,,synthetic_locations
Planesupport,planesupport,planesupport-04,Branch,Victoria,"Branch office, Melbourne, Victoria, Australia",Defence,commercial,70,22,140,-37.8178,144.99028,Australia,,,,synthetic_locations
Aspiron,aspiron,aspiron-01,Head Office,New South Wales,"Head office, Sydney, New South Wales, Australia",Office Administrative Services,commercial,73,18,180,-33.84447,151.20011,Australia,Alan Leung,Founder & Managing Director,alan.leung@aspiron.com.au,synthetic_locations
Aspiron,aspiron,aspiron-02,Branch,Victoria,"Branch office, Melbourne, Victoria, Australia",Office Administrative Services,commercial,59,17,280,-37.7975,144.97366,Australia,,,,synthetic_locations
Aspiron,aspiron,aspiron-03,Branch,Queensland,"Branch office, Brisbane, Queensland, Australia",Office Administrative Services,commercial,55,14,340,-27.44642,153.0268,Australia,,,,synthetic_locations
Asiaworld,asiaworld,asiaworld-01,Head Office,New South Wales,"Head office, Sydney, New South Wales, Australia",Other Water Transport Support Services,industrial,62,4,510,-33.88443,151.19812,Australia,Alan Mann,Shipping,info@asiaworld.com.au,synthetic_locations
Asiaworld,asiaworld,asiaworld-02,Branch,Victoria,"Branch office, Melbourne, Victoria, Australia",Other Water Transport Support Services,industrial,74,2,640,-37.80334,144.95662,Australia,,,,synthetic_locations
Asiaworld,asiaworld,asiaworld-03,Branch,Queensland,"Branch office, Brisbane, Queensland, Australia",Other Water Transport Support Services,industrial,85,6,350,-27.48438,153.04308,Australia,,,,synthetic_locations
Matkowsky,matkowsky,matkowsky-01,Head Office,Ontario,"Head office, Toronto, Ontario, Canada",Writing And Editing,commercial,49,27,270,43.65259,-79.37999,Canada,Alan Marx,Senior Case Analyst,alan@matkowsky.ca,synthetic_locations
Matkowsky,matkowsky,matkowsky-02,Branch,Nova Scotia,"Branch office, Halifax, Nova Scotia, Canada",Writing And Editing,commercial,71,22,150,44.66057,-63.56445,Canada,,,,synthetic_locations
Matkowsky,matkowsky,matkowsky-03,Branch,Manitoba,"Branch office, Winnipeg, Manitoba, Canada",Writing And Editing,commercial,58,17,200,49.87725,-97.12629,Canada,,,,synthetic_locations
Matkowsky,matkowsky,matkowsky-04,Branch,Alberta,"Branch office, Calgary, Alberta, Canada",Writing And Editing,commercial,69,21,160,51.06466,-114.04305,Canada,,,,synthetic_locations
Pdgroup,pdgroup,pdgroup-01,Head Office,South Australia,"Head office, Adelaide, South Australia, Australia",Site Preparation Services,commercial,75,12,400,-34.94222,138.61726,Australia,Alan Moffatt,Stores Officer,alan@pdgroup.com.au,synthetic_locations
Pdgroup,pdgroup,pdgroup-02,Branch,Western Australia,"Branch office, Perth, Western Australia, Australia",Site Preparation Services,commercial,72,30,100,-31.96813,115.8703,Australia,,,,synthetic_locations
Pdgroup,pdgroup,pdgroup-03,Branch,New South Wales,"Branch office, Sydney, New South Wales, Australia",Site Preparation Services,commercial,81,16,300,-33.89039,151.19717,Australia,,,,synthetic_locations
Austcover,austcover,austcover-01,Head Office,Victoria,"Head office, Melbourne, Victoria, Australia",General Insurance,commercial,63,6,130,-37.82661,144.97314,Australia,Alan Moran,Authorised Representative,alanmoran@austcover.com.au,synthetic_locations
Austcover,austcover,austcover-02,Branch,Western Australia,"Branch office, Perth, Western Australia, Australia",General Insurance,commercial,76,19,290,-31.94645,115.84823,Australia,,,,synthetic_locations
Charterhall,charterhall,charterhall-01,Head Office,South Australia,"Head office, Adelaide, South Australia, Australia",Supermarket And Grocery Stores,commercial,70,6,330,-34.95745,138.60331,Australia,Alan Olivo,Centre Manager,alan.olivo@charterhall.com.au,synthetic_locations
Charterhall,charterhall,charterhall-02,Branch,Victoria,"Branch office, Melbourne, Victoria, Australia",Supermarket And Grocery Stores,commercial,68,9,120,-37.8423,144.94593,Australia,,,,synthetic_locations
Greycroft,greycroft,greycroft-01,Head Office,Illinois,"Head office, Chicago, Illinois, United States","Wellness,Therapeutics,Home Health Care,Personal Health,Cannabis,Medical Device",commercial,61,5,250,41.89691,-87.63448,United States,Alan Patricof,Co-Founder And Chairman Emeritus,alan@greycroft.com,synthetic_locations
Greycroft,greycroft,greycroft-02,Branch,Florida,"Branch office, Miami, Florida, United States","Wellness,Therapeutics,Home Health Care,Personal Health,Cannabis,Medical Device",commercial,56,24,340,25.73502,-80.16973,United States,,,,synthetic_locations
Greycroft,greycroft,greycroft-03,Branch,Texas,"Branch office, Houston, Texas, United States","Wellness,Therapeutics,Home Health Care,Personal Health,Cannabis,Medical Device",commercial,76,13,270,29.75692,-95.36215,United States,,,,synthetic_locations
Greycroft,greycroft,greycroft-04,Branch,Massachusetts,"Branch office, Boston, Massachusetts, United States","Wellness,Therapeutics,Home Health Care,Personal Health,Cannabis,Medical Device",commercial,46,15,270,42.35649,-71.07642,United States,,,,synthetic_locations
Gatesfoundation,gatesfoundation,gatesfoundation-01,Head Office,Northern Ireland,"Head office, Belfast, Northern Ireland, United Kingdom",Philanthropy,commercial,65,17,380,54.58355,-5.90305,United Kingdom,Alan Rennison,"Senior Program Officer, Global Development",alan.rennison@gatesfoundation.org,synthetic_locations
Gatesfoundation,gatesfoundation,gatesfoundation-02,Branch,Wales,"Branch office, Cardiff, Wales, United Kingdom",Philanthropy,commercial,73,29,270,51.47474,-3.15864,United Kingdom,,,,synthetic_locations
Gatesfoundation,gatesfoundation,gatesfoundation-03,Branch,England,"Branch office, London, England, United Kingdom",Philanthropy,commercial,42,13,160,51.50509,-0.09887,United Kingdom,,,,synthetic_locations
Peninsulasurvey,peninsulasurvey,peninsulasurvey-01,Head Office,South Australia,"Head office, Adelaide, South Australia, Australia",Surveying And Mapping Services,commercial,52,11,250,-34.93281,138.57858,Australia,Alan Runting,Licensed Surveyor,alan@peninsulasurvey.com.au,synthetic_locations
Peninsulasurvey,peninsulasurvey,peninsulasurvey-02,Branch,New South Wales,"Branch office, Sydney, New South Wales, Australia",Surveying And Mapping Services,commercial,66,24,220,-33.85686,151.23135,Australia,,,,synthetic_locations
Sunlitstudios,sunlitstudios,sunlitstudios-01,Head Office,Tasmania,"Head office, Hobart, Tasmania, Australia",Professional Photographic Services,commercial,42,8,310,-42.85807,147.30757,Australia,Alana Orth,Lovely Photographer,alana@sunlitstudios.com.au,synthetic_locations
Sunlitstudios,sunlitstudios,sunlitstudios-02,Branch,Western Australia,"Branch office, Perth, Western Australia, Australia",Professional Photographic Services,commercial,43,5,320,-31.92995,115.83454,Australia,,,,synthetic_locations
Sunlitstudios,sunlitstudios,sunlitstudios-03,Branch,New South Wales,"Branch office, Sydney, New South Wales, Australia",Professional Photographic Services,commercial,58,21,340,-33.88007,151.20504,Australia,,,,synthetic_locations
Sunlitstudios,sunlitstudios,sunlitstudios-04,Branch,Victoria,"Branch office, Melbourne, Victoria, Australia",Professional Photographic Services,commercial,42,10,360,-37.79811,144.94514,Australia,,,,synthetic_locations
Verizonwireless,verizonwireless,verizonwireless-01,Head Office,Massachusetts,"Head office, Boston, Massachusetts, United States",Unknown,residential,14,51,540,42.3412,-71.04074,United States,Alaniz Suzanne,"Associate Director, Smb",suzanne.alaniz@verizonwireless.com,synthetic_locations
Verizonwireless,verizonwireless,verizonwireless-02,Branch,Florida,"Branch office, Miami, Florida, United States",Unknown,commercial,54,18,230,25.77227,-80.19366,United States,,,,synthetic_locations
Verizonwireless,verizonwireless,verizonwireless-03,Branch,Texas,"Branch office, Houston, Texas, United States",Unknown,commercial,80,17,260,29.77059,-95.3735,United States,,,,synthetic_locations
Timbermill,timbermill,timbermill-01,Head Office,Australian Capital Territory,"Head office, Canberra, Australian Capital Territory, Australia",Furniture Retailing,commercial,63,9,300,-35.2725,149.10609,Australia,Alanna Foo,Rental Account Manager,rentals@timbermill.com.au,synthetic_locations
Timbermill,timbermill,timbermill-02,Branch,New South Wales,"Branch office, Sydney, New South Wales, Australia",Furniture Retailing,commercial,60,12,400,-33.88789,151.21314,Australia,,,,synthetic_locations
Timbermill,timbermill,timbermill-03,Branch,Western Australia,"Branch office, Perth, Western Australia, Australia",Furniture Retailing,commercial,42,17,380,-31.94779,115.8382,Australia,,,,synthetic_locations
Motorcarparts,motorcarparts,motorcarparts-01,Head Office,Washington,"Head office, Seattle, Washington, United States",Power Conversion & Protection Equipment,commercial,41,11,330,47.58445,-122.33737,United States,Albarran Sheryl,Accounts Receivable And Order Entry Supervisor,salbarran@motorcarparts.com,synthetic_locations
Motorcarparts,motorcarparts,motorcarparts-02,Branch,California,"Branch office, Los Angeles, California, United States",Power Conversion & Protection Equipment,commercial,53,26,230,34.07633,-118.23413,United States,,,,synthetic_locations
Motorcarparts,motorcarparts,motorcarparts-03,Branch,Massachusetts,"Branch office, Boston, Massachusetts, United States",Power Conversion & Protection Equipment,commercial,68,7,400,42.36864,-71.08209,United States,,,,synthetic_locations
Motorcarparts,motorcarparts,motorcarparts-04,Branch,Illinois,"Branch office, Chicago, Illinois, United States",Power Conversion & Protection Equipment,commercial,81,30,140,41.89306,-87.65876,United States,,,,synthetic_locations
Geo Logix,geo-logix,geo-logix-01,Head Office,Texas,"Head office, Houston, Texas, United States",Unknown,commercial,82,24,290,29.76695,-95.37965,United States,Albaugh Dennis,Vice President And Chief Geologist,dalbaugh@geo-logix.com,synthetic_locations
Geo Logix,geo-logix,geo-logix-02,Branch,Washington,"Branch office, Seattle, Washington, United States",Unknown,commercial,72,13,210,47.57876,-122.35365,United States,,,,synthetic_locations
Geo Logix,geo-logix,geo-logix-03,Branch,New York,"Branch office, New York, New York, United States",Unknown,commercial,66,6,400,40.69827,-73.99861,United States,,,,synthetic_locations
Geo Logix,geo-logix,geo-logix-04,Branch,Florida,"Branch office, Miami, Florida, United States",Unknown,commercial,64,29,390,25.73621,-80.19232,United States,,,,synthetic_locations
Adua,adua,adua-01,Head Office,South Australia,"Head office, Adelaide, South Australia, Australia",Iron Smelting And Steel Manufacturing,industrial,68,4,760,-34.94198,138.62921,Australia,Albert Bonnani,"Manager, Production & Workshop",albert@adua.com.au,synthetic_locations
Adua,adua,adua-02,Branch,Queensland,"Branch office, Brisbane, Queensland, Australia",Iron Smelting And Steel Manufacturing,industrial,62,2,770,-27.47273,153.02043,Australia,,,,synthetic_locations
Adua,adua,adua-03,Branch,Victoria,"Branch office, Melbourne, Victoria, Australia",Iron Smelting And Steel Manufacturing,industrial,71,1,490,-37.83742,144.95211,Australia,,,,synthetic_locations
Adua,adua,adua-04,Branch,New South Wales,"Branch office, Sydney, New South Wales, Australia",Iron Smelting And Steel Manufacturing,industrial,60,1,460,-33.84094,151.18032,Australia,,,,synthetic_locations
Facilis,facilis,facilis-01,Head Office,California,"Head office, Los Angeles, California, United States",Computer Equipment & Peripherals,commercial,41,17,150,34.02398,-118.21476,United States,Albert Francis,President And Founder And Chief Architect,francis@facilis.com,synthetic_locations
Facilis,facilis,facilis-02,Branch,New York,"Branch office, New York, New York, United States",Computer Equipment & Peripherals,commercial,75,8,380,40.7127,-73.97965,United States,,,,synthetic_locations
Gardinerhockey,gardinerhockey,gardinerhockey-01,Head Office,New York,"Head office, New York, New York, United States",Unknown,commercial,73,23,200,40.72105,-73.98728,United States,Alberti Corey,Equipment Manager,equipdir@gardinerhockey.com,synthetic_locations
Gardinerhockey,gardinerhockey,gardinerhockey-02,Branch,Texas,"Branch office, Houston, Texas, United States",Unknown,commercial,42,15,330,29.73296,-95.39505,United States,,,,synthetic_locations
Gardinerhockey,gardinerhockey,gardinerhockey-03,Branch,Colorado,"Branch office, Denver, Colorado, United States",Unknown,commercial,58,9,170,39.76447,-104.98551,United States,,,,synthetic_locations
Oldcastle,oldcastle,oldcastle-01,Head Office,Florida,"Head office, Miami, Florida, United States",Unknown,residential,14,37,750,25.75631,-80.18532,United States,Albertini Stephen,Regional Retail Manager (Florida And Puerto Rico),steve.albertini@oldcastle.com,synthetic_locations
Oldcastle,oldcastle,oldcastle-02,Branch,New York,"Branch office, New York, New York, United States",Unknown,commercial,50,11,130,40.70336,-74.01457,United States,,,,synthetic_locations
Oldcastle,oldcastle,oldcastle-03,Branch,Texas,"Branch office, Houston, Texas, United States",Unknown,commercial,54,30,390,29.75689,-95.35693,United States,,,,synthetic_locations
Oldcastle,oldcastle,oldcastle-04,Branch,Colorado,"Branch office, Denver, Colorado, United States",Unknown,commercial,84,26,400,39.71288,-105.01374,United States,,,,synthetic_locations
Llbean,llbean,llbean-01,Head Office,Colorado,"Head office, Denver, Colorado, United States",Unknown,commercial,79,8,230,39.73753,-104.96708,United States,Albright Nellie,"Manager , Content Marketing Planning",nalbright@llbean.com,synthetic_locations
Llbean,llbean,llbean-02,Branch,Washington,"Branch office, Seattle, Washington, United States",Unknown,commercial,75,11,290,47.60064,-122.31743,United States,,,,synthetic_locations
Llbean,llbean,llbean-03,Branch,New York,"Branch office, New York, New York, United States",Unknown,commercial,74,20,170,40.69102,-74.03458,United States,,,,synthetic_locations
Aldango,aldango,aldango-01,Head Office,Manitoba,"Head office, Winnipeg, Manitoba, Canada",Alternative Medicine,commercial,62,17,310,49.92497,-97.16071,Canada,Alda Ngo,Co-Owner And Co-Clinical Director,alda@aldango.com,synthetic_locations
Aldango,aldango,aldango-02,Branch,Quebec,"Branch office, Montreal, Quebec, Canada",Alternative Medicine,commercial,52,27,310,45.50571,-73.58145,Canada,,,,synthetic_locations
Aldango,aldango,aldango-03,Branch,Alberta,"Branch office, Calgary, Alberta, Canada",Alternative Medicine,commercial,74,25,340,51.05969,-114.09332,Canada,,,,synthetic_locations
Aldango,aldango,aldango-04,Branch,Ontario,"Branch office, Toronto, Ontario, Canada",Alternative Medicine,commercial,64,13,240,43.66969,-79.40646,Canada,,,,synthetic_locations
Spectrummarketing,spectrummarketing,spectrummarketing-01,Head Office,Arizona,"Head office, Phoenix, Arizona, United States",Unknown,commercial,66,20,130,33.47438,-112.05371,United States,Aldrich Michael,Information Technology And Management Information Systems Administrator,mike@spectrummarketing.com,synthetic_locations
Spectrummarketing,spectrummarketing,spectrummarketing-02,Branch,Illinois,"Branch office, Chicago, Illinois, United States",Unknown,residential,4,53,710,41.84978,-87.60884,United States,,,,synthetic_locations
Spectrummarketing,spectrummarketing,spectrummarketing-03,Branch,California,"Branch office, Los Angeles, California, United States",Unknown,commercial,60,14,280,34.06498,-118.21454,United States,,,,synthetic_locations
Spectrummarketing,spectrummarketing,spectrummarketing-04,Branch,Massachusetts,"Branch office, Boston, Massachusetts, United States",Unknown,residential,4,35,520,42.37259,-71.04608,United States,,,,synthetic_locations
Athensservices,athensservices,athensservices-01,Head Office,Washington,"Head office, Seattle, Washington, United States","Waste Treatment, Environmental Services & Recycling",commercial,74,12,330,47.59073,-122.31463,United States,Aldridge Jessica,Sustainability Manager,jaldridge@athensservices.com,synthetic_locations
Athensservices,athensservices,athensservices-02,Branch,New York,"Branch office, New York, New York, United States","Waste Treatment, Environmental Services & Recycling",commercial,56,13,330,40.69155,-74.01569,United States,,,,synthetic_locations
Athensservices,athensservices,athensservices-03,Branch,Colorado,"Branch office, Denver, Colorado, United States","Waste Treatment, Environmental Services & Recycling",commercial,53,29,260,39.75312,-104.96199,United States,,,,synthetic_locations
Hawthorneyeclinic,hawthorneyeclinic,hawthorneyeclinic-01,Head Office,Victoria,"Head office, Melbourne, Victoria, Australia",Specialist Medical Services,commercial,70,29,180,-37.84125,144.94557,Australia,Alessandra Bellio,Orthoptist,enquiries@hawthorneyeclinic.com.au,synthetic_locations
Hawthorneyeclinic,hawthorneyeclinic,hawthorneyeclinic-02,Branch,Tasmania,"Branch office, Hobart, Tasmania, Australia",Specialist Medical Services,commercial,74,12,110,-42.90262,147.33716,Australia,,,,synthetic_locations
Nab,nab,nab-01,Head Office,South Australia,"Head office, Adelaide, South Australia, Australia",Central Banking,commercial,41,6,360,-34.92255,138.58084,Australia,Alex Cummins,"Information Technology Manager, Delivery Engagement",alex.cummins@nab.com.au,synthetic_locations
Nab,nab,nab-02,Branch,New South Wales,"Branch office, Sydney, New South Wales, Australia",Central Banking,commercial,83,18,140,-33.87233,151.19148,Australia,Sam Nickless,Managing Director Emerging Businesses And Strategy,sam.nickless@nab.com.au,synthetic_locations
Nab,nab,nab-03,Branch,Western Australia,"Branch office, Perth, Western Australia, Australia",Central Banking,commercial,78,26,210,-31.97072,115.88523,Australia,,,,synthetic_locations
Nab,nab,nab-04,Branch,Queensland,"Branch office, Brisbane, Queensland, Australia",Central Banking,commercial,56,6,150,-27.48216,153.0086,Australia,,,,synthetic_locations
Hawkers,hawkers,hawkers-01,Head Office,New South Wales,"Head office, Sydney, New South Wales, Australia",Other Interest Group Services N.E.C.,commercial,70,9,180,-33.85802,151.22033,Australia,Alex Lovelock,Brewer And Cellar Monkey,alex@hawkers.beer,synthetic_locations
Hawkers,hawkers,hawkers-02,Branch,South Australia,"Branch office, Adelaide, South Australia, Australia",Other Interest Group Services N.E.C.,commercial,73,5,380,-34.94596,138.57397,Australia,,,,synthetic_locations
Hawkers,hawkers,hawkers-03,Branch,Queensland,"Branch office, Brisbane, Queensland, Australia",Other Interest Group Services N.E.C.,commercial,82,28,120,-27.46392,153.05488,Australia,,,,synthetic_locations
Hawkers,hawkers,hawkers-04,Branch,Victoria,"Branch office, Melbourne, Victoria, Australia",Other Interest Group Services N.E.C.,commercial,49,9,160,-37.83755,144.97546,Australia,,,,synthetic_locations
Morethanphysio,morethanphysio,morethanphysio-01,Head Office,Australian Capital Territory,"Head office, Canberra, Australian Capital Territory, Australia",Sports And Physical Recreation Instruction,residential,3,54,990,-35.28198,149.10425,Australia,Alex Maratos,Exercise Physiologist,info@morethanphysio.com.au,synthetic_locations
Morethanphysio,morethanphysio,morethanphysio-02,Branch,New South Wales,"Branch office, Sydney, New South Wales, Australia",Sports And Physical Recreation Instruction,commercial,71,6,150,-33.8389,151.23475,Australia,,,,synthetic_locations
Authorsupportservices,authorsupportservices,authorsupportservices-01,Head Office,Australian Capital Territory,"Head office, Canberra, Australian Capital Territory, Australia",Magazine And Other Periodical Publishing,commercial,41,16,270,-35.27936,149.10539,Australia,Alex Mitchell,Author Support Services,alexmitchell@authorsupportservices.com,synthetic_locations
Authorsupportservices,authorsupportservices,authorsupportservices-02,Branch,Victoria,"Branch office, Melbourne, Victoria, Australia",Magazine And Other Periodical Publishing,commercial,74,9,280,-37.80347,144.9397,Australia,,,,synthetic_locations
Innovative,innovative,innovative-01,Head Office,Queensland,"Head office, Brisbane, Queensland, Australia",Video And Other Electronic Media Rental And Hiring,commercial,56,5,330,-27.46614,153.0015,Australia,Alex Mueller,Audio Visual Operator/It Technician,info@innovative.net.au,synthetic_locations
Innovative,innovative,innovative-02,Branch,New South Wales,"Branch office, Sydney, New South Wales, Australia",Video And Other Electronic Media Rental And Hiring,commercial,77,28,250,-33.88507,151.20944,Australia,,,,synthetic_locations
Manpak,manpak,manpak-01,Head Office,Western Australia,"Head office, Perth, Western Australia, Australia",Packaging Services,industrial,58,1,360,-31.95463,115.86771,Australia,Alex Rio,General Manager Manpak,alex@manpak.com.au,synthetic_locations
Manpak,manpak,manpak-02,Branch,South Australia,"Branch office, Adelaide, South Australia, Australia",Packaging Services,industrial,81,6,520,-34.94679,138.61485,Australia,,,,synthetic_locations
Manpak,manpak,manpak-03,Branch,Australian Capital Territory,"Branch office, Canberra, Australian Capital Territory, Australia",Packaging Services,industrial,76,6,670,-35.26804,149.10302,Australia,,,,synthetic_locations
Manpak,manpak,manpak-04,Branch,Tasmania,"Branch office, Hobart, Tasmania, Australia",Packaging Services,industrial,61,2,670,-42.8721,147.33669,Australia,,,,synthetic_locations
Sydneyavspecialists,sydneyavspecialists,sydneyavspecialists-01,Head Office,Queensland,"Head office, Brisbane, Queensland, Australia",Music And Other Sound Recording Activities,commercial,79,17,260,-27.49963,153.04811,Australia,Alex Sharma,Sales And Service Coordinator,alex@sydneyavspecialists.com.au,synthetic_locations
Sydneyavspecialists,sydneyavspecialists,sydneyavspecialists-02,Branch,South Australia,"Branch office, Adelaide, South Australia, Australia",Music And Other Sound Recording Activities,commercial,47,19,340,-34.95457,138.59713,Australia,,,,synthetic_locations
Sydneyavspecialists,sydneyavspecialists,sydneyavspecialists-03,Branch,Australian Capital Territory,"Branch office, Canberra, Australian Capital Territory, Australia",Music And Other Sound Recording Activities,commercial,46,30,220,-35.31021,149.14153,Australia,,,,synthetic_locations
Sydneyavspecialists,sydneyavspecialists,sydneyavspecialists-04,Branch,Tasmania,"Branch office, Hobart, Tasmania, Australia",Music And Other Sound Recording Activities,commercial,41,24,240,-42.89231,147.33834,Australia,,,,synthetic_locations
Eventusfinancial,eventusfinancial,eventusfinancial-01,Head Office,Victoria,"Head office, Melbourne, Victoria, Australia",Financial Asset Broking Services,commercial,85,7,180,-37.78889,144.9331,Australia,Alex Veljancevski,Lending Specialist,info@eventusfinancial.com.au,synthetic_locations
Eventusfinancial,eventusfinancial,eventusfinancial-02,Branch,Tasmania,"Branch office, Hobart, Tasmania, Australia",Financial Asset Broking Services,commercial,64,16,390,-42.86017,147.35413,Australia,,,,synthetic_locations
Eventusfinancial,eventusfinancial,eventusfinancial-03,Branch,South Australia,"Branch office, Adelaide, South Australia, Australia",Financial Asset Broking Services,commercial,69,20,390,-34.92159,138.5726,Australia,,,,synthetic_locations
Auswidecomms,auswidecomms,auswidecomms-01,Head Office,Tasmania,"Head office, Hobart, Tasmania, Australia",Communication Equipment Manufacturing,industrial,83,6,720,-42.88487,147.3118,Australia,Alex You,All Rounder It/Telecommuniucation Field Service,sales@auswidecomms.com.au,synthetic_locations
Auswidecomms,auswidecomms,auswidecomms-02,Branch,South Australia,"Branch office, Adelaide, South Australia, Australia",Communication Equipment Manufacturing,industrial,70,5,780,-34.90619,138.58452,Australia,,,,synthetic_locations
Auswidecomms,auswidecomms,auswidecomms-03,Branch,Queensland,"Branch office, Brisbane, Queensland, Australia",Communication Equipment Manufacturing,industrial,68,4,310,-27.45387,153.02263,Australia,,,,synthetic_locations
Auswidecomms,auswidecomms,auswidecomms-04,Branch,Western Australia,"Branch office, Perth, Western Australia, Australia",Communication Equipment Manufacturing,industrial,61,1,460,-31.94783,115.85401,Australia,,,,synthetic_locations
Addcar,addcar,addcar-01,Head Office,New South Wales,"Head office, Sydney, New South Wales, Australia",Other Construction Material Mining,industrial,62,6,700,-33.84978,151.18416,Australia,Alexander Elder,Group Commercial Manager,enquiries@addcar.com.au,synthetic_locations
Addcar,addcar,addcar-02,Branch,Victoria,"Branch office, Melbourne, Victoria, Australia",Other Construction Material Mining,industrial,71,1,650,-37.81725,144.98069,Australia,,,,synthetic_locations
Addcar,addcar,addcar-03,Branch,Western Australia,"Branch office, Perth, Western Australia, Australia",Other Construction Material Mining,industrial,83,1,480,-31.9555,115.88831,Australia,,,,synthetic_locations
Addcar,addcar,addcar-04,Branch,Queensland,"Branch office, Brisbane, Queensland, Australia",Other Construction Material Mining,industrial,75,6,620,-27.49865,153.01951,Australia,,,,synthetic_locations
Targetglobal,targetglobal,targetglobal-01,Head Office,Northern Ireland,"Head office, Belfast, Northern Ireland, United Kingdom","Wellness,Emergency Medicine,Biopharma,Therapeutics,Clinical Trials,Health Diagnostics,Genetics,Bioinformatics,Medical Device,Personal Health",commercial,84,20,350,54.62008,-5.93115,United Kingdom,Alexander Frolov,Ceo And General Partner,afrolov@targetglobal.vc,synthetic_locations
Targetglobal,targetglobal,targetglobal-02,Branch,Wales,"Branch office, Cardiff, Wales, United Kingdom","Wellness,Emergency Medicine,Biopharma,Therapeutics,Clinical Trials,Health Diagnostics,Genetics,Bioinformatics,Medical Device,Personal Health",commercial,66,29,110,51.45781,-3.18894,United Kingdom,,,,synthetic_locations
Targetglobal,targetglobal,targetglobal-03,Branch,Scotland,"Branch office, Edinburgh, Scotland, United Kingdom","Wellness,Emergency Medicine,Biopharma,Therapeutics,Clinical Trials,Health Diagnostics,Genetics,Bioinformatics,Medical Device,Personal Health",commercial,49,26,360,55.95046,-3.19704,United Kingdom,,,,synthetic_locations
Aiswater,aiswater,aiswater-01,Head Office,South Australia,"Head office, Adelaide, South Australia, Australia",Other Store-Based Retailing N.E.C.,commercial,80,19,220,-34.93754,138.57082,Australia,Alexander Volobuev,Production Manager Of Commercial Electrolysers,alex@aiswater.com.au,synthetic_locations
Aiswater,aiswater,aiswater-02,Branch,Queensland,"Branch office, Brisbane, Queensland, Australia",Other Store-Based Retailing N.E.C.,commercial,81,23,130,-27.47812,153.05297,Australia,,,,synthetic_locations
Aiswater,aiswater,aiswater-03,Branch,New South Wales,"Branch office, Sydney, New South Wales, Australia",Other Store-Based Retailing N.E.C.,commercial,71,26,340,-33.87842,151.23823,Australia,,,,synthetic_locations
Techo Bloc,techo-bloc,techo-bloc-01,Head Office,Ontario,"Head office, Toronto, Ontario, Canada","Glass, Ceramics, & Concrete",commercial,67,24,240,43.65678,-79.36146,Canada,Alexandre Cadieux,Director - Business To Business Marketing,alexandre.cadieux@techo-bloc.com,synthetic_locations
Techo Bloc,techo-bloc,techo-bloc-02,Branch,British Columbia,"Branch office, Vancouver, British Columbia, Canada","Glass, Ceramics, & Concrete",commercial,65,29,270,49.27767,-123.10685,Canada,,,,synthetic_locations
Mondonougat,mondonougat,mondonougat-01,Head Office,New South Wales,"Head office, Sydney, New South Wales, Australia",Confectionery Manufacturing,industrial,63,1,490,-33.88234,151.19367,Australia,Alfonso Cioni,Pastry Chef,alfonso@mondonougat.com.au,synthetic_locations
Mondonougat,mondonougat,mondonougat-02,Branch,Victoria,"Branch office, Melbourne, Victoria, Australia",Confectionery Manufacturing,industrial,77,2,320,-37.80625,144.96793,Australia,,,,synthetic_locations
Bodum,bodum,bodum-01,Head Office,New South Wales,"Head office, Sydney, New South Wales, Australia",Other Goods Wholesaling N.E.C.,residential,12,45,890,-33.89608,151.18922,Australia,Alfredo M. Ponce,Corporate Logistics Manager,alfredo.ponce@bodum.com,synthetic_locations
Bodum,bodum,bodum-02,Branch,South Australia,"Branch office, Adelaide, South Australia, Australia",Other Goods Wholesaling N.E.C.,commercial,40,25,380,-34.9249,138.60616,Australia,,,,synthetic_locations
Bodum,bodum,bodum-03,Branch,Tasmania,"Branch office, Hobart, Tasmania, Australia",Other Goods Wholesaling N.E.C.,commercial,45,13,120,-42.85294,147.31612,Australia,,,,synthetic_locations
Bodum,bodum,bodum-04,Branch,Western Australia,"Branch office, Perth, Western Australia, Australia",Other Goods Wholesaling N.E.C.,commercial,73,13,400,-31.95039,115.83793,Australia,,,,synthetic_locations
Chasecellars,chasecellars,chasecellars-01,Head Office,Colorado,"Head office, Denver, Colorado, United States",Wine & Spirits,commercial,68,30,250,39.72141,-104.99632,United States,Alise Merritt,Sales & Wine Club Director,alise@chasecellars.com,synthetic_locations
Chasecellars,chasecellars,chasecellars-02,Branch,Massachusetts,"Branch office, Boston, Massachusetts, United States",Wine & Spirits,commercial,72,9,390,42.38447,-71.0456,United States,,,,synthetic_locations
Chasecellars,chasecellars,chasecellars-03,Branch,Texas,"Branch office, Houston, Texas, United States",Wine & Spirits,commercial,53,6,380,29.77916,-95.38593,United States,,,,synthetic_locations
Steamatic,steamatic,steamatic-01,Head Office,Tasmania,"Head office, Hobart, Tasmania, Australia",Building And Other Industrial Cleaning Services,commercial,65,30,130,-42.86977,147.31628,Australia,Alison Mckenzie,Whs And Human Resources Coordinator,amckenzie@steamatic.com.au,synthetic_locations
Steamatic,steamatic,steamatic-02,Branch,Western Australia,"Branch office, Perth, Western Australia, Australia",Building And Other Industrial Cleaning Services,commercial,59,15,340,-31.93041,115.88991,Australia,,,,synthetic_locations
Steamatic,steamatic,steamatic-03,Branch,Australian Capital Territory,"Branch office, Canberra, Australian Capital Territory, Australia",Building And Other Industrial Cleaning Services,commercial,85,6,240,-35.30895,149.1087,Australia,,,,synthetic_locations
Steamatic,steamatic,steamatic-04,Branch,South Australia,"Branch office, Adelaide, South Australia, Australia",Building And Other Industrial Cleaning Services,commercial,60,17,390,-34.95205,138.59655,Australia,,,,synthetic_locations
Doxa,doxa,doxa-01,Head Office,Australian Capital Territory,"Head office, Canberra, Australian Capital Territory, Australia",Other Social Assistance Services,commercial,41,21,110,-35.26736,149.13956,Australia,Alison Polyik,"General Manager, Partnerships And Corporate Affairs",apolyik@doxa.org.au,synthetic_locations
Doxa,doxa,doxa-02,Branch,Queensland,"Branch office, Brisbane, Queensland, Australia",Other Social Assistance Services,commercial,48,26,170,-27.49516,153.00974,Australia,,,,synthetic_locations
Doxa,doxa,doxa-03,Branch,New South Wales,"Branch office, Sydney, New South Wales, Australia",Other Social Assistance Services,commercial,43,19,320,-33.84325,151.23858,Australia,,,,synthetic_locations
Doxa,doxa,doxa-04,Branch,Tasmania,"Branch office, Hobart, Tasmania, Australia",Other Social Assistance Services,commercial,78,25,270,-42.88474,147.35201,Australia,,,,synthetic_locations
Sayfa,sayfa,sayfa-01,Head Office,Queensland,"Head office, Brisbane, Queensland, Australia",Clothing And Footwear Wholesaling,commercial,44,30,200,-27.48945,153.01402,Australia,Allan D Vos,Projects & General Manager,allan@sayfa.com.au,synthetic_locations
Sayfa,sayfa,sayfa-02,Branch,South Australia,"Branch office, Adelaide, South Australia, Australia",Clothing And Footwear Wholesaling,commercial,63,28,380,-34.91523,138.61705,Australia,,,,synthetic_locations
Sayfa,sayfa,sayfa-03,Branch,Western Australia,"Branch office, Perth, Western Australia, Australia",Clothing And Footwear Wholesaling,commercial,76,27,120,-31.97584,115.85043,Australia,,,,synthetic_locations
Windhamgroup,windhamgroup,windhamgroup-01,Head Office,Washington,"Head office, Seattle, Washington, United States",Unknown,commercial,62,30,370,47.63265,-122.32032,United States,Allard Kristen,Team Leader - Client Services,kallard@windhamgroup.com,synthetic_locations
Windhamgroup,windhamgroup,windhamgroup-02,Branch,Arizona,"Branch office, Phoenix, Arizona, United States",Unknown,commercial,77,12,260,33.46608,-112.06295,United States,,,,synthetic_locations
Kha,kha,kha-01,Head Office,Colorado,"Head office, Denver, Colorado, United States",Unknown,commercial,40,21,180,39.75847,-104.97847,United States,Allen Carl,Management Specialist And Mtw Management Information Systems Coordinator,callen@kha.org,synthetic_locations
Kha,kha,kha-02,Branch,Florida,"Branch office, Miami, Florida, United States",Unknown,commercial,47,11,160,25.78112,-80.21043,United States,,,,synthetic_locations
Berryplastics,berryplastics,berryplastics-01,Head Office,Florida,"Head office, Miami, Florida, United States","Plastic, Packaging & Containers",industrial,71,2,650,25.76338,-80.17075,United States,Allie Jonathan,Revenue And Operations Financial Manager,jonathanallie@berryplastics.com,synthetic_locations
Berryplastics,berryplastics,berryplastics-02,Branch,Arizona,"Branch office, Phoenix, Arizona, United States","Plastic, Packaging & Containers",industrial,88,4,570,33.43681,-112.09109,United States,,,,synthetic_locations
Berryplastics,berryplastics,berryplastics-03,Branch,Washington,"Branch office, Seattle, Washington, United States","Plastic, Packaging & Containers",industrial,65,2,500,47.60901,-122.33261,United States,,,,synthetic_locations
Brother,brother,brother-01,Head Office,Florida,"Head office, Miami, Florida, United States",Personal Computers & Peripherals,commercial,60,10,270,25.75016,-80.17956,United States,Allison Marcus,Management Information Systems,marcus.allison@brother.com,synthetic_locations
Brother,brother,brother-02,Branch,Washington,"Branch office, Seattle, Washington, United States",Personal Computers & Peripherals,commercial,45,10,110,47.61515,-122.30961,United States,,,,synthetic_locations
Brother,brother,brother-03,Branch,Illinois,"Branch office, Chicago, Illinois, United States",Personal Computers & Peripherals,commercial,75,26,150,41.89422,-87.62627,United States,,,,synthetic_locations
Brother,brother,brother-04,Branch,New York,"Branch office, New York, New York, United States",Personal Computers & Peripherals,commercial,71,12,400,40.68765,-73.98966,United States,,,,synthetic_locations
Hciltd,hciltd,hciltd-01,Head Office,Western Australia,"Head office, Perth, Western Australia, Australia",Auxiliary Insurance Services,commercial,81,25,170,-31.92057,115.85566,Australia,Allison Peebles,Claims Administrator,allison.peebles@hciltd.com.au,synthetic_locations
Hciltd,hciltd,hciltd-02,Branch,Tasmania,"Branch office, Hobart, Tasmania, Australia",Auxiliary Insurance Services,commercial,48,20,280,-42.89899,147.30327,Australia,,,,synthetic_locations
Rice,rice,rice-01,Head Office,California,"Head office, Los Angeles, California, United States",Limited Partner,commercial,82,7,180,34.06135,-118.23181,United States,Allison Thacker,President & Chief Investment Officer,athacker@rice.edu,synthetic_locations
Rice,rice,rice-02,Branch,New York,"Branch office, New York, New York, United States",Limited Partner,residential,4,40,990,40.71287,-73.98615,United States,,,,synthetic_locations
88Energy,88energy,88energy-01,Head Office,Western Australia,"Head office, Perth, Western Australia, Australia",Petroleum Exploration,commercial,71,14,200,-31.97009,115.84188,Australia,Allister Caird,Petroleum Geologist,acaird@88energy.com,synthetic_locations
88Energy,88energy,88energy-02,Branch,New South Wales,"Branch office, Sydney, New South Wales, Australia",Petroleum Exploration,commercial,79,23,360,-33.85327,151.2048,Australia,,,,synthetic_locations
88Energy,88energy,88energy-03,Branch,Queensland,"Branch office, Brisbane, Queensland, Australia",Petroleum Exploration,commercial,72,10,370,-27.4626,153.02649,Australia,,,,synthetic_locations
88Energy,88energy,88energy-04,Branch,Victoria,"Branch office, Melbourne, Victoria, Australia",Petroleum Exploration,residential,12,49,770,-37.80119,144.98756,Australia,,,,synthetic_locations
Indifi,indifi,indifi-01,Head Office,Gujarat,"Head office, Ahmedabad, Gujarat, India","Home Health Care,Personal Health,Hospital,Wellness,Medical Device",commercial,51,28,360,23.00388,72.55056,India,Alok Mittal,"Ceo, Co-Founder & Managing Director",amittal@indifi.com,synthetic_locations
Indifi,indifi,indifi-02,Branch,Delhi,"Branch office, New Delhi, Delhi, India","Home Health Care,Personal Health,Hospital,Wellness,Medical Device",commercial,83,6,220,28.60076,77.19507,India,,,,synthetic_locations
Oceangrovedental,oceangrovedental,oceangrovedental-01,Head Office,New South Wales,"Head office, Sydney, New South Wales, Australia",Dental Services,commercial,74,29,200,-33.89845,151.19789,Australia,Altan Haksoz,"Member, Team",info@oceangrovedental.com.au,synthetic_locations
Oceangrovedental,oceangrovedental,oceangrovedental-02,Branch,Tasmania,"Branch office, Hobart, Tasmania, Australia",Dental Services,commercial,71,17,340,-42.86565,147.32186,Australia,,,,synthetic_locations
Oceangrovedental,oceangrovedental,oceangrovedental-03,Branch,Western Australia,"Branch office, Perth, Western Australia, Australia",Dental Services,commercial,59,5,210,-31.93574,115.8847,Australia,,,,synthetic_locations
Captrustadvisors,captrustadvisors,captrustadvisors-01,Head Office,Georgia,"Head office, Atlanta, Georgia, United States",Unknown,commercial,60,30,350,33.77301,-84.37627,United States,Altfeder Jeremy,Senior Client Management Consultant,jeremy.altfeder@captrustadvisors.com,synthetic_locations
Captrustadvisors,captrustadvisors,captrustadvisors-02,Branch,Colorado,"Branch office, Denver, Colorado, United States",Unknown,commercial,64,15,230,39.71423,-105.01439,United States,,,,synthetic_locations
Tjx,tjx,tjx-01,Head Office,Florida,"Head office, Miami, Florida, United States",Apparel & Accessories,commercial,83,15,190,25.77651,-80.17211,United States,Altimas Adam,Manager - Information Risk Management,adam_altimas@tjx.com,synthetic_locations
Tjx,tjx,tjx-02,Branch,California,"Branch office, Los Angeles, California, United States",Apparel & Accessories,commercial,52,28,300,34.05363,-118.27068,United States,,,,synthetic_locations
Prodtrans,prodtrans,prodtrans-01,Head Office,Arizona,"Head office, Phoenix, Arizona, United States","Rail, Bus & Taxi",commercial,42,5,260,33.43972,-112.07778,United States,Alvarez Ron,Sales And Operations Manager,ralvarez@prodtrans.com,synthetic_locations
Prodtrans,prodtrans,prodtrans-02,Branch,Massachusetts,"Branch office, Boston, Massachusetts, United States","Rail, Bus & Taxi",commercial,85,25,220,42.36167,-71.02995,United States,,,,synthetic_locations
Prodtrans,prodtrans,prodtrans-03,Branch,Illinois,"Branch office, Chicago, Illinois, United States","Rail, Bus & Taxi",commercial,43,10,280,41.86641,-87.64205,United States,,,,synthetic_locations
Prodtrans,prodtrans,prodtrans-04,Branch,Colorado,"Branch office, Denver, Colorado, United States","Rail, Bus & Taxi",commercial,41,10,330,39.75555,-104.97418,United States,,,,synthetic_locations
Oldbridge,oldbridge,oldbridge-01,Head Office,Western Australia,"Head office, Perth, Western Australia, Australia",Liquor And Tobacco Product Wholesaling,commercial,61,24,400,-31.9466,115.87884,Australia,Aly Forsyth,Wine & Sales Buyer,aly@oldbridge.com.au,synthetic_locations
Oldbridge,oldbridge,oldbridge-02,Branch,Tasmania,"Branch office, Hobart, Tasmania, Australia",Liquor And Tobacco Product Wholesaling,commercial,79,17,390,-42.85839,147.32559,Australia,,,,synthetic_locations
Qld,qld,qld-01,Head Office,New South Wales,"Head office, Sydney, New South Wales, Australia","Adult, Community And Other Education N.E.C.",commercial,55,6,370,-33.86421,151.18629,Australia,Alyse Blann,It Technican,alyse.blann@stjamescollege.qld.edu.au,synthetic_locations
Qld,qld,qld-02,Branch,Western Australia,"Branch office, Perth, Western Australia, Australia","Adult, Community And Other Education N.E.C.",commercial,63,22,280,-31.94615,115.83065,Australia,Evelyn Golding,Ciaf General Manager,evelyn.golding@arts.qld.gov.au,synthetic_locations
Taylorceramicengineering,taylorceramicengineering,taylorceramicengineering-01,Head Office,Queensland,"Head office, Brisbane, Queensland, Australia",Other Ceramic Product Manufacturing,industrial,57,1,410,-27.44589,152.99725,Australia,Alyssa Taylor,Ceramic Engineer / General Manager,alyssa@taylorceramicengineering.com,synthetic_locations
Taylorceramicengineering,taylorceramicengineering,taylorceramicengineering-02,Branch,Western Australia,"Branch office, Perth, Western Australia, Australia",Other Ceramic Product Manufacturing,industrial,85,2,400,-31.92417,115.83943,Australia,,,,synthetic_locations
Tablegroup,tablegroup,tablegroup-01,Head Office,Washington,"Head office, Seattle, Washington, United States",Human Resources & Staffing,commercial,71,19,320,47.62474,-122.32081,United States,Amador Karen,"Director, Speaking Services",karen@tablegroup.com,synthetic_locations
Tablegroup,tablegroup,tablegroup-02,Branch,Georgia,"Branch office, Atlanta, Georgia, United States",Human Resources & Staffing,commercial,73,22,370,33.76291,-84.40143,United States,,,,synthetic_locations
Learnme,learnme,learnme-01,Head Office,Australian Capital Territory,"Head office, Canberra, Australian Capital Territory, Australia",Technical And Vocational Education And Training,commercial,54,22,280,-35.26068,149.13137,Australia,Amanda Best,Tae Trainer,amanda.best@learnme.edu.au,synthetic_locations
Learnme,learnme,learnme-02,Branch,New South Wales,"Branch office, Sydney, New South Wales, Australia",Technical And Vocational Education And Training,commercial,82,6,100,-33.845,151.23916,Australia,,,,synthetic_locations
Covespa,covespa,covespa-01,Head Office,Victoria,"Head office, Melbourne, Victoria, Australia",Hairdressing And Beauty Services,commercial,70,20,310,-37.80349,144.99284,Australia,Amanda Guile,Spa Manager,amanda@covespa.com.au,synthetic_locations
Covespa,covespa,covespa-02,Branch,New South Wales,"Branch office, Sydney, New South Wales, Australia",Hairdressing And Beauty Services,commercial,45,26,120,-33.86588,151.19393,Australia,,,,synthetic_locations
Covespa,covespa,covespa-03,Branch,South Australia,"Branch office, Adelaide, South Australia, Australia",Hairdressing And Beauty Services,commercial,68,28,190,-34.91546,138.62913,Australia,,,,synthetic_locations
Covespa,covespa,covespa-04,Branch,Queensland,"Branch office, Brisbane, Queensland, Australia",Hairdressing And Beauty Services,commercial,50,20,330,-27.46486,152.9957,Australia,,,,synthetic_locations
Staples,staples,staples-01,Head Office,Colorado,"Head office, Denver, Colorado, United States",Business Supplies & Equipment,commercial,85,25,200,39.71045,-104.96231,United States,Amanda Locklear,Federal Sales Director,amanda.locklear@staples.com,synthetic_locations
Staples,staples,staples-02,Branch,New York,"Branch office, New York, New York, United States",Business Supplies & Equipment,commercial,73,8,240,40.72493,-74.0234,United States,,,,synthetic_locations
Staples,staples,staples-03,Branch,Florida,"Branch office, Miami, Florida, United States",Business Supplies & Equipment,commercial,45,19,300,25.77918,-80.17799,United States,,,,synthetic_locations
Staples,staples,staples-04,Branch,Washington,"Branch office, Seattle, Washington, United States",Business Supplies & Equipment,commercial,54,26,140,47.59427,-122.33186,United States,,,,synthetic_locations
Balancetherapy,balancetherapy,balancetherapy-01,Head Office,Queensland,"Head office, Brisbane, Queensland, Australia",Health And Fitness Centres And Gymnasia Operation,commercial,84,18,280,-27.47097,153.04979,Australia,Amanda Mccarthy,Property Acquisitions Manager,amanda@balancetherapy.com.au,synthetic_locations
Balancetherapy,balancetherapy,balancetherapy-02,Branch,South Australia,"Branch office, Adelaide, South Australia, Australia",Health And Fitness Centres And Gymnasia Operation,commercial,53,7,330,-34.90221,138.59349,Australia,,,,synthetic_locations
Nexuschurch,nexuschurch,nexuschurch-01,Head Office,Victoria,"Head office, Melbourne, Victoria, Australia",Religious Services,commercial,85,7,340,-37.8068,144.96761,Australia,Amanda Simmons,Communications & Event Manager,info@nexuschurch.com.au,synthetic_locations
Nexuschurch,nexuschurch,nexuschurch-02,Branch,Western Australia,"Branch office, Perth, Western Australia, Australia",Religious Services,commercial,82,16,390,-31.94765,115.87359,Australia,,,,synthetic_locations
Nexuschurch,nexuschurch,nexuschurch-03,Branch,South Australia,"Branch office, Adelaide, South Australia, Australia",Religious Services,commercial,70,22,290,-34.95748,138.62994,Australia,,,,synthetic_locations
Nexuschurch,nexuschurch,nexuschurch-04,Branch,New South Wales,"Branch office, Sydney, New South Wales, Australia",Religious Services,commercial,49,11,100,-33.86579,151.19472,Australia,,,,synthetic_locations
Orccd,orccd,orccd-01,Head Office,Colorado,"Head office, Denver, Colorado, United States",Religious Organizations,commercial,78,6,280,39.74978,-104.97474,United States,Amarillas Julio,Cemetery Manager,j.amarillas@orccd.com,synthetic_locations
Orccd,orccd,orccd-02,Branch,Illinois,"Branch office, Chicago, Illinois, United States",Religious Organizations,commercial,81,28,220,41.85839,-87.61408,United States,,,,synthetic_locations
Orccd,orccd,orccd-03,Branch,Florida,"Branch office, Miami, Florida, United States",Religious Organizations,residential,11,48,760,25.78754,-80.20955,United States,,,,synthetic_locations
Jobsaustralia,jobsaustralia,jobsaustralia-01,Head Office,Australian Capital Territory,"Head office, Canberra, Australian Capital Territory, Australia",Labour Supply Services,industrial,61,6,310,-35.26246,149.1214,Australia,Amber Griffiths,Jobactive Consultant,enquiries@jobsaustralia.com.au,synthetic_locations
Jobsaustralia,jobsaustralia,jobsaustralia-02,Branch,South Australia,"Branch office, Adelaide, South Australia, Australia",Labour Supply Services,industrial,88,3,530,-34.91361,138.59679,Australia,,,,synthetic_locations
Amphenolpcd,amphenolpcd,amphenolpcd-01,Head Office,Florida,"Head office, Miami, Florida, United States",Wire & Cable,commercial,50,18,230,25.76298,-80.20915,United States,Amico Brett,Quality And Compliance Manager,bamico@amphenolpcd.com,synthetic_locations
Amphenolpcd,amphenolpcd,amphenolpcd-02,Branch,California,"Branch office, Los Angeles, California, United States",Wire & Cable,commercial,80,24,370,34.07813,-118.2645,United States,,,,synthetic_locations
Cshs,cshs,cshs-01,Head Office,New York,"Head office, New York, New York, United States",Emergency Medical Transportation & Services,industrial,59,6,350,40.71443,-74.03216,United States,Amidon Allyson,Credentials Eval Supervisor,allyson.amidon@cshs.org,synthetic_locations
Cshs,cshs,cshs-02,Branch,Washington,"Branch office, Seattle, Washington, United States",Emergency Medical Transportation & Services,industrial,59,5,490,47.62768,-122.31804,United States,,,,synthetic_locations
Cshs,cshs,cshs-03,Branch,Florida,"Branch office, Miami, Florida, United States",Emergency Medical Transportation & Services,industrial,87,4,740,25.76859,-80.20949,United States,,,,synthetic_locations
Cshs,cshs,cshs-04,Branch,Texas,"Branch office, Houston, Texas, United States",Emergency Medical Transportation & Services,industrial,57,1,780,29.76695,-95.34105,United States,,,,synthetic_locations
Westpac,westpac,westpac-01,Head Office,Queensland,"Head office, Brisbane, Queensland, Australia",Alternative Dispute Resolution,commercial,81,12,390,-27.45547,153.00818,Australia,Ammaar Mirza,Information Security Analyst,ammaar.mirza@westpac.com.au,synthetic_locations
Westpac,westpac,westpac-02,Branch,South Australia,"Branch office, Adelaide, South Australia, Australia",Alternative Dispute Resolution,residential,9,49,780,-34.93373,138.60009,Australia,,,,synthetic_locations
Westpac,westpac,westpac-03,Branch,Victoria,"Branch office, Melbourne, Victoria, Australia",Alternative Dispute Resolution,commercial,64,26,360,-37.78589,144.97256,Australia,,,,synthetic_locations
Specialtyfoods,specialtyfoods,specialtyfoods-01,Head Office,Australian Capital Territory,"Head office, Canberra, Australian Capital Territory, Australia","Fresh Meat, Fish And Poultry Retailing",commercial,49,10,370,-35.25134,149.1079,Australia,Amy Burdett,"Business Development Manager, Nsw",enquiry@specialtyfoods.com.au,synthetic_locations
Specialtyfoods,specialtyfoods,specialtyfoods-02,Branch,South Australia,"Branch office, Adelaide, South Australia, Australia","Fresh Meat, Fish And Poultry Retailing",commercial,66,9,230,-34.94877,138.57674,Australia,,,,synthetic_locations
Bne,bne,bne-01,Head Office,Tasmania,"Head office, Hobart, Tasmania, Australia",Airport Operations And Other Air Transport Support Services,industrial,69,5,670,-42.86828,147.31647,Australia,Amy Christoforou,Personal Assistant To Executive General Manager - Consumers,amy.christoforou@bne.com.au,synthetic_locations
Bne,bne,bne-02,Branch,Australian Capital Territory,"Branch office, Canberra, Australian Capital Territory, Australia",Airport Operations And Other Air Transport Support Services,industrial,66,2,450,-35.30707,149.14175,Australia,,,,synthetic_locations
Epiroc,epiroc,epiroc-01,Head Office,Western Australia,"Head office, Perth, Western Australia, Australia",Machine Tool And Parts Manufacturing,industrial,61,1,340,-31.93767,115.8475,Australia,Amy Durand,Rdt Administrator,amy.durand@epiroc.com,synthetic_locations
Epiroc,epiroc,epiroc-02,Branch,Victoria,"Branch office, Melbourne, Victoria, Australia",Machine Tool And Parts Manufacturing,industrial,57,6,570,-37.80494,144.99192,Australia,,,,synthetic_locations
Purebaby,purebaby,purebaby-01,Head Office,Tasmania,"Head office, Hobart, Tasmania, Australia",Other Residential Care Services,commercial,82,13,330,-42.85842,147.30691,Australia,Amy Eleftheriadis,"Manager, Digital & Marketing",enquiries@purebaby.com.au,synthetic_locations
Purebaby,purebaby,purebaby-02,Branch,Western Australia,"Branch office, Perth, Western Australia, Australia",Other Residential Care Services,commercial,65,27,360,-31.94413,115.83228,Australia,,,,synthetic_locations
Purebaby,purebaby,purebaby-03,Branch,Victoria,"Branch office, Melbourne, Victoria, Australia",Other Residential Care Services,commercial,76,17,220,-37.79929,144.97521,Australia,,,,synthetic_locations
Purebaby,purebaby,purebaby-04,Branch,Australian Capital Territory,"Branch office, Canberra, Australian Capital Territory, Australia",Other Residential Care Services,commercial,40,24,290,-35.25456,149.14958,Australia,,,,synthetic_locations
Newenglandtravel,newenglandtravel,newenglandtravel-01,Head Office,South Australia,"Head office, Adelaide, South Australia, Australia",Travel Agency And Tour Arrangement Services,commercial,50,25,390,-34.92295,138.58592,Australia,Amy Holzberger,Corporate And Leisure Travel Consultant,amy@newenglandtravel.com.au,synthetic_locations
Newenglandtravel,newenglandtravel,newenglandtravel-02,Branch,Victoria,"Branch office, Melbourne, Victoria, Australia",Travel Agency And Tour Arrangement Services,commercial,58,13,120,-37.79847,144.97889,Australia,,,,synthetic_locations
Newenglandtravel,newenglandtravel,newenglandtravel-03,Branch,Queensland,"Branch office, Brisbane, Queensland, Australia",Travel Agency And Tour Arrangement Services,commercial,62,29,110,-27.49305,153.03754,Australia,,,,synthetic_locations
Newenglandtravel,newenglandtravel,newenglandtravel-04,Branch,Tasmania,"Branch office, Hobart, Tasmania, Australia",Travel Agency And Tour Arrangement Services,commercial,77,6,250,-42.86266,147.33434,Australia,,,,synthetic_locations
Greenevent,greenevent,greenevent-01,Head Office,Queensland,"Head office, Brisbane, Queensland, Australia",Other Goods And Equipment Rental And Hiring N.E.C.,commercial,50,5,340,-27.44098,153.03445,Australia,Amy Leech,Events And Project Manager,plants@greenevent.com.au,synthetic_locations
Greenevent,greenevent,greenevent-02,Branch,New South Wales,"Branch office, Sydney, New South Wales, Australia",Other Goods And Equipment Rental And Hiring N.E.C.,commercial,77,17,250,-33.84879,151.21386,Australia,,,,synthetic_locations
Syneron Candela,syneron-candela,syneron-candela-01,Head Office,Western Australia,"Head office, Perth, Western Australia, Australia",Medical And Surgical Equipment Manufacturing,industrial,61,6,760,-31.97922,115.8411,Australia,Amy Nicholas,National Key Accounts And Logistics Manager Anz,amyn@syneron-candela.com,synthetic_locations
Syneron Candela,syneron-candela,syneron-candela-02,Branch,Australian Capital Territory,"Branch office, Canberra, Australian Capital Territory, Australia",Medical And Surgical Equipment Manufacturing,industrial,65,5,310,-35.27734,149.142,Australia,,,,synthetic_locations
Cunneen,cunneen,cunneen-01,Head Office,Queensland,"Head office, Brisbane, Queensland, Australia",Electric Lighting Equipment Manufacturing,industrial,63,4,340,-27.44171,152.99903,Australia,Amy Osuivan,"Marketing Coordinator , Receptionist & Oh&S Coordinator",amy@cunneen.com.au,synthetic_locations
Cunneen,cunneen,cunneen-02,Branch,Western Australia,"Branch office, Perth, Western Australia, Australia",Electric Lighting Equipment Manufacturing,industrial,74,5,420,-31.97436,115.86841,Australia,,,,synthetic_locations
Cunneen,cunneen,cunneen-03,Branch,Tasmania,"Branch office, Hobart, Tasmania, Australia",Electric Lighting Equipment Manufacturing,industrial,66,1,620,-42.85721,147.32137,Australia,,,,synthetic_locations
Snhomes,snhomes,snhomes-01,Head Office,South Australia,"Head office, Adelaide, South Australia, Australia",Other Hardware Goods Wholesaling,commercial,58,10,220,-34.92731,138.59989,Australia,Amy Parker,Colour Selections Consultant,amy.parker@snhomes.com.au,synthetic_locations
Snhomes,snhomes,snhomes-02,Branch,Australian Capital Territory,"Branch office, Canberra, Australian Capital Territory, Australia",Other Hardware Goods Wholesaling,commercial,79,24,190,-35.30109,149.11013,Australia,,,,synthetic_locations
Snhomes,snhomes,snhomes-03,Branch,Tasmania,"Branch office, Hobart, Tasmania, Australia",Other Hardware Goods Wholesaling,commercial,43,7,110,-42.87485,147.34855,Australia,,,,synthetic_locations
Afore,afore,afore-01,Head Office,Texas,"Head office, Houston, Texas, United States","Robotics,Personal Health,Wellness",commercial,81,10,160,29.73665,-95.39475,United States,Anamitra Banerji,"Managing Partner, Founder",anamitra@afore.vc,synthetic_locations
Afore,afore,afore-02,Branch,Florida,"Branch office, Miami, Florida, United States","Robotics,Personal Health,Wellness",commercial,76,27,310,25.73583,-80.21453,United States,,,,synthetic_locations
Datavirtue,datavirtue,datavirtue-01,Head Office,Washington,"Head office, Seattle, Washington, United States",Unknown,commercial,59,29,360,47.62026,-122.33596,United States,Anderson Sean,"Business Software Analyst, Software Engineer, Web Engineer, Marketing Manager And Graphic Designer",seanka@datavirtue.com,synthetic_locations
Datavirtue,datavirtue,datavirtue-02,Branch,Arizona,"Branch office, Phoenix, Arizona, United States",Unknown,commercial,64,16,130,33.44418,-112.08946,United States,,,,synthetic_locations
Datavirtue,datavirtue,datavirtue-03,Branch,Colorado,"Branch office, Denver, Colorado, United States",Unknown,commercial,54,21,130,39.72106,-104.98206,United States,,,,synthetic_locations
Datavirtue,datavirtue,datavirtue-04,Branch,Texas,"Branch office, Houston, Texas, United States",Unknown,commercial,43,5,210,29.76347,-95.39409,United States,,,,synthetic_locations
Nucor Yamato,nucor-yamato,nucor-yamato-01,Head Office,Colorado,"Head office, Denver, Colorado, United States",Metals & Minerals,commercial,46,10,370,39.76138,-105.01499,United States,Anderson Terry,Casting Supervisor,tanderson@nucor-yamato.com,synthetic_locations
Nucor Yamato,nucor-yamato,nucor-yamato-02,Branch,Texas,"Branch office, Houston, Texas, United States",Metals & Minerals,commercial,85,11,300,29.77507,-95.37755,United States,,,,synthetic_locations
Nucor Yamato,nucor-yamato,nucor-yamato-03,Branch,Arizona,"Branch office, Phoenix, Arizona, United States",Metals & Minerals,commercial,55,25,170,33.44214,-112.05264,United States,,,,synthetic_locations
Edwardsaquifer,edwardsaquifer,edwardsaquifer-01,Head Office,Texas,"Head office, Houston, Texas, United States",Water & Water Treatment,commercial,73,17,270,29.78224,-95.38531,United States,Andrade Roger,Evaluation Supervisor - Aquifer Protection,randrade@edwardsaquifer.org,synthetic_locations
Edwardsaquifer,edwardsaquifer,edwardsaquifer-02,Branch,Arizona,"Branch office, Phoenix, Arizona, United States",Water & Water Treatment,commercial,48,6,340,33.43799,-112.07757,United States,,,,synthetic_locations
Edwardsaquifer,edwardsaquifer,edwardsaquifer-03,Branch,California,"Branch office, Los Angeles, California, United States",Water & Water Treatment,commercial,62,13,180,34.04125,-118.22081,United States,,,,synthetic_locations
1Stsource,1stsource,1stsource-01,Head Office,California,"Head office, Los Angeles, California, United States",Corporation,commercial,43,29,240,34.0487,-118.25286,United States,Andrea G. Short,"Executive Vice President, Treasurer & Chief Financial Officer",andrea.short@1stsource.com,synthetic_locations
1Stsource,1stsource,1stsource-02,Branch,Arizona,"Branch office, Phoenix, Arizona, United States",Corporation,commercial,46,14,370,33.46624,-112.05901,United States,,,,synthetic_locations
Djj,djj,djj-01,Head Office,Texas,"Head office, Houston, Texas, United States",Unknown,commercial,84,8,120,29.73317,-95.35353,United States,Andreadis Dawn,Recruiting Manager,dma@djj.com,synthetic_locations
Djj,djj,djj-02,Branch,Colorado,"Branch office, Denver, Colorado, United States",Unknown,residential,10,44,920,39.73982,-104.96255,United States,,,,synthetic_locations
Djj,djj,djj-03,Branch,California,"Branch office, Los Angeles, California, United States",Unknown,commercial,51,6,210,34.06299,-118.25293,United States,,,,synthetic_locations
Djj,djj,djj-04,Branch,Arizona,"Branch office, Phoenix, Arizona, United States",Unknown,commercial,75,13,220,33.466,-112.09282,United States,,,,synthetic_locations
Woodfinoil,woodfinoil,woodfinoil-01,Head Office,California,"Head office, Los Angeles, California, United States",Unknown,commercial,69,17,260,34.03178,-118.21856,United States,Andress Justin,President - Woodfin Oil,jandress@woodfinoil.com,synthetic_locations
Woodfinoil,woodfinoil,woodfinoil-02,Branch,Arizona,"Branch office, Phoenix, Arizona, United States",Unknown,commercial,51,15,390,33.46372,-112.07958,United States,,,,synthetic_locations
Uclan,uclan,uclan-01,Head Office,Scotland,"Head office, Edinburgh, Scotland, United Kingdom",Veterinary,commercial,66,14,300,55.9468,-3.2079,United Kingdom,Andrew Boak,Quality And Regulatory Manager,aboak@uclan.ac.uk,synthetic_locations
Uclan,uclan,uclan-02,Branch,Northern Ireland,"Branch office, Belfast, Northern Ireland, United Kingdom",Veterinary,residential,11,30,680,54.58691,-5.92363,United Kingdom,,,,synthetic_locations
Centralian,centralian,centralian-01,Head Office,New South Wales,"Head office, Sydney, New South Wales, Australia",Iron And Steel Forging,commercial,83,20,360,-33.86726,151.20108,Australia,Andrew Caruana,Architects,andrew.caruana@centralian.com.au,synthetic_locations
Centralian,centralian,centralian-02,Branch,South Australia,"Branch office, Adelaide, South Australia, Australia",Iron And Steel Forging,residential,6,38,760,-34.9306,138.57973,Australia,,,,synthetic_locations
Centralian,centralian,centralian-03,Branch,Victoria,"Branch office, Melbourne, Victoria, Australia",Iron And Steel Forging,commercial,53,14,140,-37.79771,144.9576,Australia,,,,synthetic_locations
Nextracker,nextracker,nextracker-01,Head Office,Illinois,"Head office, Chicago, Illinois, United States",Environmental Services & Clean Energy,industrial,69,6,540,41.8673,-87.65024,United States,Andrew Chino,"Sales Director, Australia C&I",achino@nextracker.com,synthetic_locations
Nextracker,nextracker,nextracker-02,Branch,California,"Branch office, Los Angeles, California, United States",Environmental Services & Clean Energy,industrial,73,6,720,34.05231,-118.24015,United States,,,,synthetic_locations
Nextracker,nextracker,nextracker-03,Branch,Washington,"Branch office, Seattle, Washington, United States",Environmental Services & Clean Energy,industrial,71,4,750,47.60926,-122.32652,United States,,,,synthetic_locations
Woodslane,woodslane,woodslane-01,Head Office,Tasmania,"Head office, Hobart, Tasmania, Australia",Newspaper And Book Retailing,commercial,54,5,160,-42.90177,147.35676,Australia,Andrew Guy,Publishing & Marketing Manager,info@woodslane.com.au,synthetic_locations
Woodslane,woodslane,woodslane-02,Branch,South Australia,"Branch office, Adelaide, South Australia, Australia",Newspaper And Book Retailing,commercial,61,25,400,-34.94682,138.58374,Australia,,,,synthetic_locations
Woodslane,woodslane,woodslane-03,Branch,Australian Capital Territory,"Branch office, Canberra, Australian Capital Territory, Australia",Newspaper And Book Retailing,commercial,84,6,120,-35.28478,149.13883,Australia,,,,synthetic_locations
Digistor,digistor,digistor-01,Head Office,South Australia,"Head office, Adelaide, South Australia, Australia",Free-To-Air Television Broadcasting,commercial,72,29,180,-34.90994,138.60819,Australia,Andrew Havelberg,Southern Region Account Manager,andrewh@digistor.com.au,synthetic_locations
Digistor,digistor,digistor-02,Branch,New South Wales,"Branch office, Sydney, New South Wales, Australia",Free-To-Air Television Broadcasting,commercial,49,26,270,-33.85454,151.20542,Australia,,,,synthetic_locations
Digistor,digistor,digistor-03,Branch,Queensland,"Branch office, Brisbane, Queensland, Australia",Free-To-Air Television Broadcasting,commercial,54,10,400,-27.44486,153.00693,Australia,,,,synthetic_locations
Abmt,abmt,abmt-01,Head Office,New South Wales,"Head office, Sydney, New South Wales, Australia",Clothing Retailing,commercial,42,21,340,-33.84959,151.18942,Australia,Andrew Hill,Finishing/Quality Manager,ahill@abmt.com.au,synthetic_locations
Abmt,abmt,abmt-02,Branch,South Australia,"Branch office, Adelaide, South Australia, Australia",Clothing Retailing,commercial,72,27,250,-34.91621,138.57971,Australia,,,,synthetic_locations
Adept,adept,adept-01,Head Office,South Australia,"Head office, Adelaide, South Australia, Australia",Customs Agency Services,commercial,51,13,280,-34.92093,138.598,Australia,Andrew Killen,Director Of Sales & Marketing,andrew.killen@adept.com.au,synthetic_locations
Adept,adept,adept-02,Branch,Queensland,"Branch office, Brisbane, Queensland, Australia",Customs Agency Services,commercial,72,25,390,-27.48701,153.02873,Australia,,,,synthetic_locations
Adept,adept,adept-03,Branch,New South Wales,"Branch office, Sydney, New South Wales, Australia",Customs Agency Services,commercial,76,24,370,-33.84139,151.22489,Australia,,,,synthetic_locations
Andrewsmithlifeevents,andrewsmithlifeevents,andrewsmithlifeevents-01,Head Office,Western Australia,"Head office, Perth, Western Australia, Australia",Other Personal Services N.E.C.,commercial,43,11,210,-31.92089,115.85298,Australia,Andrew Life,Events,andrew@andrewsmithlifeevents.com,synthetic_locations
Andrewsmithlifeevents,andrewsmithlifeevents,andrewsmithlifeevents-02,Branch,Queensland,"Branch office, Brisbane, Queensland, Australia",Other Personal Services N.E.C.,commercial,64,25,130,-27.47409,153.05494,Australia,,,,synthetic_locations
Andrewsmithlifeevents,andrewsmithlifeevents,andrewsmithlifeevents-03,Branch,South Australia,"Branch office, Adelaide, South Australia, Australia",Other Personal Services N.E.C.,commercial,42,14,120,-34.9289,138.59923,Australia,,,,synthetic_locations
Digitalinktechnologies,digitalinktechnologies,digitalinktechnologies-01,Head Office,Victoria,"Head office, Melbourne, Victoria, Australia",Paint And Coatings Manufacturing,industrial,70,4,430,-37.8118,144.93429,Australia,Andrew Mahoney,"Manager, Product Development",andrew@digitalinktechnologies.com.au,synthetic_locations
Digitalinktechnologies,digitalinktechnologies,digitalinktechnologies-02,Branch,Australian Capital Territory,"Branch office, Canberra, Australian Capital Territory, Australia",Paint And Coatings Manufacturing,industrial,77,6,630,-35.28345,149.14894,Australia,,,,synthetic_locations
Digitalinktechnologies,digitalinktechnologies,digitalinktechnologies-03,Branch,South Australia,"Branch office, Adelaide, South Australia, Australia",Paint And Coatings Manufacturing,industrial,74,4,550,-34.94688,138.57485,Australia,,,,synthetic_locations
Digitalinktechnologies,digitalinktechnologies,digitalinktechnologies-04,Branch,New South Wales,"Branch office, Sydney, New South Wales, Australia",Paint And Coatings Manufacturing,industrial,61,5,650,-33.86558,151.21054,Australia,,,,synthetic_locations
Mtp,mtp,mtp-01,Head Office,Queensland,"Head office, Brisbane, Queensland, Australia",Pump And Compressor Manufacturing,industrial,64,5,720,-27.49253,152.99847,Australia,Andrew Nettle,External Sales-Mining,anettle@mtp.com.au,synthetic_locations
Mtp,mtp,mtp-02,Branch,Tasmania,"Branch office, Hobart, Tasmania, Australia",Pump And Compressor Manufacturing,industrial,55,2,640,-42.86012,147.34523,Australia,,,,synthetic_locations
Mtp,mtp,mtp-03,Branch,Western Australia,"Branch office, Perth, Western Australia, Australia",Pump And Compressor Manufacturing,industrial,88,2,380,-31.97862,115.86279,Australia,,,,synthetic_locations
Vle,vle,vle-01,Head Office,South Australia,"Head office, Adelaide, South Australia, Australia",Other Agriculture And Fishing Support Services,commercial,49,21,230,-34.93751,138.62532,Australia,Andrew Raay,"Manager, Maintenance",office@vle.com.au,synthetic_locations
Vle,vle,vle-02,Branch,Western Australia,"Branch office, Perth, Western Australia, Australia",Other Agriculture And Fishing Support Services,commercial,79,30,360,-31.97473,115.85139,Australia,,,,synthetic_locations
Vle,vle,vle-03,Branch,New South Wales,"Branch office, Sydney, New South Wales, Australia",Other Agriculture And Fishing Support Services,commercial,83,5,180,-33.88454,151.18884,Australia,,,,synthetic_locations
Vle,vle,vle-04,Branch,Australian Capital Territory,"Branch office, Canberra, Australian Capital Territory, Australia",Other Agriculture And Fishing Support Services,commercial,52,18,230,-35.29532,149.14024,Australia,,,,synthetic_locations
Atsa,atsa,atsa-01,Head Office,Western Australia,"Head office, Perth, Western Australia, Australia","Other Professional, Scientific And Technical Services N.E.C.",commercial,77,25,310,-31.95207,115.83579,Australia,Andrew Roth,Purchasing And Sales Manager,andrew.roth@atsa.com.au,synthetic_locations
Atsa,atsa,atsa-02,Branch,Queensland,"Branch office, Brisbane, Queensland, Australia","Other Professional, Scientific And Technical Services N.E.C.",commercial,70,20,320,-27.49839,153.0147,Australia,,,,synthetic_locations
Atsa,atsa,atsa-03,Branch,South Australia,"Branch office, Adelaide, South Australia, Australia","Other Professional, Scientific And Technical Services N.E.C.",commercial,62,21,390,-34.92023,138.6086,Australia,,,,synthetic_locations
Michaelschiavello,michaelschiavello,michaelschiavello-01,Head Office,Queensland,"Head office, Brisbane, Queensland, Australia",Other Construction Services N.E.C.,residential,7,40,540,-27.47247,153.03109,Australia,Andrew Ruffell,Carpenter Installer,andrew@michaelschiavello.com.au,synthetic_locations
Michaelschiavello,michaelschiavello,michaelschiavello-02,Branch,Tasmania,"Branch office, Hobart, Tasmania, Australia",Other Construction Services N.E.C.,industrial,63,3,410,-42.90757,147.29991,Australia,,,,synthetic_locations
Michaelschiavello,michaelschiavello,michaelschiavello-03,Branch,New South Wales,"Branch office, Sydney, New South Wales, Australia",Other Construction Services N.E.C.,industrial,82,6,580,-33.87945,151.20423,Australia,,,,synthetic_locations
Accoladepartners,accoladepartners,accoladepartners-01,Head Office,Massachusetts,"Head office, Boston, Massachusetts, United States",Fund Of Funds,commercial,49,21,120,42.33376,-71.03397,United States,Andrew Winter Salembier,"Partner, Chief Compliance Officer & Chief Operating Officer",andrew@accoladepartners.com,synthetic_locations
Accoladepartners,accoladepartners,accoladepartners-02,Branch,Washington,"Branch office, Seattle, Washington, United States",Fund Of Funds,commercial,52,22,220,47.60168,-122.32143,United States,,,,synthetic_locations
Accoladepartners,accoladepartners,accoladepartners-03,Branch,Colorado,"Branch office, Denver, Colorado, United States",Fund Of Funds,commercial,48,22,260,39.70983,-104.98487,United States,,,,synthetic_locations
Gilfordnh,gilfordnh,gilfordnh-01,Head Office,Washington,"Head office, Seattle, Washington, United States",Unknown,commercial,80,24,130,47.58034,-122.30676,United States,Andrews Richard,Captain And Paramedic,randrews@gilfordnh.org,synthetic_locations
Gilfordnh,gilfordnh,gilfordnh-02,Branch,Massachusetts,"Branch office, Boston, Massachusetts, United States",Unknown,commercial,43,10,250,42.33808,-71.08086,United States,,,,synthetic_locations
Gilfordnh,gilfordnh,gilfordnh-03,Branch,New York,"Branch office, New York, New York, United States",Unknown,commercial,75,24,210,40.73336,-74.00512,United States,,,,synthetic_locations
Gilfordnh,gilfordnh,gilfordnh-04,Branch,Illinois,"Branch office, Chicago, Illinois, United States",Unknown,commercial,52,13,210,41.88867,-87.61265,United States,,,,synthetic_locations
Sulzer,sulzer,sulzer-01,Head Office,Queensland,"Head office, Brisbane, Queensland, Australia",Other Automotive Repair And Maintenance,industrial,76,2,710,-27.48952,153.0109,Australia,Andy Langham,It Manager Australia,andy.langham@sulzer.com,synthetic_locations
Sulzer,sulzer,sulzer-02,Branch,New South Wales,"Branch office, Sydney, New South Wales, Australia",Other Automotive Repair And Maintenance,industrial,61,6,530,-33.86423,151.21253,Australia,,,,synthetic_locations
Latitudegallery,latitudegallery,latitudegallery-01,Head Office,Tasmania,"Head office, Hobart, Tasmania, Australia",Watch And Jewellery Retailing,commercial,73,14,210,-42.91188,147.31993,Australia,Aneasa Barnes,Assisting Manager,info@latitudegallery.com.au,synthetic_locations
Latitudegallery,latitudegallery,latitudegallery-02,Branch,Western Australia,"Branch office, Perth, Western Australia, Australia",Watch And Jewellery Retailing,commercial,50,22,140,-31.96983,115.83391,Australia,,,,synthetic_locations
Angelaproud,angelaproud,angelaproud-01,Head Office,Scotland,"Head office, Edinburgh, Scotland, United Kingdom",Executive Office,commercial,62,30,140,55.92804,-3.19886,United Kingdom,Angela Aicb,Founder And Certified Bookkeeper,angela@angelaproud.co.uk,synthetic_locations
Angelaproud,angelaproud,angelaproud-02,Branch,Wales,"Branch office, Cardiff, Wales, United Kingdom",Executive Office,commercial,81,12,230,51.4861,-3.16644,United Kingdom,,,,synthetic_locations
Angelaproud,angelaproud,angelaproud-03,Branch,Northern Ireland,"Branch office, Belfast, Northern Ireland, United Kingdom",Executive Office,commercial,63,19,200,54.58026,-5.94636,United Kingdom,,,,synthetic_locations
Portlandseedfund,portlandseedfund,portlandseedfund-01,Head Office,Georgia,"Head office, Atlanta, Georgia, United States","Therapeutics,Wellness,Robotics",residential,8,30,820,33.77607,-84.39838,United States,Angela Jackson,Co-Managing Director,angela@portlandseedfund.com,synthetic_locations
Portlandseedfund,portlandseedfund,portlandseedfund-02,Branch,Texas,"Branch office, Houston, Texas, United States","Therapeutics,Wellness,Robotics",residential,6,39,820,29.76439,-95.37598,United States,,,,synthetic_locations
Portlandseedfund,portlandseedfund,portlandseedfund-03,Branch,New York,"Branch office, New York, New York, United States","Therapeutics,Wellness,Robotics",commercial,41,8,110,40.72714,-73.99082,United States,,,,synthetic_locations
Parkviewfunerals,parkviewfunerals,parkviewfunerals-01,Head Office,Queensland,"Head office, Brisbane, Queensland, Australia","Funeral, Crematorium And Cemetery Services",commercial,55,26,360,-27.44899,153.02057,Australia,Angela Quinn,Funeral Director And Celebrant,info@parkviewfunerals.com.au,synthetic_locations
Parkviewfunerals,parkviewfunerals,parkviewfunerals-02,Branch,Victoria,"Branch office, Melbourne, Victoria, Australia","Funeral, Crematorium And Cemetery Services",commercial,58,11,170,-37.84355,144.96534,Australia,,,,synthetic_locations
Dallasarboretum,dallasarboretum,dallasarboretum-01,Head Office,Illinois,"Head office, Chicago, Illinois, United States",Non-Profits & Non-Profit Services,commercial,84,10,360,41.87755,-87.61379,United States,Angela Rollins,Director Of Sales And Special Events,arollins@dallasarboretum.org,synthetic_locations
Dallasarboretum,dallasarboretum,dallasarboretum-02,Branch,Florida,"Branch office, Miami, Florida, United States",Non-Profits & Non-Profit Services,commercial,40,21,240,25.75775,-80.1772,United States,,,,synthetic_locations
Dallasarboretum,dallasarboretum,dallasarboretum-03,Branch,New York,"Branch office, New York, New York, United States",Non-Profits & Non-Profit Services,residential,4,54,770,40.70966,-74.03101,United States,,,,synthetic_locations
Ballandeanestate,ballandeanestate,ballandeanestate-01,Head Office,Australian Capital Territory,"Head office, Canberra, Australian Capital Territory, Australia",Grape Growing,commercial,76,19,260,-35.29117,149.10441,Australia,Angelo Puglisi,Owner And Vineyard Manager,angelo@ballandeanestate.com,synthetic_locations
Ballandeanestate,ballandeanestate,ballandeanestate-02,Branch,South Australia,"Branch office, Adelaide, South Australia, Australia",Grape Growing,commercial,84,30,210,-34.93275,138.58958,Australia,,,,synthetic_locations
Ballandeanestate,ballandeanestate,ballandeanestate-03,Branch,Victoria,"Branch office, Melbourne, Victoria, Australia",Grape Growing,commercial,50,24,170,-37.8135,144.98773,Australia,,,,synthetic_locations
Ballandeanestate,ballandeanestate,ballandeanestate-04,Branch,New South Wales,"Branch office, Sydney, New South Wales, Australia",Grape Growing,commercial,57,9,140,-33.8632,151.22597,Australia,,,,synthetic_locations
Angelospasta,angelospasta,angelospasta-01,Head Office,Victoria,"Head office, Melbourne, Victoria, Australia","Cereal, Pasta And Baking Mix Manufacturing",industrial,90,4,330,-37.82934,144.94891,Australia,Anita Cazzolato,Finance & Administration,orders@angelospasta.com.au,synthetic_locations
Angelospasta,angelospasta,angelospasta-02,Branch,Australian Capital Territory,"Branch office, Canberra, Australian Capital Territory, Australia","Cereal, Pasta And Baking Mix Manufacturing",industrial,72,4,390,-35.27899,149.13066,Australia,,,,synthetic_locations
Angelospasta,angelospasta,angelospasta-03,Branch,Western Australia,"Branch office, Perth, Western Australia, Australia","Cereal, Pasta And Baking Mix Manufacturing",industrial,79,4,520,-31.93409,115.8412,Australia,,,,synthetic_locations
Bindareebeef,bindareebeef,bindareebeef-01,Head Office,Queensland,"Head office, Brisbane, Queensland, Australia",Other Food Product Manufacturing N.E.C.,industrial,80,6,350,-27.4808,153.00505,Australia,Anita Dunbar,Qa Officer,anita.dunbar@bindareebeef.com.au,synthetic_locations
Bindareebeef,bindareebeef,bindareebeef-02,Branch,Western Australia,"Branch office, Perth, Western Australia, Australia",Other Food Product Manufacturing N.E.C.,industrial,76,1,750,-31.96769,115.87993,Australia,,,,synthetic_locations
Bindareebeef,bindareebeef,bindareebeef-03,Branch,Victoria,"Branch office, Melbourne, Victoria, Australia",Other Food Product Manufacturing N.E.C.,industrial,69,2,770,-37.81947,144.94246,Australia,,,,synthetic_locations
Sae,sae,sae-01,Head Office,Western Australia,"Head office, Perth, Western Australia, Australia",Libraries And Archives,commercial,47,20,270,-31.97934,115.84369,Australia,Anjali Singh,Marketing And Admissions Coordinator,a.singh@sae.edu,synthetic_locations
Sae,sae,sae-02,Branch,New South Wales,"Branch office, Sydney, New South Wales, Australia",Libraries And Archives,commercial,65,20,320,-33.86472,151.18056,Australia,,,,synthetic_locations
Sae,sae,sae-03,Branch,Tasmania,"Branch office, Hobart, Tasmania, Australia",Libraries And Archives,commercial,45,17,290,-42.90465,147.35043,Australia,,,,synthetic_locations
Emtekfurniture,emtekfurniture,emtekfurniture-01,Head Office,Australian Capital Territory,"Head office, Canberra, Australian Capital Territory, Australia",Other Furniture Manufacturing,industrial,61,3,330,-35.29719,149.13063,Australia,Ann Thompson,Accopunt Manager,ann@emtekfurniture.com.au,synthetic_locations
Emtekfurniture,emtekfurniture,emtekfurniture-02,Branch,South Australia,"Branch office, Adelaide, South Australia, Australia",Other Furniture Manufacturing,industrial,55,3,300,-34.90812,138.62267,Australia,,,,synthetic_locations
Emtekfurniture,emtekfurniture,emtekfurniture-03,Branch,Tasmania,"Branch office, Hobart, Tasmania, Australia",Other Furniture Manufacturing,industrial,64,6,420,-42.85967,147.31469,Australia,,,,synthetic_locations
Physiocise,physiocise,physiocise-01,Head Office,Queensland,"Head office, Brisbane, Queensland, Australia",Physiotherapy Services,commercial,84,13,180,-27.46207,153.0116,Australia,Anna Bouvier,Executive Director And Creator Happy Body,info@physiocise.com.au,synthetic_locations
Physiocise,physiocise,physiocise-02,Branch,Western Australia,"Branch office, Perth, Western Australia, Australia",Physiotherapy Services,commercial,51,10,100,-31.92369,115.87705,Australia,,,,synthetic_locations
Physiocise,physiocise,physiocise-03,Branch,Tasmania,"Branch office, Hobart, Tasmania, Australia",Physiotherapy Services,commercial,59,19,190,-42.85391,147.32127,Australia,,,,synthetic_locations
Physiocise,physiocise,physiocise-04,Branch,New South Wales,"Branch office, Sydney, New South Wales, Australia",Physiotherapy Services,residential,10,39,680,-33.85628,151.20423,Australia,,,,synthetic_locations
Crs,crs,crs-01,Head Office,Scotland,"Head office, Edinburgh, Scotland, United Kingdom",Legislative Office,commercial,72,20,190,55.93366,-3.16296,United Kingdom,Anna Burns,Senior Writer,anna.burns@crs.org,synthetic_locations
Crs,crs,crs-02,Branch,England,"Branch office, London, England, United Kingdom",Legislative Office,commercial,64,24,320,51.50583,-0.10736,United Kingdom,,,,synthetic_locations
Crs,crs,crs-03,Branch,Wales,"Branch office, Cardiff, Wales, United Kingdom",Legislative Office,commercial,73,16,350,51.49046,-3.18792,United Kingdom,,,,synthetic_locations
Hcf,hcf,hcf-01,Head Office,Australian Capital Territory,"Head office, Canberra, Australian Capital Territory, Australia",Health Insurance,commercial,46,21,150,-35.29667,149.13001,Australia,Anne Dcruz,Customer Service Manager - Branch,adcruz@hcf.com.au,synthetic_locations
Hcf,hcf,hcf-02,Branch,South Australia,"Branch office, Adelaide, South Australia, Australia",Health Insurance,commercial,51,21,100,-34.91213,138.62274,Australia,,,,synthetic_locations
Hcf,hcf,hcf-03,Branch,New South Wales,"Branch office, Sydney, New South Wales, Australia",Health Insurance,commercial,65,16,370,-33.8842,151.20482,Australia,,,,synthetic_locations
Villageglobal,villageglobal,villageglobal-01,Head Office,Florida,"Head office, Miami, Florida, United States",Medical Device,commercial,57,7,190,25.78355,-80.18729,United States,Anne Dwane,Co-Founder & Partner,anne@villageglobal.vc,synthetic_locations
Villageglobal,villageglobal,villageglobal-02,Branch,Washington,"Branch office, Seattle, Washington, United States",Medical Device,commercial,52,20,370,47.63315,-122.35094,United States,,,,synthetic_locations
Jacques,jacques,jacques-01,Head Office,Tasmania,"Head office, Hobart, Tasmania, Australia",Other Electronic Equipment Manufacturing,industrial,59,2,470,-42.87299,147.33517,Australia,Anne Gauci,"Fiannce & Accounting Manager, Hr Coordinator",agauci@jacques.com.au,synthetic_locations
Jacques,jacques,jacques-02,Branch,South Australia,"Branch office, Adelaide, South Australia, Australia",Other Electronic Equipment Manufacturing,industrial,86,1,720,-34.93144,138.62553,Australia,,,,synthetic_locations
Jacques,jacques,jacques-03,Branch,Western Australia,"Branch office, Perth, Western Australia, Australia",Other Electronic Equipment Manufacturing,residential,5,31,610,-31.92706,115.86735,Australia,,,,synthetic_locations
Betaboard,betaboard,betaboard-01,Head Office,South Australia,"Head office, Adelaide, South Australia, Australia",Plaster Product Manufacturing,industrial,68,1,750,-34.95145,138.5736,Australia,Anne Gribbon,Position In Accounts Payable,anne@betaboard.com.au,synthetic_locations
Betaboard,betaboard,betaboard-02,Branch,New South Wales,"Branch office, Sydney, New South Wales, Australia",Plaster Product Manufacturing,industrial,74,5,610,-33.86507,151.20476,Australia,,,,synthetic_locations
Sgc,sgc,sgc-01,Head Office,Australian Capital Territory,"Head office, Canberra, Australian Capital Territory, Australia",Scientific Testing And Analysis Services,commercial,75,15,220,-35.28072,149.14061,Australia,Anne Tomlinson,Principal Geophysicist,anne@sgc.com.au,synthetic_locations
Sgc,sgc,sgc-02,Branch,Tasmania,"Branch office, Hobart, Tasmania, Australia",Scientific Testing And Analysis Services,commercial,78,9,360,-42.85384,147.32583,Australia,,,,synthetic_locations
Sgc,sgc,sgc-03,Branch,Western Australia,"Branch office, Perth, Western Australia, Australia",Scientific Testing And Analysis Services,commercial,42,13,200,-31.97846,115.88764,Australia,,,,synthetic_locations
Sgc,sgc,sgc-04,Branch,New South Wales,"Branch office, Sydney, New South Wales, Australia",Scientific Testing And Analysis Services,commercial,52,26,210,-33.84367,151.20151,Australia,,,,synthetic_locations
Alwayscool,alwayscool,alwayscool-01,Head Office,Queensland,"Head office, Brisbane, Queensland, Australia",Air Conditioning And Heating Services,commercial,73,15,280,-27.48953,153.00141,Australia,Anne-Maree Sutherland,Sales & Service Team Member,anne@alwayscool.com.au,synthetic_locations
Alwayscool,alwayscool,alwayscool-02,Branch,Tasmania,"Branch office, Hobart, Tasmania, Australia",Air Conditioning And Heating Services,commercial,67,30,220,-42.86364,147.30385,Australia,,,,synthetic_locations
Alwayscool,alwayscool,alwayscool-03,Branch,Western Australia,"Branch office, Perth, Western Australia, Australia",Air Conditioning And Heating Services,commercial,73,25,240,-31.93848,115.84661,Australia,,,,synthetic_locations
Warrnamboolbowls,warrnamboolbowls,warrnamboolbowls-01,Head Office,New South Wales,"Head office, Sydney, New South Wales, Australia",Sports And Physical Recreation Clubs And Sports Professionals,commercial,56,18,220,-33.85696,151.23563,Australia,Annmaree Jericho,Function Manager,inquiries@warrnamboolbowls.com.au,synthetic_locations
Warrnamboolbowls,warrnamboolbowls,warrnamboolbowls-02,Branch,Victoria,"Branch office, Melbourne, Victoria, Australia",Sports And Physical Recreation Clubs And Sports Professionals,commercial,61,19,160,-37.82934,144.9763,Australia,,,,synthetic_locations
Warrnamboolbowls,warrnamboolbowls,warrnamboolbowls-03,Branch,Tasmania,"Branch office, Hobart, Tasmania, Australia",Sports And Physical Recreation Clubs And Sports Professionals,commercial,58,6,360,-42.87744,147.33496,Australia,,,,synthetic_locations
Warrnamboolbowls,warrnamboolbowls,warrnamboolbowls-04,Branch,Australian Capital Territory,"Branch office, Canberra, Australian Capital Territory, Australia",Sports And Physical Recreation Clubs And Sports Professionals,commercial,60,15,170,-35.29584,149.13253,Australia,,,,synthetic_locations
Bunburybatteries,bunburybatteries,bunburybatteries-01,Head Office,Australian Capital Territory,"Head office, Canberra, Australian Capital Territory, Australia",Motor Vehicle Parts Retailing,commercial,54,7,300,-35.27557,149.10038,Australia,Anthea Shaw,Office Manager And Co-Owner,anthea@bunburybatteries.com.au,synthetic_locations
Bunburybatteries,bunburybatteries,bunburybatteries-02,Branch,Queensland,"Branch office, Brisbane, Queensland, Australia",Motor Vehicle Parts Retailing,commercial,57,29,350,-27.44615,153.02358,Australia,,,,synthetic_locations
Bunburybatteries,bunburybatteries,bunburybatteries-03,Branch,Western Australia,"Branch office, Perth, Western Australia, Australia",Motor Vehicle Parts Retailing,commercial,80,29,140,-31.97888,115.83591,Australia,,,,synthetic_locations
Bunburybatteries,bunburybatteries,bunburybatteries-04,Branch,Victoria,"Branch office, Melbourne, Victoria, Australia",Motor Vehicle Parts Retailing,commercial,49,8,110,-37.83158,144.98774,Australia,,,,synthetic_locations
Toddclinics,toddclinics,toddclinics-01,Head Office,Victoria,"Head office, Melbourne, Victoria, Australia",Chiropractic And Osteopathic Services,commercial,78,5,350,-37.8016,144.9479,Australia,Anthea Todd,Doctor Of Chiropractic,sale@toddclinics.com.au,synthetic_locations
Toddclinics,toddclinics,toddclinics-02,Branch,Tasmania,"Branch office, Hobart, Tasmania, Australia",Chiropractic And Osteopathic Services,commercial,82,23,210,-42.88468,147.34508,Australia,,,,synthetic_locations
Toddclinics,toddclinics,toddclinics-03,Branch,South Australia,"Branch office, Adelaide, South Australia, Australia",Chiropractic And Osteopathic Services,commercial,83,30,240,-34.90418,138.57911,Australia,,,,synthetic_locations
Toddclinics,toddclinics,toddclinics-04,Branch,Western Australia,"Branch office, Perth, Western Australia, Australia",Chiropractic And Osteopathic Services,commercial,84,10,340,-31.93974,115.84693,Australia,,,,synthetic_locations
Msssecurity,msssecurity,msssecurity-01,Head Office,Western Australia,"Head office, Perth, Western Australia, Australia",Investigation And Security Services,commercial,57,17,150,-31.97168,115.83615,Australia,Anthony Bandiera,Major Events Business Manager,anthony.bandiera@msssecurity.com.au,synthetic_locations
Msssecurity,msssecurity,msssecurity-02,Branch,Victoria,"Branch office, Melbourne, Victoria, Australia",Investigation And Security Services,commercial,50,27,280,-37.8323,144.93749,Australia,,,,synthetic_locations
Msssecurity,msssecurity,msssecurity-03,Branch,Queensland,"Branch office, Brisbane, Queensland, Australia",Investigation And Security Services,commercial,58,17,170,-27.48051,153.0253,Australia,,,,synthetic_locations
Msssecurity,msssecurity,msssecurity-04,Branch,Australian Capital Territory,"Branch office, Canberra, Australian Capital Territory, Australia",Investigation And Security Services,commercial,47,7,330,-35.29023,149.12379,Australia,,,,synthetic_locations
Odinceramics,odinceramics,odinceramics-01,Head Office,Queensland,"Head office, Brisbane, Queensland, Australia",Tiling And Carpeting Services,commercial,63,20,400,-27.45994,153.03824,Australia,Anthony Danze,"Manager, Sales & Architectural",anthonyd@odinceramics.com.au,synthetic_locations
Odinceramics,odinceramics,odinceramics-02,Branch,Tasmania,"Branch office, Hobart, Tasmania, Australia",Tiling And Carpeting Services,commercial,47,13,210,-42.89478,147.31678,Australia,,,,synthetic_locations
Odinceramics,odinceramics,odinceramics-03,Branch,Australian Capital Territory,"Branch office, Canberra, Australian Capital Territory, Australia",Tiling And Carpeting Services,commercial,80,23,400,-35.25317,149.11219,Australia,,,,synthetic_locations
Odinceramics,odinceramics,odinceramics-04,Branch,South Australia,"Branch office, Adelaide, South Australia, Australia",Tiling And Carpeting Services,commercial,52,21,330,-34.95626,138.61796,Australia,,,,synthetic_locations
Venrock,venrock,venrock-01,Head Office,Massachusetts,"Head office, Boston, Massachusetts, United States","Wellness,Medical Device,Hospital,Health Diagnostics,Personal Health,Robotics,Natural Language Processing,Diabetes",commercial,83,9,320,42.35078,-71.06487,United States,Anthony Evnin,Partner Emeritus,aevnin@venrock.com,synthetic_locations
Venrock,venrock,venrock-02,Branch,Georgia,"Branch office, Atlanta, Georgia, United States","Wellness,Medical Device,Hospital,Health Diagnostics,Personal Health,Robotics,Natural Language Processing,Diabetes",commercial,64,28,140,33.73297,-84.40178,United States,,,,synthetic_locations
Stylustapes,stylustapes,stylustapes-01,Head Office,Western Australia,"Head office, Perth, Western Australia, Australia",Polymer Film And Sheet Packaging Material Manufacturing,industrial,58,5,410,-31.93866,115.85143,Australia,Anthony White,Victorian Operations Manager,sales@stylustapes.com.au,synthetic_locations
Stylustapes,stylustapes,stylustapes-02,Branch,Tasmania,"Branch office, Hobart, Tasmania, Australia",Polymer Film And Sheet Packaging Material Manufacturing,industrial,78,6,360,-42.8909,147.32772,Australia,,,,synthetic_locations
Valorep,valorep,valorep-01,Head Office,California,"Head office, Los Angeles, California, United States","Biopharma,Personal Health,Hospital",commercial,70,20,310,34.08007,-118.23739,United States,Antonio Gracias,"Founder, Principal",agracias@valorep.com,synthetic_locations
Valorep,valorep,valorep-02,Branch,Illinois,"Branch office, Chicago, Illinois, United States","Biopharma,Personal Health,Hospital",commercial,51,18,100,41.86711,-87.65708,United States,,,,synthetic_locations
Valorep,valorep,valorep-03,Branch,Arizona,"Branch office, Phoenix, Arizona, United States","Biopharma,Personal Health,Hospital",residential,9,42,810,33.443,-112.04593,United States,,,,synthetic_locations
Valorep,valorep,valorep-04,Branch,Washington,"Branch office, Seattle, Washington, United States","Biopharma,Personal Health,Hospital",commercial,45,13,390,47.62549,-122.35605,United States,,,,synthetic_locations
Ycombinator,ycombinator,ycombinator-01,Head Office,Colorado,"Head office, Denver, Colorado, United States","Biometrics,Biopharma,Medical Device,Wellness,Therapeutics,Robotics,Natural Language Processing,Health Diagnostics,Cannabis,Hospital,Neuroscience,Clinical Trials,Personal Health,Human Computer Interaction,Electronic Health Record (Ehr),Genetics,Bioinformatics,Home Health Care,Emergency Medicine,Alternative Medicine",commercial,50,30,320,39.73012,-105.01277,United States,Anu Hariharan,"Yc Continuity Fund, Partner",anu@ycombinator.com,synthetic_locations
Ycombinator,ycombinator,ycombinator-02,Branch,Illinois,"Branch office, Chicago, Illinois, United States","Biometrics,Biopharma,Medical Device,Wellness,Therapeutics,Robotics,Natural Language Processing,Health Diagnostics,Cannabis,Hospital,Neuroscience,Clinical Trials,Personal Health,Human Computer Interaction,Electronic Health Record (Ehr),Genetics,Bioinformatics,Home Health Care,Emergency Medicine,Alternative Medicine",commercial,62,18,400,41.9076,-87.65401,United States,,,,synthetic_locations
Ycombinator,ycombinator,ycombinator-03,Branch,Georgia,"Branch office, Atlanta, Georgia, United States","Biometrics,Biopharma,Medical Device,Wellness,Therapeutics,Robotics,Natural Language Processing,Health Diagnostics,Cannabis,Hospital,Neuroscience,Clinical Trials,Personal Health,Human Computer Interaction,Electronic Health Record (Ehr),Genetics,Bioinformatics,Home Health Care,Emergency Medicine,Alternative Medicine",commercial,67,16,280,33.75612,-84.36747,United States,,,,synthetic_locations
Ycombinator,ycombinator,ycombinator-04,Branch,California,"Branch office, Los Angeles, California, United States","Biometrics,Biopharma,Medical Device,Wellness,Therapeutics,Robotics,Natural Language Processing,Health Diagnostics,Cannabis,Hospital,Neuroscience,Clinical Trials,Personal Health,Human Computer Interaction,Electronic Health Record (Ehr),Genetics,Bioinformatics,Home Health Care,Emergency Medicine,Alternative Medicine",commercial,80,6,150,34.03185,-118.22394,United States,,,,synthetic_locations
Aedesign,aedesign,aedesign-01,Head Office,Queensland,"Head office, Brisbane, Queensland, Australia",Jewellery And Silverware Manufacturing,industrial,71,6,570,-27.45237,153.03779,Australia,Apkar Ervan,Specializing In Custom Made Jewellery/Cooperate Pins,apkar@aedesign.com.au,synthetic_locations
Aedesign,aedesign,aedesign-02,Branch,Tasmania,"Branch office, Hobart, Tasmania, Australia",Jewellery And Silverware Manufacturing,industrial,65,4,570,-42.86323,147.31531,Australia,,,,synthetic_locations
Aedesign,aedesign,aedesign-03,Branch,Australian Capital Territory,"Branch office, Canberra, Australian Capital Territory, Australia",Jewellery And Silverware Manufacturing,industrial,78,4,380,-35.27462,149.11372,Australia,,,,synthetic_locations
Coldmountainmiso,coldmountainmiso,coldmountainmiso-01,Head Office,California,"Head office, Los Angeles, California, United States",Crops,commercial,43,16,360,34.08098,-118.2172,United States,Arai Joe,"Manager Of Quality Assurance, Sales And Marketing",joearai@coldmountainmiso.com,synthetic_locations
Coldmountainmiso,coldmountainmiso,coldmountainmiso-02,Branch,Florida,"Branch office, Miami, Florida, United States",Crops,commercial,73,25,180,25.75816,-80.21192,United States,,,,synthetic_locations
Coldmountainmiso,coldmountainmiso,coldmountainmiso-03,Branch,Georgia,"Branch office, Atlanta, Georgia, United States",Crops,commercial,56,13,130,33.77028,-84.37165,United States,,,,synthetic_locations
Coldmountainmiso,coldmountainmiso,coldmountainmiso-04,Branch,Washington,"Branch office, Seattle, Washington, United States",Crops,commercial,63,7,190,47.58407,-122.35798,United States,,,,synthetic_locations
Techcoastangels,techcoastangels,techcoastangels-01,Head Office,Georgia,"Head office, Atlanta, Georgia, United States",Angel Group,commercial,71,25,170,33.77249,-84.36921,United States,Arash Sani,Portfolio Manager & Director,arash@techcoastangels.com,synthetic_locations
Techcoastangels,techcoastangels,techcoastangels-02,Branch,New York,"Branch office, New York, New York, United States",Angel Group,commercial,50,15,360,40.7094,-74.02046,United States,,,,synthetic_locations
Techcoastangels,techcoastangels,techcoastangels-03,Branch,Massachusetts,"Branch office, Boston, Massachusetts, United States",Angel Group,commercial,75,21,280,42.34199,-71.0316,United States,,,,synthetic_locations
Brycecorp,brycecorp,brycecorp-01,Head Office,Florida,"Head office, Miami, Florida, United States",Pulp & Paper,commercial,81,8,230,25.74403,-80.1636,United States,Argo Leann,Contracted On-Site Travel Manager,largo@brycecorp.com,synthetic_locations
Brycecorp,brycecorp,brycecorp-02,Branch,California,"Branch office, Los Angeles, California, United States",Pulp & Paper,commercial,61,12,380,34.02789,-118.2715,United States,,,,synthetic_locations
Brycecorp,brycecorp,brycecorp-03,Branch,Texas,"Branch office, Houston, Texas, United States",Pulp & Paper,commercial,75,8,210,29.74712,-95.37705,United States,,,,synthetic_locations
Adt,adt,adt-01,Head Office,Florida,"Head office, Miami, Florida, United States",Security & Investigations,commercial,77,20,340,25.74774,-80.22035,United States,Arian Ohadi,State Coordinator/Sales Director,aohadi@adt.com,synthetic_locations
Adt,adt,adt-02,Branch,Colorado,"Branch office, Denver, Colorado, United States",Security & Investigations,commercial,80,7,330,39.71615,-105.00966,United States,,,,synthetic_locations
Adt,adt,adt-03,Branch,Washington,"Branch office, Seattle, Washington, United States",Security & Investigations,commercial,66,28,140,47.62076,-122.30348,United States,,,,synthetic_locations
Adt,adt,adt-04,Branch,Arizona,"Branch office, Phoenix, Arizona, United States",Security & Investigations,commercial,83,9,320,33.43896,-112.04972,United States,,,,synthetic_locations
Agate Invest,agate-invest,agate-invest-01,Head Office,Arizona,"Head office, Phoenix, Arizona, United States",Cannabis,commercial,56,18,350,33.44787,-112.08788,United States,Ariel Moses,Life Sciences Venture Capital,arielm@agate-invest.com,synthetic_locations
Agate Invest,agate-invest,agate-invest-02,Branch,Massachusetts,"Branch office, Boston, Massachusetts, United States",Cannabis,commercial,67,7,150,42.35346,-71.08389,United States,,,,synthetic_locations
Caid,caid,caid-01,Head Office,California,"Head office, Los Angeles, California, United States",Mining,industrial,88,5,520,34.05681,-118.25866,United States,Arizmendiz Mark,Mining Sales Manager,marka@caid.com,synthetic_locations
Caid,caid,caid-02,Branch,Colorado,"Branch office, Denver, Colorado, United States",Mining,industrial,80,4,580,39.7505,-105.00794,United States,,,,synthetic_locations
Caid,caid,caid-03,Branch,Massachusetts,"Branch office, Boston, Massachusetts, United States",Mining,industrial,58,5,410,42.37088,-71.04574,United States,,,,synthetic_locations
Caid,caid,caid-04,Branch,Arizona,"Branch office, Phoenix, Arizona, United States",Mining,industrial,63,2,540,33.46586,-112.09144,United States,,,,synthetic_locations
Urs,urs,urs-01,Head Office,New York,"Head office, New York, New York, United States",Unknown,commercial,67,15,180,40.72794,-74.00613,United States,Armstrong Glenn,Vice President - Office Manager,glenn.armstrong@urs.com,synthetic_locations
Urs,urs,urs-02,Branch,Arizona,"Branch office, Phoenix, Arizona, United States",Unknown,commercial,40,16,230,33.44327,-112.08044,United States,,,,synthetic_locations
Ccmillwork,ccmillwork,ccmillwork-01,Head Office,Florida,"Head office, Miami, Florida, United States",Lumber & Wood Production,commercial,58,25,280,25.75614,-80.21915,United States,Arnold Chad,Business Manager And Finance Analyst,ccm@ccmillwork.com,synthetic_locations
Ccmillwork,ccmillwork,ccmillwork-02,Branch,California,"Branch office, Los Angeles, California, United States",Lumber & Wood Production,residential,4,35,710,34.04776,-118.22558,United States,,,,synthetic_locations
Ccmillwork,ccmillwork,ccmillwork-03,Branch,Massachusetts,"Branch office, Boston, Massachusetts, United States",Lumber & Wood Production,commercial,47,25,270,42.33975,-71.02968,United States,,,,synthetic_locations
Cree,cree,cree-01,Head Office,Illinois,"Head office, Chicago, Illinois, United States",Unknown,commercial,49,6,190,41.86507,-87.62101,United States,Arnold Mary,Channel Business Manager,marybeth_arnold@cree.com,synthetic_locations
Cree,cree,cree-02,Branch,Florida,"Branch office, Miami, Florida, United States",Unknown,commercial,53,17,240,25.78482,-80.20922,United States,,,,synthetic_locations
Hexpol,hexpol,hexpol-01,Head Office,Illinois,"Head office, Chicago, Illinois, United States",Tires & Rubber,commercial,68,29,190,41.89702,-87.61157,United States,Arnold Sammy,Eh&S Manager,sammy.arnold@hexpol.com,synthetic_locations
Hexpol,hexpol,hexpol-02,Branch,New York,"Branch office, New York, New York, United States",Tires & Rubber,commercial,78,9,240,40.73725,-74.03386,United States,,,,synthetic_locations
Hexpol,hexpol,hexpol-03,Branch,California,"Branch office, Los Angeles, California, United States",Tires & Rubber,commercial,78,27,190,34.04783,-118.22609,United States,,,,synthetic_locations
Firstallied,firstallied,firstallied-01,Head Office,Colorado,"Head office, Denver, Colorado, United States",Brokerage,commercial,47,21,400,39.71041,-105.01042,United States,Arnold Summer,"Managing Director , Service Teams",sarnold@firstallied.com,synthetic_locations
Firstallied,firstallied,firstallied-02,Branch,New York,"Branch office, New York, New York, United States",Brokerage,commercial,42,20,350,40.71235,-73.99204,United States,,,,synthetic_locations
Firstallied,firstallied,firstallied-03,Branch,Florida,"Branch office, Miami, Florida, United States",Brokerage,commercial,70,29,120,25.74862,-80.21405,United States,,,,synthetic_locations
Firstallied,firstallied,firstallied-04,Branch,Arizona,"Branch office, Phoenix, Arizona, United States",Brokerage,commercial,60,15,350,33.43349,-112.09896,United States,,,,synthetic_locations
Jmfamily,jmfamily,jmfamily-01,Head Office,Washington,"Head office, Seattle, Washington, United States",Unknown,commercial,57,17,290,47.57658,-122.31243,United States,Artemiou Teddy,Procurement Operations Manager,teddy.artemiou@jmfamily.com,synthetic_locations
Jmfamily,jmfamily,jmfamily-02,Branch,Massachusetts,"Branch office, Boston, Massachusetts, United States",Unknown,commercial,67,29,110,42.33136,-71.05893,United States,,,,synthetic_locations
Sodexo,sodexo,sodexo-01,Head Office,Texas,"Head office, Houston, Texas, United States",Facilities Management & Commercial Cleaning,commercial,72,17,130,29.77326,-95.39329,United States,Arthur Jerry,"Operations Manager, Food I",jerry.arthur@sodexo.com,synthetic_locations
Sodexo,sodexo,sodexo-02,Branch,Colorado,"Branch office, Denver, Colorado, United States",Facilities Management & Commercial Cleaning,commercial,54,28,110,39.76746,-105.00461,United States,Osborne Lori,General Manager Multi Service 3,lori.osborne@sodexo.com,synthetic_locations
Sodexo,sodexo,sodexo-03,Branch,New York,"Branch office, New York, New York, United States",Facilities Management & Commercial Cleaning,commercial,46,8,100,40.71175,-73.99673,United States,,,,synthetic_locations
Sodexo,sodexo,sodexo-04,Branch,Florida,"Branch office, Miami, Florida, United States",Facilities Management & Commercial Cleaning,commercial,85,30,360,25.77839,-80.16977,United States,,,,synthetic_locations
Pvcwindows,pvcwindows,pvcwindows-01,Head Office,Victoria,"Head office, Melbourne, Victoria, Australia",Architectural Aluminium Product Manufacturing,industrial,71,4,460,-37.83404,144.95398,Australia,Ash Aygun,"Manager, National Sales & Projects",info@pvcwindows.com.au,synthetic_locations
Pvcwindows,pvcwindows,pvcwindows-02,Branch,Queensland,"Branch office, Brisbane, Queensland, Australia",Architectural Aluminium Product Manufacturing,industrial,80,6,420,-27.48974,153.01569,Australia,,,,synthetic_locations
Pvcwindows,pvcwindows,pvcwindows-03,Branch,Australian Capital Territory,"Branch office, Canberra, Australian Capital Territory, Australia",Architectural Aluminium Product Manufacturing,industrial,79,6,330,-35.25677,149.14147,Australia,,,,synthetic_locations
Pvcwindows,pvcwindows,pvcwindows-04,Branch,Tasmania,"Branch office, Hobart, Tasmania, Australia",Architectural Aluminium Product Manufacturing,industrial,78,1,630,-42.91181,147.2987,Australia,,,,synthetic_locations
Ssgresume,ssgresume,ssgresume-01,Head Office,New York,"Head office, New York, New York, United States",Staffing & Recruiting,commercial,53,18,360,40.73312,-73.99042,United States,Ashley Goldberg,Director Of National Sales,ashley@ssgresume.com,synthetic_locations
Ssgresume,ssgresume,ssgresume-02,Branch,Colorado,"Branch office, Denver, Colorado, United States",Staffing & Recruiting,commercial,64,15,370,39.74882,-104.97509,United States,,,,synthetic_locations
Photofabrication,photofabrication,photofabrication-01,Head Office,Georgia,"Head office, Atlanta, Georgia, United States","Miscellaneous Building Materials - Flooring, Cabinets, Etc.",commercial,60,12,300,33.74972,-84.40141,United States,Ashman Robert,National Sales Manager - Precision Products,rashman@photofabrication.com,synthetic_locations
Photofabrication,photofabrication,photofabrication-02,Branch,Florida,"Branch office, Miami, Florida, United States","Miscellaneous Building Materials - Flooring, Cabinets, Etc.",commercial,69,9,210,25.74915,-80.20796,United States,,,,synthetic_locations
Virginia,virginia,virginia-01,Head Office,Massachusetts,"Head office, Boston, Massachusetts, United States",Accounting & Accounting Services,commercial,74,28,120,42.3722,-71.08696,United States,Atkins Steven,Buildings And Grounds Supervisor,steven.atkins@abc.virginia.gov,synthetic_locations
Virginia,virginia,virginia-02,Branch,Texas,"Branch office, Houston, Texas, United States",Accounting & Accounting Services,commercial,68,27,330,29.73911,-95.37869,United States,,,,synthetic_locations
Altdesign,altdesign,altdesign-01,Head Office,California,"Head office, Los Angeles, California, United States",Animals & Livestock,commercial,73,26,260,34.04105,-118.25567,United States,Austin Wanda,Shipping And Receiving Manager,wanda@altdesign.com,synthetic_locations
Altdesign,altdesign,altdesign-02,Branch,Massachusetts,"Branch office, Boston, Massachusetts, United States",Animals & Livestock,commercial,77,20,140,42.33562,-71.04218,United States,,,,synthetic_locations
Altdesign,altdesign,altdesign-03,Branch,Colorado,"Branch office, Denver, Colorado, United States",Animals & Livestock,commercial,80,22,200,39.74695,-104.98394,United States,,,,synthetic_locations
Altdesign,altdesign,altdesign-04,Branch,Georgia,"Branch office, Atlanta, Georgia, United States",Animals & Livestock,commercial,58,28,200,33.73833,-84.39396,United States,,,,synthetic_locations
Smartandfinal,smartandfinal,smartandfinal-01,Head Office,Texas,"Head office, Houston, Texas, United States",Grocery,commercial,83,21,110,29.75687,-95.37866,United States,Avila Henry,Corporate Loss Prevention Manager,henry.avila@smartandfinal.com,synthetic_locations
Smartandfinal,smartandfinal,smartandfinal-02,Branch,Georgia,"Branch office, Atlanta, Georgia, United States",Grocery,commercial,47,17,340,33.76242,-84.35981,United States,,,,synthetic_locations
Flujo,flujo,flujo-01,Head Office,New South Wales,"Head office, Sydney, New South Wales, Australia",Market Research And Statistical Services,residential,7,49,950,-33.8396,151.23644,Australia,Azrina Iqbal,Events Marketing And Operations,azrina@flujo.com.au,synthetic_locations
Flujo,flujo,flujo-02,Branch,South Australia,"Branch office, Adelaide, South Australia, Australia",Market Research And Statistical Services,commercial,45,11,190,-34.9176,138.609,Australia,,,,synthetic_locations
Sandia,sandia,sandia-01,Head Office,Arizona,"Head office, Phoenix, Arizona, United States",Aerospace & Defense,commercial,80,27,260,33.43713,-112.08084,United States,Baca Bobby,Technical Management,bgbaca@sandia.gov,synthetic_locations
Sandia,sandia,sandia-02,Branch,Washington,"Branch office, Seattle, Washington, United States",Aerospace & Defense,commercial,41,8,320,47.62332,-122.33319,United States,,,,synthetic_locations
Bodylogicmd,bodylogicmd,bodylogicmd-01,Head Office,Georgia,"Head office, Atlanta, Georgia, United States",Unknown,commercial,42,18,290,33.76458,-84.36159,United States,Baczewski Diana,Manager-Ap,dbaczewski@bodylogicmd.com,synthetic_locations
Bodylogicmd,bodylogicmd,bodylogicmd-02,Branch,Massachusetts,"Branch office, Boston, Massachusetts, United States",Unknown,commercial,77,29,340,42.35319,-71.07734,United States,,,,synthetic_locations
Bodylogicmd,bodylogicmd,bodylogicmd-03,Branch,Arizona,"Branch office, Phoenix, Arizona, United States",Unknown,commercial,55,30,150,33.47735,-112.05613,United States,,,,synthetic_locations
Bodylogicmd,bodylogicmd,bodylogicmd-04,Branch,Colorado,"Branch office, Denver, Colorado, United States",Unknown,commercial,64,14,140,39.75893,-104.99906,United States,,,,synthetic_locations
Sterlinginfosystems,sterlinginfosystems,sterlinginfosystems-01,Head Office,New York,"Head office, New York, New York, United States",Security Products & Services,commercial,74,26,200,40.72145,-73.98209,United States,Baeza Noelia,Criminal Vendor Manager,nbaeza@sterlinginfosystems.com,synthetic_locations
Sterlinginfosystems,sterlinginfosystems,sterlinginfosystems-02,Branch,Illinois,"Branch office, Chicago, Illinois, United States",Security Products & Services,commercial,81,13,220,41.85455,-87.65391,United States,,,,synthetic_locations
Sterlinginfosystems,sterlinginfosystems,sterlinginfosystems-03,Branch,Texas,"Branch office, Houston, Texas, United States",Security Products & Services,commercial,56,17,200,29.77001,-95.37264,United States,,,,synthetic_locations
Continental Corporation,continental-corporation,continental-corporation-01,Head Office,New York,"Head office, New York, New York, United States",Motor Vehicle Dealers,commercial,72,7,250,40.70632,-74.03287,United States,Bailey Trey,Production Value Stream Manager,trey.bailey@continental-corporation.com,synthetic_locations
Continental Corporation,continental-corporation,continental-corporation-02,Branch,Massachusetts,"Branch office, Boston, Massachusetts, United States",Motor Vehicle Dealers,residential,7,54,760,42.36211,-71.07525,United States,,,,synthetic_locations
Moceanla,moceanla,moceanla-01,Head Office,California,"Head office, Los Angeles, California, United States",Film/Video Production & Services,commercial,55,16,140,34.06619,-118.26164,United States,Baker Tim,Machine Room And Shipping Supervisor,timb@moceanla.com,synthetic_locations
Moceanla,moceanla,moceanla-02,Branch,Massachusetts,"Branch office, Boston, Massachusetts, United States",Film/Video Production & Services,commercial,81,17,320,42.36251,-71.05099,United States,,,,synthetic_locations
Moceanla,moceanla,moceanla-03,Branch,Texas,"Branch office, Houston, Texas, United States",Film/Video Production & Services,residential,6,38,520,29.73094,-95.35621,United States,,,,synthetic_locations
Moceanla,moceanla,moceanla-04,Branch,Arizona,"Branch office, Phoenix, Arizona, United States",Film/Video Production & Services,commercial,59,7,390,33.47478,-112.05034,United States,,,,synthetic_locations
Fwwebb,fwwebb,fwwebb-01,Head Office,Arizona,"Head office, Phoenix, Arizona, United States",Plumbing & Hvac Equipment,commercial,49,15,270,33.4185,-112.06575,United States,Balch David,Fleet Supervisor,david.balch@fwwebb.com,synthetic_locations
Fwwebb,fwwebb,fwwebb-02,Branch,Florida,"Branch office, Miami, Florida, United States",Plumbing & Hvac Equipment,commercial,58,24,210,25.75616,-80.21594,United States,,,,synthetic_locations
Fwwebb,fwwebb,fwwebb-03,Branch,Illinois,"Branch office, Chicago, Illinois, United States",Plumbing & Hvac Equipment,commercial,62,23,360,41.88723,-87.64632,United States,,,,synthetic_locations
Fwwebb,fwwebb,fwwebb-04,Branch,Massachusetts,"Branch office, Boston, Massachusetts, United States",Plumbing & Hvac Equipment,commercial,49,23,310,42.35796,-71.06675,United States,,,,synthetic_locations
Te,te,te-01,Head Office,Georgia,"Head office, Atlanta, Georgia, United States",Unknown,commercial,41,28,310,33.75972,-84.40362,United States,Ballentine Crystal,Manufacturing Team Leader (Ind),crystal.ballentine@te.com,synthetic_locations
Te,te,te-02,Branch,Illinois,"Branch office, Chicago, Illinois, United States",Unknown,commercial,64,20,200,41.88326,-87.64052,United States,,,,synthetic_locations
Te,te,te-03,Branch,Texas,"Branch office, Houston, Texas, United States",Unknown,commercial,64,9,350,29.77757,-95.3718,United States,,,,synthetic_locations
Ussugar,ussugar,ussugar-01,Head Office,California,"Head office, Los Angeles, California, United States",Unknown,commercial,74,29,120,34.06333,-118.27119,United States,Banky Heather,Ag Business Solutions Manager And Railroad Marketing Manager,hbanky@ussugar.com,synthetic_locations
Ussugar,ussugar,ussugar-02,Branch,New York,"Branch office, New York, New York, United States",Unknown,commercial,46,23,100,40.6913,-73.98482,United States,,,,synthetic_locations
Gpalb,gpalb,gpalb-01,Head Office,Georgia,"Head office, Atlanta, Georgia, United States",Sports Teams & Leagues,residential,6,53,940,33.73086,-84.39531,United States,Bannon Martin,Manager Of Corporate Sales,mbannon@gpalb.com,synthetic_locations
Gpalb,gpalb,gpalb-02,Branch,Texas,"Branch office, Houston, Texas, United States",Sports Teams & Leagues,commercial,65,5,190,29.76368,-95.36063,United States,,,,synthetic_locations
Gpalb,gpalb,gpalb-03,Branch,Illinois,"Branch office, Chicago, Illinois, United States",Sports Teams & Leagues,residential,7,35,920,41.8845,-87.64158,United States,,,,synthetic_locations
Wivb,wivb,wivb-01,Head Office,Georgia,"Head office, Atlanta, Georgia, United States",Television Stations,commercial,45,27,190,33.76345,-84.39828,United States,Barbera Russ,News Assignment Manager,russ.barbera@wivb.com,synthetic_locations
Wivb,wivb,wivb-02,Branch,Florida,"Branch office, Miami, Florida, United States",Television Stations,residential,11,43,770,25.75233,-80.1779,United States,,,,synthetic_locations
Wivb,wivb,wivb-03,Branch,Colorado,"Branch office, Denver, Colorado, United States",Television Stations,residential,8,42,830,39.7208,-104.98519,United States,,,,synthetic_locations
Tpco,tpco,tpco-01,Head Office,Arizona,"Head office, Phoenix, Arizona, United States",Unknown,commercial,48,28,160,33.44202,-112.10341,United States,Barger Kyle,Vice President Construction Management Services,kyle.barger@tpco.com,synthetic_locations
Tpco,tpco,tpco-02,Branch,Washington,"Branch office, Seattle, Washington, United States",Unknown,commercial,46,13,220,47.60046,-122.30436,United States,,,,synthetic_locations
Tpco,tpco,tpco-03,Branch,Colorado,"Branch office, Denver, Colorado, United States",Unknown,commercial,79,20,230,39.76917,-104.99628,United States,,,,synthetic_locations
Tpco,tpco,tpco-04,Branch,Texas,"Branch office, Houston, Texas, United States",Unknown,commercial,61,25,270,29.75773,-95.36094,United States,,,,synthetic_locations
Va,va,va-01,Head Office,Washington,"Head office, Seattle, Washington, United States",K-12 Schools,commercial,60,14,290,47.58632,-122.32688,United States,Barker Tami,Project Manager And Network Applications Engineer,tami.barker@pps.k12.va.us,synthetic_locations
Va,va,va-02,Branch,Arizona,"Branch office, Phoenix, Arizona, United States",K-12 Schools,commercial,62,24,210,33.47237,-112.09653,United States,,,,synthetic_locations
Yankeecandle,yankeecandle,yankeecandle-01,Head Office,Washington,"Head office, Seattle, Washington, United States","Cosmetics, Beauty Supply & Personal Care Products",residential,10,44,720,47.61363,-122.3467,United States,Barrera Rebecca,Visual Training Manager,rbarrer@yankeecandle.com,synthetic_locations
Yankeecandle,yankeecandle,yankeecandle-02,Branch,California,"Branch office, Los Angeles, California, United States","Cosmetics, Beauty Supply & Personal Care Products",industrial,89,6,510,34.03538,-118.23441,United States,,,,synthetic_locations
Re Trans,re-trans,re-trans-01,Head Office,Illinois,"Head office, Chicago, Illinois, United States",Freight & Logistics Services,industrial,69,1,650,41.89713,-87.62391,United States,Barron Susie,Agent And Director Of Operations,sparnell@re-trans.com,synthetic_locations
Re Trans,re-trans,re-trans-02,Branch,Texas,"Branch office, Houston, Texas, United States",Freight & Logistics Services,industrial,64,1,410,29.73518,-95.38824,United States,,,,synthetic_locations
Re Trans,re-trans,re-trans-03,Branch,Georgia,"Branch office, Atlanta, Georgia, United States",Freight & Logistics Services,industrial,55,1,340,33.76015,-84.3954,United States,,,,synthetic_locations
Midcoastair,midcoastair,midcoastair-01,Head Office,Victoria,"Head office, Melbourne, Victoria, Australia",Other Electrical And Electronic Goods Wholesaling,commercial,85,20,290,-37.84285,144.93685,Australia,Barry Pickett,Warehouse Administrator,barry@midcoastair.com.au,synthetic_locations
Midcoastair,midcoastair,midcoastair-02,Branch,South Australia,"Branch office, Adelaide, South Australia, Australia",Other Electrical And Electronic Goods Wholesaling,commercial,83,10,140,-34.90147,138.61339,Australia,,,,synthetic_locations
Midcoastair,midcoastair,midcoastair-03,Branch,Western Australia,"Branch office, Perth, Western Australia, Australia",Other Electrical And Electronic Goods Wholesaling,commercial,67,16,370,-31.96797,115.85595,Australia,,,,synthetic_locations
Midcoastair,midcoastair,midcoastair-04,Branch,New South Wales,"Branch office, Sydney, New South Wales, Australia",Other Electrical And Electronic Goods Wholesaling,commercial,84,21,180,-33.85767,151.2357,Australia,,,,synthetic_locations
Maggio Kattar,maggio-kattar,maggio-kattar-01,Head Office,Washington,"Head office, Seattle, Washington, United States",Unknown,commercial,70,8,250,47.61684,-122.3496,United States,Bartik Sharon,Paralegal Manager,sbartik@maggio-kattar.com,synthetic_locations
Maggio Kattar,maggio-kattar,maggio-kattar-02,Branch,California,"Branch office, Los Angeles, California, United States",Unknown,commercial,45,25,380,34.04136,-118.21515,United States,,,,synthetic_locations
Maggio Kattar,maggio-kattar,maggio-kattar-03,Branch,Georgia,"Branch office, Atlanta, Georgia, United States",Unknown,commercial,80,18,160,33.72679,-84.35943,United States,,,,synthetic_locations
Maggio Kattar,maggio-kattar,maggio-kattar-04,Branch,Arizona,"Branch office, Phoenix, Arizona, United States",Unknown,commercial,72,16,210,33.44405,-112.04824,United States,,,,synthetic_locations
Northwestdata,northwestdata,northwestdata-01,Head Office,New York,"Head office, New York, New York, United States",Consumer Electronics & Computers,commercial,79,26,340,40.7297,-74.00798,United States,Bassett Bryan,General Partner - Owner,bryan@northwestdata.com,synthetic_locations
Northwestdata,northwestdata,northwestdata-02,Branch,Florida,"Branch office, Miami, Florida, United States",Consumer Electronics & Computers,commercial,70,26,260,25.74865,-80.21916,United States,,,,synthetic_locations
Northwestdata,northwestdata,northwestdata-03,Branch,Illinois,"Branch office, Chicago, Illinois, United States",Consumer Electronics & Computers,commercial,75,30,340,41.86252,-87.61957,United States,,,,synthetic_locations
Northwestdata,northwestdata,northwestdata-04,Branch,Colorado,"Branch office, Denver, Colorado, United States",Consumer Electronics & Computers,commercial,50,29,140,39.72179,-104.97467,United States,,,,synthetic_locations
Capitoladm,capitoladm,capitoladm-01,Head Office,Massachusetts,"Head office, Boston, Massachusetts, United States",Information & Document Management,commercial,45,24,330,42.33282,-71.05317,United States,Bauer Sherri,Claims Technical Supervisor,sbauer@capitoladm.com,synthetic_locations
Capitoladm,capitoladm,capitoladm-02,Branch,Washington,"Branch office, Seattle, Washington, United States",Information & Document Management,commercial,76,8,110,47.58848,-122.34273,United States,,,,synthetic_locations
Capitoladm,capitoladm,capitoladm-03,Branch,New York,"Branch office, New York, New York, United States",Information & Document Management,commercial,49,5,170,40.73318,-74.01521,United States,,,,synthetic_locations
Capitoladm,capitoladm,capitoladm-04,Branch,Colorado,"Branch office, Denver, Colorado, United States",Information & Document Management,commercial,60,29,150,39.72108,-104.97912,United States,,,,synthetic_locations
Nike,nike,nike-01,Head Office,Massachusetts,"Head office, Boston, Massachusetts, United States",Unknown,commercial,56,28,200,42.37281,-71.06679,United States,Bean Jonathan,Se Territory Presentation Manager,jonathan.bean@nike.com,synthetic_locations
Nike,nike,nike-02,Branch,California,"Branch office, Los Angeles, California, United States",Unknown,commercial,48,8,310,34.02935,-118.22018,United States,,,,synthetic_locations
Emaxlabs,emaxlabs,emaxlabs-01,Head Office,Colorado,"Head office, Denver, Colorado, United States",Medical Testing & Clinical Laboratories,commercial,70,20,360,39.7228,-104.96082,United States,Beauvil Richard,Project Manager And Safety Officer,rbeauvil@emaxlabs.com,synthetic_locations
Emaxlabs,emaxlabs,emaxlabs-02,Branch,Massachusetts,"Branch office, Boston, Massachusetts, United States",Medical Testing & Clinical Laboratories,commercial,84,6,260,42.34531,-71.04139,United States,,,,synthetic_locations
Islandberriestasmania,islandberriestasmania,islandberriestasmania-01,Head Office,Western Australia,"Head office, Perth, Western Australia, Australia",Fruit And Vegetable Wholesaling,commercial,74,13,220,-31.93425,115.88936,Australia,Belinda Vespignani,Quality Operations Lead,belinda@islandberriestasmania.com.au,synthetic_locations
Islandberriestasmania,islandberriestasmania,islandberriestasmania-02,Branch,South Australia,"Branch office, Adelaide, South Australia, Australia",Fruit And Vegetable Wholesaling,commercial,69,27,160,-34.9554,138.57425,Australia,,,,synthetic_locations
Islandberriestasmania,islandberriestasmania,islandberriestasmania-03,Branch,Tasmania,"Branch office, Hobart, Tasmania, Australia",Fruit And Vegetable Wholesaling,residential,4,32,760,-42.90273,147.31798,Australia,,,,synthetic_locations
Lafleurstampa,lafleurstampa,lafleurstampa-01,Head Office,Florida,"Head office, Miami, Florida, United States",Unknown,commercial,85,24,100,25.75406,-80.20057,United States,Bell Kristi,Supertots Manager,supertots@lafleurstampa.com,synthetic_locations
Lafleurstampa,lafleurstampa,lafleurstampa-02,Branch,Texas,"Branch office, Houston, Texas, United States",Unknown,commercial,48,6,190,29.74461,-95.38491,United States,,,,synthetic_locations
Lafleurstampa,lafleurstampa,lafleurstampa-03,Branch,Washington,"Branch office, Seattle, Washington, United States",Unknown,commercial,41,7,290,47.59984,-122.31943,United States,,,,synthetic_locations
Lafleurstampa,lafleurstampa,lafleurstampa-04,Branch,Georgia,"Branch office, Atlanta, Georgia, United States",Unknown,residential,4,54,990,33.73388,-84.367,United States,,,,synthetic_locations
Officebarn,officebarn,officebarn-01,Head Office,New South Wales,"Head office, Sydney, New South Wales, Australia",Stationery Goods Retailing,commercial,40,24,400,-33.87523,151.22886,Australia,Ben Dgiacoma,"Manager, National Merchandise",sales@officebarn.com.au,synthetic_locations
Officebarn,officebarn,officebarn-02,Branch,Tasmania,"Branch office, Hobart, Tasmania, Australia",Stationery Goods Retailing,commercial,62,29,230,-42.89919,147.29964,Australia,,,,synthetic_locations
Officebarn,officebarn,officebarn-03,Branch,Western Australia,"Branch office, Perth, Western Australia, Australia",Stationery Goods Retailing,commercial,85,21,170,-31.97666,115.85496,Australia,,,,synthetic_locations
Officebarn,officebarn,officebarn-04,Branch,Victoria,"Branch office, Melbourne, Victoria, Australia",Stationery Goods Retailing,commercial,67,14,130,-37.81209,144.96685,Australia,,,,synthetic_locations
Brandenburg,brandenburg,brandenburg-01,Head Office,Australian Capital Territory,"Head office, Canberra, Australian Capital Territory, Australia",Performing Arts Operation,commercial,64,7,190,-35.30174,149.13611,Australia,Ben Dollman,Violinist,bendollman@brandenburg.com.au,synthetic_locations
Brandenburg,brandenburg,brandenburg-02,Branch,New South Wales,"Branch office, Sydney, New South Wales, Australia",Performing Arts Operation,residential,4,43,1000,-33.86153,151.22966,Australia,,,,synthetic_locations
Wolper,wolper,wolper-01,Head Office,South Australia,"Head office, Adelaide, South Australia, Australia",Hospitals (Except Psychiatric Hospitals),commercial,68,14,100,-34.90751,138.59991,Australia,Ben J. Basger,Clinical Pharmacist,info@wolper.com.au,synthetic_locations
Wolper,wolper,wolper-02,Branch,Queensland,"Branch office, Brisbane, Queensland, Australia",Hospitals (Except Psychiatric Hospitals),commercial,62,10,340,-27.48752,153.0184,Australia,,,,synthetic_locations
Wolper,wolper,wolper-03,Branch,Australian Capital Territory,"Branch office, Canberra, Australian Capital Territory, Australia",Hospitals (Except Psychiatric Hospitals),commercial,82,24,390,-35.25228,149.11475,Australia,,,,synthetic_locations
Wolper,wolper,wolper-04,Branch,Victoria,"Branch office, Melbourne, Victoria, Australia",Hospitals (Except Psychiatric Hospitals),commercial,83,8,260,-37.79154,144.9461,Australia,,,,synthetic_locations
Bunburymachinery,bunburymachinery,bunburymachinery-01,Head Office,Western Australia,"Head office, Perth, Western Australia, Australia",Agricultural Machinery And Equipment Manufacturing,industrial,59,1,480,-31.95237,115.87439,Australia,Ben Johnston,Agricultural And Construction Sales,ben@bunburymachinery.com.au,synthetic_locations
Bunburymachinery,bunburymachinery,bunburymachinery-02,Branch,Australian Capital Territory,"Branch office, Canberra, Australian Capital Territory, Australia",Agricultural Machinery And Equipment Manufacturing,industrial,67,1,490,-35.25735,149.11664,Australia,,,,synthetic_locations
Thevillagebmx,thevillagebmx,thevillagebmx-01,Head Office,South Australia,"Head office, Adelaide, South Australia, Australia",Other Repair And Maintenance N.E.C.,commercial,64,7,380,-34.90424,138.59853,Australia,Ben Rountree,Pads And Protector,info@thevillagebmx.com,synthetic_locations
Thevillagebmx,thevillagebmx,thevillagebmx-02,Branch,Western Australia,"Branch office, Perth, Western Australia, Australia",Other Repair And Maintenance N.E.C.,commercial,50,29,120,-31.93606,115.85222,Australia,,,,synthetic_locations
Rtstraining,rtstraining,rtstraining-01,Head Office,Western Australia,"Head office, Perth, Western Australia, Australia",Pharmaceutical And Toiletry Goods Wholesaling,industrial,57,5,350,-31.9742,115.88352,Australia,Ben Stubbs,Construction Grp,ben@rtstraining.com.au,synthetic_locations
Rtstraining,rtstraining,rtstraining-02,Branch,New South Wales,"Branch office, Sydney, New South Wales, Australia",Pharmaceutical And Toiletry Goods Wholesaling,industrial,82,2,800,-33.88765,151.21253,Australia,,,,synthetic_locations
Rtstraining,rtstraining,rtstraining-03,Branch,Victoria,"Branch office, Melbourne, Victoria, Australia",Pharmaceutical And Toiletry Goods Wholesaling,industrial,55,5,740,-37.83666,144.97527,Australia,,,,synthetic_locations
Rtstraining,rtstraining,rtstraining-04,Branch,Tasmania,"Branch office, Hobart, Tasmania, Australia",Pharmaceutical And Toiletry Goods Wholesaling,industrial,62,2,560,-42.91138,147.32103,Australia,,,,synthetic_locations
Candida,candida,candida-01,Head Office,Australian Capital Territory,"Head office, Canberra, Australian Capital Territory, Australia",Paper Stationery Manufacturing,industrial,76,3,420,-35.26217,149.12955,Australia,Ben Westall,Business Mgr,ben.westall@candida.com.au,synthetic_locations
Candida,candida,candida-02,Branch,Western Australia,"Branch office, Perth, Western Australia, Australia",Paper Stationery Manufacturing,industrial,90,5,800,-31.93396,115.88479,Australia,,,,synthetic_locations
Candida,candida,candida-03,Branch,Tasmania,"Branch office, Hobart, Tasmania, Australia",Paper Stationery Manufacturing,industrial,76,6,600,-42.90111,147.29968,Australia,,,,synthetic_locations
Candida,candida,candida-04,Branch,Queensland,"Branch office, Brisbane, Queensland, Australia",Paper Stationery Manufacturing,industrial,57,1,580,-27.46508,153.0432,Australia,,,,synthetic_locations
Fhcann,fhcann,fhcann-01,Head Office,New York,"Head office, New York, New York, United States",Debt Collection,commercial,44,14,200,40.71013,-74.03292,United States,Bencosme Ernesto,Collection Supervisor,ebencosme@fhcann.com,synthetic_locations
Fhcann,fhcann,fhcann-02,Branch,Florida,"Branch office, Miami, Florida, United States",Debt Collection,commercial,63,16,140,25.73976,-80.21223,United States,,,,synthetic_locations
Fhcann,fhcann,fhcann-03,Branch,Illinois,"Branch office, Chicago, Illinois, United States",Debt Collection,commercial,43,5,150,41.85275,-87.61737,United States,,,,synthetic_locations
Fhcann,fhcann,fhcann-04,Branch,Washington,"Branch office, Seattle, Washington, United States",Debt Collection,residential,15,36,930,47.60159,-122.33599,United States,,,,synthetic_locations
Smimac,smimac,smimac-01,Head Office,Western Australia,"Head office, Perth, Western Australia, Australia",Cheese And Other Dairy Product Manufacturing,industrial,68,3,620,-31.97405,115.85957,Australia,Benjamin Molloy,"Storemen, Driver, Bushorders",benjamin@smimac.com.au,synthetic_locations
Smimac,smimac,smimac-02,Branch,New South Wales,"Branch office, Sydney, New South Wales, Australia",Cheese And Other Dairy Product Manufacturing,industrial,60,3,430,-33.83952,151.2323,Australia,,,,synthetic_locations
Smimac,smimac,smimac-03,Branch,Victoria,"Branch office, Melbourne, Victoria, Australia",Cheese And Other Dairy Product Manufacturing,industrial,79,2,400,-37.81747,144.96353,Australia,,,,synthetic_locations
Instructionalaccess,instructionalaccess,instructionalaccess-01,Head Office,Georgia,"Head office, Atlanta, Georgia, United States",Training,commercial,61,20,160,33.77324,-84.36614,United States,Bennett Candice,Travel And Events Coordinator,candiceb@instructionalaccess.com,synthetic_locations
Instructionalaccess,instructionalaccess,instructionalaccess-02,Branch,Arizona,"Branch office, Phoenix, Arizona, United States",Training,commercial,52,27,160,33.46911,-112.09918,United States,,,,synthetic_locations
Instructionalaccess,instructionalaccess,instructionalaccess-03,Branch,Illinois,"Branch office, Chicago, Illinois, United States",Training,commercial,55,22,120,41.87395,-87.63781,United States,,,,synthetic_locations
Instructionalaccess,instructionalaccess,instructionalaccess-04,Branch,Texas,"Branch office, Houston, Texas, United States",Training,commercial,57,27,210,29.77109,-95.38463,United States,,,,synthetic_locations
Syro,syro,syro-01,Head Office,Georgia,"Head office, Atlanta, Georgia, United States",Clinical Trials,commercial,79,10,170,33.77167,-84.40268,United States,Bertrand Diard,Co-Founder & Chairman,bertrand.diard@syro.co,synthetic_locations
Syro,syro,syro-02,Branch,Colorado,"Branch office, Denver, Colorado, United States",Clinical Trials,commercial,60,22,160,39.71406,-105.01624,United States,,,,synthetic_locations
Syro,syro,syro-03,Branch,Massachusetts,"Branch office, Boston, Massachusetts, United States",Clinical Trials,commercial,59,13,240,42.38497,-71.04058,United States,,,,synthetic_locations
Chiefpetroleum,chiefpetroleum,chiefpetroleum-01,Head Office,Georgia,"Head office, Atlanta, Georgia, United States",Oil & Gas Exploration & Services,industrial,68,3,400,33.74309,-84.3947,United States,Bervig Kristi,Logistics And Fleet Manager,kristi@chiefpetroleum.com,synthetic_locations
Chiefpetroleum,chiefpetroleum,chiefpetroleum-02,Branch,California,"Branch office, Los Angeles, California, United States",Oil & Gas Exploration & Services,industrial,60,6,680,34.05029,-118.218,United States,,,,synthetic_locations
Chiefpetroleum,chiefpetroleum,chiefpetroleum-03,Branch,Illinois,"Branch office, Chicago, Illinois, United States",Oil & Gas Exploration & Services,industrial,79,4,480,41.86029,-87.64307,United States,,,,synthetic_locations
Amplitudevc,amplitudevc,amplitudevc-01,Head Office,Quebec,"Head office, Montreal, Quebec, Canada","Genetics,Therapeutics,Bioinformatics,Biopharma",commercial,72,17,110,45.48188,-73.55588,Canada,Bharat Srinivasa,Corporate Advisor And Investor,bharat.srinivasa@amplitudevc.com,synthetic_locations
Amplitudevc,amplitudevc,amplitudevc-02,Branch,British Columbia,"Branch office, Vancouver, British Columbia, Canada","Genetics,Therapeutics,Bioinformatics,Biopharma",commercial,52,13,230,49.2766,-123.13879,Canada,,,,synthetic_locations
Americantower,americantower,americantower-01,Head Office,Arizona,"Head office, Phoenix, Arizona, United States",Unknown,commercial,78,25,250,33.4647,-112.06156,United States,Biamonte Elaine,Manager - Lease Administration,elaine.biamonte@americantower.com,synthetic_locations
Americantower,americantower,americantower-02,Branch,Illinois,"Branch office, Chicago, Illinois, United States",Unknown,commercial,49,8,220,41.89531,-87.63341,United States,,,,synthetic_locations
Americantower,americantower,americantower-03,Branch,Texas,"Branch office, Houston, Texas, United States",Unknown,commercial,56,22,390,29.74575,-95.38117,United States,,,,synthetic_locations
Americantower,americantower,americantower-04,Branch,Massachusetts,"Branch office, Boston, Massachusetts, United States",Unknown,commercial,79,10,230,42.33823,-71.07203,United States,,,,synthetic_locations
Sandicor,sandicor,sandicor-01,Head Office,Florida,"Head office, Miami, Florida, United States",Search Engines & Internet Portals,commercial,84,22,140,25.73693,-80.18323,United States,Bild Gary,Tech Support Manager,garyb@sandicor.com,synthetic_locations
Sandicor,sandicor,sandicor-02,Branch,Washington,"Branch office, Seattle, Washington, United States",Search Engines & Internet Portals,commercial,64,24,180,47.62597,-122.32273,United States,,,,synthetic_locations
Sandicor,sandicor,sandicor-03,Branch,California,"Branch office, Los Angeles, California, United States",Search Engines & Internet Portals,commercial,68,23,230,34.03694,-118.23554,United States,,,,synthetic_locations
Reversegarbage,reversegarbage,reversegarbage-01,Head Office,New South Wales,"Head office, Sydney, New South Wales, Australia",Solid Waste Collection Services,commercial,46,24,220,-33.84103,151.21764,Australia,Bill Ennals,"Director, Truck Coordinator, Finance Officer, Business Development Officer, Information Technology C",info@reversegarbage.org.au,synthetic_locations
Reversegarbage,reversegarbage,reversegarbage-02,Branch,Western Australia,"Branch office, Perth, Western Australia, Australia",Solid Waste Collection Services,commercial,68,26,190,-31.94195,115.86462,Australia,,,,synthetic_locations
Dexionhendra,dexionhendra,dexionhendra-01,Head Office,New South Wales,"Head office, Sydney, New South Wales, Australia",Other Warehousing And Storage Services,industrial,83,6,480,-33.85355,151.17961,Australia,Bill Hernandez,Office Manager/Internal Sales/Estimator,bill.hernandez@dexionhendra.com.au,synthetic_locations
Dexionhendra,dexionhendra,dexionhendra-02,Branch,Australian Capital Territory,"Branch office, Canberra, Australian Capital Territory, Australia",Other Warehousing And Storage Services,industrial,72,1,520,-35.30777,149.15755,Australia,,,,synthetic_locations
Dexionhendra,dexionhendra,dexionhendra-03,Branch,Western Australia,"Branch office, Perth, Western Australia, Australia",Other Warehousing And Storage Services,industrial,87,6,510,-31.96957,115.88192,Australia,,,,synthetic_locations
Qpams,qpams,qpams-01,Head Office,Queensland,"Head office, Brisbane, Queensland, Australia",Painting And Decorating Services,commercial,59,25,240,-27.44252,152.99859,Australia,Bill Maglis,"Manager, Qld Development",projects@qpams.com.au,synthetic_locations
Qpams,qpams,qpams-02,Branch,South Australia,"Branch office, Adelaide, South Australia, Australia",Painting And Decorating Services,commercial,57,22,400,-34.9389,138.59156,Australia,,,,synthetic_locations
Qpams,qpams,qpams-03,Branch,Victoria,"Branch office, Melbourne, Victoria, Australia",Painting And Decorating Services,commercial,51,9,110,-37.80757,144.93708,Australia,,,,synthetic_locations
Launchcapital,launchcapital,launchcapital-01,Head Office,Massachusetts,"Head office, Boston, Massachusetts, United States","Medical Device,Health Diagnostics,Wellness,Bioinformatics,Genetics",commercial,73,8,170,42.35177,-71.04678,United States,Bill Mccullen,"Director, Boston",bill@launchcapital.com,synthetic_locations
Launchcapital,launchcapital,launchcapital-02,Branch,Georgia,"Branch office, Atlanta, Georgia, United States","Medical Device,Health Diagnostics,Wellness,Bioinformatics,Genetics",commercial,48,28,190,33.74513,-84.41492,United States,,,,synthetic_locations
Launchcapital,launchcapital,launchcapital-03,Branch,Colorado,"Branch office, Denver, Colorado, United States","Medical Device,Health Diagnostics,Wellness,Bioinformatics,Genetics",commercial,57,25,190,39.71412,-105.00622,United States,,,,synthetic_locations
Launchcapital,launchcapital,launchcapital-04,Branch,Illinois,"Branch office, Chicago, Illinois, United States","Medical Device,Health Diagnostics,Wellness,Bioinformatics,Genetics",commercial,51,6,190,41.87763,-87.63284,United States,,,,synthetic_locations
Gourmetgiftbaskets,gourmetgiftbaskets,gourmetgiftbaskets-01,Head Office,Georgia,"Head office, Atlanta, Georgia, United States","Flowers, Gifts & Specialty",commercial,73,24,180,33.76928,-84.39464,United States,Bishop Jill,Research And Development Manager And Creative Photographer,jill@gourmetgiftbaskets.com,synthetic_locations
Gourmetgiftbaskets,gourmetgiftbaskets,gourmetgiftbaskets-02,Branch,Washington,"Branch office, Seattle, Washington, United States","Flowers, Gifts & Specialty",commercial,40,27,270,47.62614,-122.35381,United States,,,,synthetic_locations
Gourmetgiftbaskets,gourmetgiftbaskets,gourmetgiftbaskets-03,Branch,New York,"Branch office, New York, New York, United States","Flowers, Gifts & Specialty",commercial,84,16,250,40.71777,-73.99415,United States,,,,synthetic_locations
Gourmetgiftbaskets,gourmetgiftbaskets,gourmetgiftbaskets-04,Branch,Arizona,"Branch office, Phoenix, Arizona, United States","Flowers, Gifts & Specialty",commercial,63,14,110,33.44743,-112.06798,United States,,,,synthetic_locations
Sourceecreative,sourceecreative,sourceecreative-01,Head Office,Arizona,"Head office, Phoenix, Arizona, United States",Unknown,commercial,73,11,240,33.4371,-112.06175,United States,Blackburn Graciela,Director Of Sales - Latin America,graciela@sourceecreative.com,synthetic_locations
Sourceecreative,sourceecreative,sourceecreative-02,Branch,Florida,"Branch office, Miami, Florida, United States",Unknown,commercial,59,26,230,25.77657,-80.17552,United States,,,,synthetic_locations
Sourceecreative,sourceecreative,sourceecreative-03,Branch,New York,"Branch office, New York, New York, United States",Unknown,commercial,43,19,120,40.69764,-74.01826,United States,,,,synthetic_locations
Sourceecreative,sourceecreative,sourceecreative-04,Branch,Colorado,"Branch office, Denver, Colorado, United States",Unknown,commercial,60,29,300,39.71548,-104.9845,United States,,,,synthetic_locations
Tervis,tervis,tervis-01,Head Office,Texas,"Head office, Houston, Texas, United States",Unknown,commercial,56,5,210,29.76284,-95.34826,United States,Blaszka Michelle,Line Development Manager,mblaszka@tervis.com,synthetic_locations
Tervis,tervis,tervis-02,Branch,Colorado,"Branch office, Denver, Colorado, United States",Unknown,commercial,56,12,110,39.71385,-104.9947,United States,,,,synthetic_locations
Supplyone,supplyone,supplyone-01,Head Office,Illinois,"Head office, Chicago, Illinois, United States",Packaging & Containers,industrial,84,3,570,41.87765,-87.6583,United States,Bob Meltzer,Sales Vp,bmeltzer@supplyone.com,synthetic_locations
Supplyone,supplyone,supplyone-02,Branch,Arizona,"Branch office, Phoenix, Arizona, United States",Packaging & Containers,industrial,66,6,360,33.4472,-112.06029,United States,,,,synthetic_locations
Supplyone,supplyone,supplyone-03,Branch,Georgia,"Branch office, Atlanta, Georgia, United States",Packaging & Containers,industrial,60,3,440,33.75432,-84.3787,United States,,,,synthetic_locations
Cleanawater,cleanawater,cleanawater-01,Head Office,Western Australia,"Head office, Perth, Western Australia, Australia",Sewerage And Drainage Services,commercial,56,15,280,-31.95874,115.87281,Australia,Bob Muxlow,Research And Development Engineer,info@cleanawater.com.au,synthetic_locations
Cleanawater,cleanawater,cleanawater-02,Branch,Australian Capital Territory,"Branch office, Canberra, Australian Capital Territory, Australia",Sewerage And Drainage Services,commercial,70,25,190,-35.25455,149.1443,Australia,,,,synthetic_locations
Carecentrix,carecentrix,carecentrix-01,Head Office,Arizona,"Head office, Phoenix, Arizona, United States",Unknown,commercial,79,23,310,33.46075,-112.07169,United States,Boykin Jennifer,Supervisor - Carecentrix Biling Center,jennifer.boykin@carecentrix.com,synthetic_locations
Carecentrix,carecentrix,carecentrix-02,Branch,New York,"Branch office, New York, New York, United States",Unknown,commercial,59,25,330,40.70663,-74.01301,United States,,,,synthetic_locations
Carecentrix,carecentrix,carecentrix-03,Branch,Georgia,"Branch office, Atlanta, Georgia, United States",Unknown,commercial,84,17,160,33.74783,-84.40399,United States,,,,synthetic_locations
Carecentrix,carecentrix,carecentrix-04,Branch,California,"Branch office, Los Angeles, California, United States",Unknown,commercial,44,6,120,34.0682,-118.24796,United States,,,,synthetic_locations
Slack,slack,slack-01,Head Office,Massachusetts,"Head office, Boston, Massachusetts, United States",Human Computer Interaction,commercial,43,21,320,42.36081,-71.03751,United States,Bradley Armstrong,"Vp, Business Development & Corporate Development",feedback@slack.com,synthetic_locations
Slack,slack,slack-02,Branch,Georgia,"Branch office, Atlanta, Georgia, United States",Human Computer Interaction,commercial,60,20,110,33.75571,-84.36068,United States,,,,synthetic_locations
Slack,slack,slack-03,Branch,Florida,"Branch office, Miami, Florida, United States",Human Computer Interaction,commercial,55,23,250,25.78365,-80.16632,United States,,,,synthetic_locations
Slack,slack,slack-04,Branch,California,"Branch office, Los Angeles, California, United States",Human Computer Interaction,commercial,44,19,260,34.0615,-118.25093,United States,,,,synthetic_locations
Westminsterfinancial,westminsterfinancial,westminsterfinancial-01,Head Office,New York,"Head office, New York, New York, United States",Unknown,commercial,48,10,280,40.69426,-73.99252,United States,Brazie Morgan,Vice President Investment Management,mpbrazie@westminsterfinancial.com,synthetic_locations
Westminsterfinancial,westminsterfinancial,westminsterfinancial-02,Branch,Illinois,"Branch office, Chicago, Illinois, United States",Unknown,commercial,55,29,400,41.89249,-87.61356,United States,,,,synthetic_locations
Westminsterfinancial,westminsterfinancial,westminsterfinancial-03,Branch,Arizona,"Branch office, Phoenix, Arizona, United States",Unknown,commercial,85,24,130,33.43325,-112.074,United States,,,,synthetic_locations
Westminsterfinancial,westminsterfinancial,westminsterfinancial-04,Branch,Florida,"Branch office, Miami, Florida, United States",Unknown,commercial,68,5,110,25.7778,-80.16996,United States,,,,synthetic_locations
Avirom Survey,avirom-survey,avirom-survey-01,Head Office,California,"Head office, Los Angeles, California, United States",Unknown,commercial,77,10,240,34.06837,-118.23589,United States,Breaux Eric,"Project Manager, P.L.S.",eric@avirom-survey.com,synthetic_locations
Avirom Survey,avirom-survey,avirom-survey-02,Branch,Arizona,"Branch office, Phoenix, Arizona, United States",Unknown,commercial,71,15,310,33.41948,-112.06009,United States,,,,synthetic_locations
Vagabond,vagabond,vagabond-01,Head Office,Tasmania,"Head office, Hobart, Tasmania, Australia",Other Motor Vehicle And Transport Equipment Rental And Hiring,industrial,84,3,770,-42.87403,147.35327,Australia,Brenda Herrera,"Manager, Sales & Events",brenda@vagabond.com.au,synthetic_locations
Vagabond,vagabond,vagabond-02,Branch,South Australia,"Branch office, Adelaide, South Australia, Australia",Other Motor Vehicle And Transport Equipment Rental And Hiring,industrial,66,6,660,-34.95608,138.62911,Australia,,,,synthetic_locations
Vagabond,vagabond,vagabond-03,Branch,Australian Capital Territory,"Branch office, Canberra, Australian Capital Territory, Australia",Other Motor Vehicle And Transport Equipment Rental And Hiring,industrial,74,1,490,-35.30105,149.14733,Australia,,,,synthetic_locations
Vagabond,vagabond,vagabond-04,Branch,Western Australia,"Branch office, Perth, Western Australia, Australia",Other Motor Vehicle And Transport Equipment Rental And Hiring,industrial,89,3,580,-31.94913,115.83071,Australia,,,,synthetic_locations
Ac3,ac3,ac3-01,Head Office,Tasmania,"Head office, Hobart, Tasmania, Australia",Data Processing And Web Hosting Services,commercial,47,9,380,-42.88375,147.33604,Australia,Brendan Fiedler,"Acting Manager, Engineering",brendan.fiedler@ac3.com.au,synthetic_locations
Ac3,ac3,ac3-02,Branch,Australian Capital Territory,"Branch office, Canberra, Australian Capital Territory, Australia",Data Processing And Web Hosting Services,commercial,80,30,400,-35.28267,149.12813,Australia,,,,synthetic_locations
Ac3,ac3,ac3-03,Branch,Western Australia,"Branch office, Perth, Western Australia, Australia",Data Processing And Web Hosting Services,residential,15,44,690,-31.92176,115.87809,Australia,,,,synthetic_locations
Jaycoaw,jaycoaw,jaycoaw-01,Head Office,New South Wales,"Head office, Sydney, New South Wales, Australia",Motor Vehicle Body And Trailer Manufacturing,industrial,58,5,510,-33.86926,151.23418,Australia,Brendan Hegarty,Parts And Accessories Manager,brendan@jaycoaw.com.au,synthetic_locations
Jaycoaw,jaycoaw,jaycoaw-02,Branch,Queensland,"Branch office, Brisbane, Queensland, Australia",Motor Vehicle Body And Trailer Manufacturing,industrial,89,5,390,-27.44729,153.04885,Australia,,,,synthetic_locations
Epa,epa,epa-01,Head Office,Washington,"Head office, Seattle, Washington, United States",Unknown,residential,10,40,960,47.58866,-122.35648,United States,Brennan Dawn,Facilities Management And Services Division,brennan.dawn@epa.gov,synthetic_locations
Epa,epa,epa-02,Branch,Florida,"Branch office, Miami, Florida, United States",Unknown,commercial,85,22,190,25.7712,-80.17066,United States,,,,synthetic_locations
Epa,epa,epa-03,Branch,Illinois,"Branch office, Chicago, Illinois, United States",Unknown,residential,12,50,870,41.90592,-87.65452,United States,,,,synthetic_locations
Redgumracing,redgumracing,redgumracing-01,Head Office,Western Australia,"Head office, Perth, Western Australia, Australia",Horse Farming,commercial,84,13,310,-31.96396,115.84836,Australia,Brent Clayton,Stable Manager,brent@redgumracing.com.au,synthetic_locations
Redgumracing,redgumracing,redgumracing-02,Branch,Queensland,"Branch office, Brisbane, Queensland, Australia",Horse Farming,commercial,49,18,280,-27.44494,153.04729,Australia,,,,synthetic_locations
Redgumracing,redgumracing,redgumracing-03,Branch,New South Wales,"Branch office, Sydney, New South Wales, Australia",Horse Farming,commercial,79,26,320,-33.83949,151.20235,Australia,,,,synthetic_locations
Badmintonvic,badmintonvic,badmintonvic-01,Head Office,Tasmania,"Head office, Hobart, Tasmania, Australia","Sports And Physical Recreation Venues, Grounds And Facilities Operation",commercial,82,6,330,-42.88666,147.33724,Australia,Brent Gutterson,Participation Programs Manager,bg@badmintonvic.com.au,synthetic_locations
Badmintonvic,badmintonvic,badmintonvic-02,Branch,Western Australia,"Branch office, Perth, Western Australia, Australia","Sports And Physical Recreation Venues, Grounds And Facilities Operation",commercial,69,16,350,-31.96708,115.8516,Australia,,,,synthetic_locations
Badmintonvic,badmintonvic,badmintonvic-03,Branch,Queensland,"Branch office, Brisbane, Queensland, Australia","Sports And Physical Recreation Venues, Grounds And Facilities Operation",commercial,48,5,290,-27.47853,153.02092,Australia,,,,synthetic_locations
Badmintonvic,badmintonvic,badmintonvic-04,Branch,South Australia,"Branch office, Adelaide, South Australia, Australia","Sports And Physical Recreation Venues, Grounds And Facilities Operation",commercial,45,16,290,-34.91855,138.59868,Australia,,,,synthetic_locations
Yourlaundry,yourlaundry,yourlaundry-01,Head Office,Western Australia,"Head office, Perth, Western Australia, Australia","Electrical, Electronic And Gas Appliance Retailing",commercial,82,7,340,-31.93845,115.85796,Australia,Brett Kruger,Commercial Product Manager,bkruger@yourlaundry.com.au,synthetic_locations
Yourlaundry,yourlaundry,yourlaundry-02,Branch,New South Wales,"Branch office, Sydney, New South Wales, Australia","Electrical, Electronic And Gas Appliance Retailing",commercial,48,29,370,-33.86725,151.19222,Australia,,,,synthetic_locations
Tollgroup,tollgroup,tollgroup-01,Head Office,South Australia,"Head office, Adelaide, South Australia, Australia",Air And Space Transport,industrial,80,6,450,-34.92802,138.61058,Australia,Brian Pais,Corporate Accounts Manager,brian.pais@tollgroup.com,synthetic_locations
Tollgroup,tollgroup,tollgroup-02,Branch,Queensland,"Branch office, Brisbane, Queensland, Australia",Air And Space Transport,industrial,77,4,380,-27.49899,153.02112,Australia,,,,synthetic_locations
Tollgroup,tollgroup,tollgroup-03,Branch,Australian Capital Territory,"Branch office, Canberra, Australian Capital Territory, Australia",Air And Space Transport,industrial,67,2,520,-35.28061,149.15945,Australia,,,,synthetic_locations
Mainetechnology,mainetechnology,mainetechnology-01,Head Office,Florida,"Head office, Miami, Florida, United States",Not-For-Profit Venture Capital,residential,3,34,870,25.75129,-80.19747,United States,Brian Whitney,President & Board Member,bwhitney@mainetechnology.org,synthetic_locations
Mainetechnology,mainetechnology,mainetechnology-02,Branch,Texas,"Branch office, Houston, Texas, United States",Not-For-Profit Venture Capital,commercial,60,16,110,29.75498,-95.38208,United States,,,,synthetic_locations
Resurgent,resurgent,resurgent-01,Head Office,Colorado,"Head office, Denver, Colorado, United States",Unknown,commercial,74,26,100,39.73228,-104.97613,United States,Brown Jeff,Bi Development Manager,jbrown@resurgent.com,synthetic_locations
Resurgent,resurgent,resurgent-02,Branch,Massachusetts,"Branch office, Boston, Massachusetts, United States",Unknown,commercial,84,25,370,42.35293,-71.05888,United States,,,,synthetic_locations
Resurgent,resurgent,resurgent-03,Branch,Washington,"Branch office, Seattle, Washington, United States",Unknown,commercial,64,24,230,47.58047,-122.36185,United States,,,,synthetic_locations
Resurgent,resurgent,resurgent-04,Branch,Texas,"Branch office, Houston, Texas, United States",Unknown,residential,9,43,880,29.7372,-95.39851,United States,,,,synthetic_locations
Kymeratx,kymeratx,kymeratx-01,Head Office,Florida,"Head office, Miami, Florida, United States","Therapeutics,Medical Device,Biopharma,Health Diagnostics,Alternative Medicine,Genetics",commercial,85,18,100,25.7654,-80.19619,United States,Bruce Booth,Chairman Of The Board,bruce@kymeratx.com,synthetic_locations
Kymeratx,kymeratx,kymeratx-02,Branch,Washington,"Branch office, Seattle, Washington, United States","Therapeutics,Medical Device,Biopharma,Health Diagnostics,Alternative Medicine,Genetics",commercial,66,28,370,47.60919,-122.35975,United States,,,,synthetic_locations
Oaktreecapital,oaktreecapital,oaktreecapital-01,Head Office,Massachusetts,"Head office, Boston, Massachusetts, United States","Wellness,Medical Device",commercial,65,10,340,42.35753,-71.046,United States,Bruce Karsh,Co-Chairman And Chief Investment Officer,bofficer@oaktreecapital.com,synthetic_locations
Oaktreecapital,oaktreecapital,oaktreecapital-02,Branch,Texas,"Branch office, Houston, Texas, United States","Wellness,Medical Device",commercial,81,20,320,29.73475,-95.37256,United States,,,,synthetic_locations
Oaktreecapital,oaktreecapital,oaktreecapital-03,Branch,California,"Branch office, Los Angeles, California, United States","Wellness,Medical Device",commercial,81,17,320,34.04239,-118.22185,United States,,,,synthetic_locations
Oaktreecapital,oaktreecapital,oaktreecapital-04,Branch,Washington,"Branch office, Seattle, Washington, United States","Wellness,Medical Device",commercial,60,28,210,47.60957,-122.35515,United States,,,,synthetic_locations
Thefoodloft,thefoodloft,thefoodloft-01,Head Office,Texas,"Head office, Houston, Texas, United States",Corporate Venture Capital,commercial,64,18,380,29.78352,-95.3718,United States,Bruce P. Shaw,President & Publisher,bruce@thefoodloft.com,synthetic_locations
Thefoodloft,thefoodloft,thefoodloft-02,Branch,Georgia,"Branch office, Atlanta, Georgia, United States",Corporate Venture Capital,commercial,52,27,270,33.77341,-84.38388,United States,,,,synthetic_locations
Thefoodloft,thefoodloft,thefoodloft-03,Branch,New York,"Branch office, New York, New York, United States",Corporate Venture Capital,commercial,79,22,370,40.72279,-74.03403,United States,,,,synthetic_locations
Trynorthpoint,trynorthpoint,trynorthpoint-01,Head Office,Texas,"Head office, Houston, Texas, United States",Unknown,commercial,65,30,330,29.77864,-95.35472,United States,Bryant Joselyn,Processing Manager And Loan Originator,jbryant@trynorthpoint.com,synthetic_locations
Trynorthpoint,trynorthpoint,trynorthpoint-02,Branch,Massachusetts,"Branch office, Boston, Massachusetts, United States",Unknown,commercial,77,9,240,42.35911,-71.06288,United States,,,,synthetic_locations
Legalshield,legalshield,legalshield-01,Head Office,California,"Head office, Los Angeles, California, United States",Law Firms & Legal Services,commercial,41,23,300,34.06789,-118.26481,United States,Buckner Joan,Group Vice President,joan@legalshield.com,synthetic_locations
Legalshield,legalshield,legalshield-02,Branch,Massachusetts,"Branch office, Boston, Massachusetts, United States",Law Firms & Legal Services,commercial,64,17,190,42.34486,-71.04714,United States,,,,synthetic_locations
Legalshield,legalshield,legalshield-03,Branch,Colorado,"Branch office, Denver, Colorado, United States",Law Firms & Legal Services,commercial,79,19,390,39.76645,-104.96089,United States,,,,synthetic_locations
Legalshield,legalshield,legalshield-04,Branch,Florida,"Branch office, Miami, Florida, United States",Law Firms & Legal Services,commercial,61,30,310,25.75125,-80.20739,United States,,,,synthetic_locations
Ipromoteu,ipromoteu,ipromoteu-01,Head Office,California,"Head office, Los Angeles, California, United States",Commercial Printing,commercial,84,7,280,34.03279,-118.27319,United States,Caccamo Pat,Senior Director Of Business Development,pcaccamo@ipromoteu.com,synthetic_locations
Ipromoteu,ipromoteu,ipromoteu-02,Branch,Illinois,"Branch office, Chicago, Illinois, United States",Commercial Printing,residential,5,46,530,41.85987,-87.65708,United States,,,,synthetic_locations
Ipromoteu,ipromoteu,ipromoteu-03,Branch,Georgia,"Branch office, Atlanta, Georgia, United States",Commercial Printing,commercial,75,10,270,33.75088,-84.40101,United States,,,,synthetic_locations
Castorventures,castorventures,castorventures-01,Head Office,Texas,"Head office, Houston, Texas, United States","Health Diagnostics,Robotics,Wellness,Medical Device",commercial,49,29,280,29.7381,-95.38984,United States,Cainon Coates,Investor Relations Consultant,cainon@castorventures.com,synthetic_locations
Castorventures,castorventures,castorventures-02,Branch,Florida,"Branch office, Miami, Florida, United States","Health Diagnostics,Robotics,Wellness,Medical Device",commercial,82,21,310,25.7694,-80.19649,United States,,,,synthetic_locations
Castorventures,castorventures,castorventures-03,Branch,Massachusetts,"Branch office, Boston, Massachusetts, United States","Health Diagnostics,Robotics,Wellness,Medical Device",commercial,72,8,290,42.38071,-71.08073,United States,,,,synthetic_locations
Moodooslp,moodooslp,moodooslp-01,Head Office,Georgia,"Head office, Atlanta, Georgia, United States",Hospital,residential,10,54,860,33.77527,-84.41222,United States,Caitlin Wege,Ivestor In Growth Companies,cwege@moodooslp.com,synthetic_locations
Moodooslp,moodooslp,moodooslp-02,Branch,Massachusetts,"Branch office, Boston, Massachusetts, United States",Hospital,residential,3,30,700,42.35255,-71.06774,United States,,,,synthetic_locations
Moodooslp,moodooslp,moodooslp-03,Branch,New York,"Branch office, New York, New York, United States",Hospital,commercial,60,12,250,40.68461,-74.00528,United States,,,,synthetic_locations
Moodooslp,moodooslp,moodooslp-04,Branch,California,"Branch office, Los Angeles, California, United States",Hospital,commercial,43,29,330,34.02813,-118.26904,United States,,,,synthetic_locations
Dynamicsaw,dynamicsaw,dynamicsaw-01,Head Office,New York,"Head office, New York, New York, United States",Home Improvement & Hardware,commercial,57,12,280,40.72151,-74.00865,United States,Callari Stephen,Office And Shop Manager,stephen@dynamicsaw.com,synthetic_locations
Dynamicsaw,dynamicsaw,dynamicsaw-02,Branch,Massachusetts,"Branch office, Boston, Massachusetts, United States",Home Improvement & Hardware,commercial,52,20,400,42.37495,-71.07413,United States,,,,synthetic_locations
Carltonaudiovisual,carltonaudiovisual,carltonaudiovisual-01,Head Office,New South Wales,"Head office, Sydney, New South Wales, Australia",Domestic Appliance Repair And Maintenance,commercial,51,22,150,-33.85376,151.19318,Australia,Cameron Fleming,Audio Consultant And Installer,cameron@carltonaudiovisual.com.au,synthetic_locations
Carltonaudiovisual,carltonaudiovisual,carltonaudiovisual-02,Branch,Queensland,"Branch office, Brisbane, Queensland, Australia",Domestic Appliance Repair And Maintenance,commercial,80,24,360,-27.45904,152.99753,Australia,,,,synthetic_locations
Carltonaudiovisual,carltonaudiovisual,carltonaudiovisual-03,Branch,Victoria,"Branch office, Melbourne, Victoria, Australia",Domestic Appliance Repair And Maintenance,commercial,64,16,330,-37.78931,144.99228,Australia,,,,synthetic_locations
Edgewoodnj,edgewoodnj,edgewoodnj-01,Head Office,California,"Head office, Los Angeles, California, United States",Recreational Facilities & Services,commercial,67,15,330,34.0403,-118.24722,United States,Candice Timmerman,Event Coordinator And Sales Director,ctimmerman@edgewoodnj.com,synthetic_locations
Edgewoodnj,edgewoodnj,edgewoodnj-02,Branch,Arizona,"Branch office, Phoenix, Arizona, United States",Recreational Facilities & Services,commercial,65,16,390,33.45282,-112.0867,United States,,,,synthetic_locations
Pelionvp,pelionvp,pelionvp-01,Head Office,Arizona,"Head office, Phoenix, Arizona, United States",Wellness,commercial,47,22,260,33.42277,-112.1025,United States,Carl Ledbetter,Special Partner,carl@pelionvp.com,synthetic_locations
Pelionvp,pelionvp,pelionvp-02,Branch,Florida,"Branch office, Miami, Florida, United States",Wellness,commercial,69,6,170,25.73314,-80.20761,United States,,,,synthetic_locations
Pelionvp,pelionvp,pelionvp-03,Branch,Washington,"Branch office, Seattle, Washington, United States",Wellness,commercial,79,8,290,47.61424,-122.30265,United States,,,,synthetic_locations
Oilseeds,oilseeds,oilseeds-01,Head Office,Queensland,"Head office, Brisbane, Queensland, Australia",Oil And Fat Manufacturing,industrial,64,2,400,-27.44127,153.05215,Australia,Carol Chamberlain,"Human Resources And Whs Administration, Website Maintenance Pa",carol@oilseeds.com.au,synthetic_locations
Oilseeds,oilseeds,oilseeds-02,Branch,Australian Capital Territory,"Branch office, Canberra, Australian Capital Territory, Australia",Oil And Fat Manufacturing,industrial,90,1,620,-35.29201,149.10953,Australia,,,,synthetic_locations
Oilseeds,oilseeds,oilseeds-03,Branch,Western Australia,"Branch office, Perth, Western Australia, Australia",Oil And Fat Manufacturing,industrial,76,1,400,-31.94656,115.8565,Australia,,,,synthetic_locations
Thestreet,thestreet,thestreet-01,Head Office,Tasmania,"Head office, Hobart, Tasmania, Australia",Motion Picture Exhibition,commercial,66,11,300,-42.86226,147.32928,Australia,Caroline Stacey,Artistic Director/Ceo,info@thestreet.org.au,synthetic_locations
Thestreet,thestreet,thestreet-02,Branch,Australian Capital Territory,"Branch office, Canberra, Australian Capital Territory, Australia",Motion Picture Exhibition,commercial,60,12,200,-35.27189,149.13597,Australia,,,,synthetic_locations
Thestreet,thestreet,thestreet-03,Branch,Western Australia,"Branch office, Perth, Western Australia, Australia",Motion Picture Exhibition,residential,13,55,530,-31.93544,115.87632,Australia,,,,synthetic_locations
Thestreet,thestreet,thestreet-04,Branch,Queensland,"Branch office, Brisbane, Queensland, Australia",Motion Picture Exhibition,commercial,51,30,380,-27.48688,152.99566,Australia,,,,synthetic_locations
Ocalafl,ocalafl,ocalafl-01,Head Office,Georgia,"Head office, Atlanta, Georgia, United States",Unknown,commercial,81,12,270,33.75588,-84.38677,United States,Carroll Connie,Volunteer Program Manager,ccarroll@ocalafl.org,synthetic_locations
Ocalafl,ocalafl,ocalafl-02,Branch,New York,"Branch office, New York, New York, United States",Unknown,commercial,66,21,190,40.71543,-74.01402,United States,,,,synthetic_locations
Ocalafl,ocalafl,ocalafl-03,Branch,Arizona,"Branch office, Phoenix, Arizona, United States",Unknown,commercial,63,15,350,33.46333,-112.10156,United States,,,,synthetic_locations
Ocalafl,ocalafl,ocalafl-04,Branch,California,"Branch office, Los Angeles, California, United States",Unknown,commercial,67,25,150,34.03402,-118.24242,United States,,,,synthetic_locations
Genexservices,genexservices,genexservices-01,Head Office,Illinois,"Head office, Chicago, Illinois, United States",Unknown,commercial,56,23,290,41.86158,-87.63922,United States,Carter Katie,Medical Nurse Case Manager,katie.carter@genexservices.com,synthetic_locations
Genexservices,genexservices,genexservices-02,Branch,Florida,"Branch office, Miami, Florida, United States",Unknown,commercial,81,20,220,25.74376,-80.17739,United States,,,,synthetic_locations
Genexservices,genexservices,genexservices-03,Branch,Washington,"Branch office, Seattle, Washington, United States",Unknown,commercial,43,18,370,47.62266,-122.31472,United States,,,,synthetic_locations
Genexservices,genexservices,genexservices-04,Branch,Massachusetts,"Branch office, Boston, Massachusetts, United States",Unknown,commercial,77,7,280,42.3627,-71.05113,United States,,,,synthetic_locations
Wilcoxind,wilcoxind,wilcoxind-01,Head Office,Illinois,"Head office, Chicago, Illinois, United States",Unknown,commercial,51,18,130,41.86901,-87.63119,United States,Carter Stan,"Manager, Electrical Engineering",stanc@wilcoxind.com,synthetic_locations
Wilcoxind,wilcoxind,wilcoxind-02,Branch,Georgia,"Branch office, Atlanta, Georgia, United States",Unknown,commercial,56,19,210,33.77597,-84.39463,United States,,,,synthetic_locations
Wilcoxind,wilcoxind,wilcoxind-03,Branch,Florida,"Branch office, Miami, Florida, United States",Unknown,commercial,62,23,220,25.76035,-80.21411,United States,,,,synthetic_locations
Wilcoxind,wilcoxind,wilcoxind-04,Branch,Arizona,"Branch office, Phoenix, Arizona, United States",Unknown,commercial,70,15,180,33.47593,-112.09688,United States,,,,synthetic_locations
Paymentsystemscorp,paymentsystemscorp,paymentsystemscorp-01,Head Office,Texas,"Head office, Houston, Texas, United States",Credit Cards & Transaction Processing,commercial,76,23,110,29.78984,-95.3511,United States,Castellanos Amador,Confirmation And Verifications Department Manager,acastellanos@paymentsystemscorp.com,synthetic_locations
Paymentsystemscorp,paymentsystemscorp,paymentsystemscorp-02,Branch,Florida,"Branch office, Miami, Florida, United States",Credit Cards & Transaction Processing,commercial,83,29,260,25.74826,-80.21956,United States,,,,synthetic_locations
Paymentsystemscorp,paymentsystemscorp,paymentsystemscorp-03,Branch,Georgia,"Branch office, Atlanta, Georgia, United States",Credit Cards & Transaction Processing,commercial,68,17,130,33.77562,-84.41005,United States,,,,synthetic_locations
Paymentsystemscorp,paymentsystemscorp,paymentsystemscorp-04,Branch,New York,"Branch office, New York, New York, United States",Credit Cards & Transaction Processing,commercial,67,12,300,40.70416,-74.0274,United States,,,,synthetic_locations
Dencosales,dencosales,dencosales-01,Head Office,Washington,"Head office, Seattle, Washington, United States","Aggregates, Concrete & Cement",commercial,60,6,160,47.60603,-122.30252,United States,Castillo Todd,Regional Operations Compliance Manager,toddc@dencosales.com,synthetic_locations
Dencosales,dencosales,dencosales-02,Branch,Florida,"Branch office, Miami, Florida, United States","Aggregates, Concrete & Cement",commercial,62,6,390,25.76868,-80.18398,United States,,,,synthetic_locations
Dencosales,dencosales,dencosales-03,Branch,New York,"Branch office, New York, New York, United States","Aggregates, Concrete & Cement",commercial,72,19,400,40.74039,-74.00822,United States,,,,synthetic_locations
Dencosales,dencosales,dencosales-04,Branch,Illinois,"Branch office, Chicago, Illinois, United States","Aggregates, Concrete & Cement",residential,9,33,590,41.88528,-87.63684,United States,,,,synthetic_locations
Kellygroup,kellygroup,kellygroup-01,Head Office,New South Wales,"Head office, Sydney, New South Wales, Australia",Roofing Services,commercial,69,13,160,-33.88281,151.23756,Australia,Cath Kelly,Hr & Office Administrator,cath@kellygroup.net.au,synthetic_locations
Kellygroup,kellygroup,kellygroup-02,Branch,Victoria,"Branch office, Melbourne, Victoria, Australia",Roofing Services,commercial,63,26,380,-37.83775,144.9803,Australia,,,,synthetic_locations
Kellygroup,kellygroup,kellygroup-03,Branch,Queensland,"Branch office, Brisbane, Queensland, Australia",Roofing Services,commercial,74,11,210,-27.4421,153.04061,Australia,,,,synthetic_locations
Kellygroup,kellygroup,kellygroup-04,Branch,Tasmania,"Branch office, Hobart, Tasmania, Australia",Roofing Services,commercial,82,30,390,-42.8957,147.33047,Australia,,,,synthetic_locations
Polymers,polymers,polymers-01,Head Office,Tasmania,"Head office, Hobart, Tasmania, Australia",Houseware Retailing,commercial,76,24,100,-42.89118,147.30618,Australia,Catherine Alcock,Customer Service Management,catherine.alcock@polymers.com.au,synthetic_locations
Polymers,polymers,polymers-02,Branch,South Australia,"Branch office, Adelaide, South Australia, Australia",Houseware Retailing,residential,7,33,510,-34.92082,138.63066,Australia,,,,synthetic_locations
Polymers,polymers,polymers-03,Branch,Queensland,"Branch office, Brisbane, Queensland, Australia",Houseware Retailing,commercial,60,24,400,-27.45743,153.03258,Australia,,,,synthetic_locations
Keystoneacoustics,keystoneacoustics,keystoneacoustics-01,Head Office,Queensland,"Head office, Brisbane, Queensland, Australia",Plastering And Ceiling Services,commercial,82,15,360,-27.46022,153.00803,Australia,Catherine Pomiecko,Project And Marketing Manager,catherine@keystoneacoustics.com.au,synthetic_locations
Keystoneacoustics,keystoneacoustics,keystoneacoustics-02,Branch,Tasmania,"Branch office, Hobart, Tasmania, Australia",Plastering And Ceiling Services,commercial,42,8,130,-42.86003,147.303,Australia,,,,synthetic_locations
Keystoneacoustics,keystoneacoustics,keystoneacoustics-03,Branch,Australian Capital Territory,"Branch office, Canberra, Australian Capital Territory, Australia",Plastering And Ceiling Services,commercial,42,11,210,-35.2869,149.1444,Australia,,,,synthetic_locations
Northsidecollision,northsidecollision,northsidecollision-01,Head Office,Arizona,"Head office, Phoenix, Arizona, United States",Automobile Parts Stores,commercial,63,17,150,33.42709,-112.06257,United States,Cerenzia Kim,Fleet Parts Manager,kimc@northsidecollision.com,synthetic_locations
Northsidecollision,northsidecollision,northsidecollision-02,Branch,Georgia,"Branch office, Atlanta, Georgia, United States",Automobile Parts Stores,commercial,42,20,370,33.77009,-84.3836,United States,,,,synthetic_locations
Northsidecollision,northsidecollision,northsidecollision-03,Branch,Colorado,"Branch office, Denver, Colorado, United States",Automobile Parts Stores,commercial,77,18,170,39.76533,-104.97007,United States,,,,synthetic_locations
Northsidecollision,northsidecollision,northsidecollision-04,Branch,Florida,"Branch office, Miami, Florida, United States",Automobile Parts Stores,commercial,58,11,320,25.74807,-80.16543,United States,,,,synthetic_locations
Dtdcaustralia,dtdcaustralia,dtdcaustralia-01,Head Office,Western Australia,"Head office, Perth, Western Australia, Australia",Courier Pick-Up And Delivery Services,commercial,53,21,350,-31.9396,115.88321,Australia,Chaitali Chatterjee,Unit 9,sales@dtdcaustralia.com.au,synthetic_locations
Dtdcaustralia,dtdcaustralia,dtdcaustralia-02,Branch,South Australia,"Branch office, Adelaide, South Australia, Australia",Courier Pick-Up And Delivery Services,commercial,49,16,270,-34.95075,138.62783,Australia,,,,synthetic_locations
Chapmanbailey,chapmanbailey,chapmanbailey-01,Head Office,South Australia,"Head office, Adelaide, South Australia, Australia","Creative Artists, Musicians, Writers And Performers",commercial,45,19,290,-34.90882,138.59016,Australia,Chapman Bailey,Art Service Professional,info@chapmanbailey.com.au,synthetic_locations
Chapmanbailey,chapmanbailey,chapmanbailey-02,Branch,Victoria,"Branch office, Melbourne, Victoria, Australia","Creative Artists, Musicians, Writers And Performers",commercial,74,29,150,-37.82115,144.99259,Australia,,,,synthetic_locations
Lucrf,lucrf,lucrf-01,Head Office,Tasmania,"Head office, Hobart, Tasmania, Australia",Superannuation Funds,commercial,43,10,320,-42.901,147.35613,Australia,Charlie Donnelly,Procurement Commodity Specialist,charlie.donnelly@lucrf.com.au,synthetic_locations
Lucrf,lucrf,lucrf-02,Branch,Queensland,"Branch office, Brisbane, Queensland, Australia",Superannuation Funds,commercial,66,18,110,-27.4971,153.05121,Australia,,,,synthetic_locations
Mobilityengineering,mobilityengineering,mobilityengineering-01,Head Office,Victoria,"Head office, Melbourne, Victoria, Australia",Other Motor Vehicle Parts Manufacturing,industrial,76,3,440,-37.79263,144.96163,Australia,Chen Liu,Senior Engineering Consultant,chen@mobilityengineering.com.au,synthetic_locations
Mobilityengineering,mobilityengineering,mobilityengineering-02,Branch,South Australia,"Branch office, Adelaide, South Australia, Australia",Other Motor Vehicle Parts Manufacturing,industrial,83,3,630,-34.9364,138.58765,Australia,,,,synthetic_locations
Lightharmony,lightharmony,lightharmony-01,Head Office,Western Australia,"Head office, Perth, Western Australia, Australia",Other Petroleum And Coal Product Manufacturing,industrial,69,6,610,-31.96132,115.85428,Australia,Cherrie Cowley,Engineering And Design Consultants,cherrie@lightharmony.com.au,synthetic_locations
Lightharmony,lightharmony,lightharmony-02,Branch,Tasmania,"Branch office, Hobart, Tasmania, Australia",Other Petroleum And Coal Product Manufacturing,industrial,73,6,660,-42.88122,147.30942,Australia,,,,synthetic_locations
Gdssigns,gdssigns,gdssigns-01,Head Office,Washington,"Head office, Seattle, Washington, United States",Unknown,commercial,83,25,170,47.6081,-122.35125,United States,Chevrette Chelsea,"Manager Of Operations , New England Region",cchevrette@gdssigns.com,synthetic_locations
Gdssigns,gdssigns,gdssigns-02,Branch,Massachusetts,"Branch office, Boston, Massachusetts, United States",Unknown,commercial,60,28,220,42.33126,-71.05316,United States,,,,synthetic_locations
Pipingsolutions,pipingsolutions,pipingsolutions-01,Head Office,Victoria,"Head office, Melbourne, Victoria, Australia",Steel Pipe And Tube Manufacturing,industrial,73,5,710,-37.8015,144.99062,Australia,Chris Andraczke,"Manager, Quality Assurance",admin@pipingsolutions.com.au,synthetic_locations
Pipingsolutions,pipingsolutions,pipingsolutions-02,Branch,South Australia,"Branch office, Adelaide, South Australia, Australia",Steel Pipe And Tube Manufacturing,industrial,60,4,490,-34.90179,138.59224,Australia,,,,synthetic_locations
Pipingsolutions,pipingsolutions,pipingsolutions-03,Branch,Western Australia,"Branch office, Perth, Western Australia, Australia",Steel Pipe And Tube Manufacturing,industrial,89,3,720,-31.94371,115.86072,Australia,,,,synthetic_locations
Bailliegifford,bailliegifford,bailliegifford-01,Head Office,New York,"Head office, New York, New York, United States","Biopharma,Health Diagnostics,Home Health Care,Medical Device,Personal Health,Therapeutics,Bioinformatics,Clinical Trials",commercial,78,24,340,40.68538,-74.00316,United States,Chris Evdaimon,Unlisted Equities,chris.evdaimon@bailliegifford.com,synthetic_locations
Bailliegifford,bailliegifford,bailliegifford-02,Branch,Massachusetts,"Branch office, Boston, Massachusetts, United States","Biopharma,Health Diagnostics,Home Health Care,Medical Device,Personal Health,Therapeutics,Bioinformatics,Clinical Trials",commercial,70,5,170,42.3684,-71.08463,United States,,,,synthetic_locations
Casaverdecapital,casaverdecapital,casaverdecapital-01,Head Office,Florida,"Head office, Miami, Florida, United States","Cannabis,Alternative Medicine,Wellness",commercial,50,7,300,25.74986,-80.16922,United States,Chris Jung,Healthcare Growth Equity,chris@casaverdecapital.com,synthetic_locations
Casaverdecapital,casaverdecapital,casaverdecapital-02,Branch,Illinois,"Branch office, Chicago, Illinois, United States","Cannabis,Alternative Medicine,Wellness",residential,8,34,940,41.8909,-87.6016,United States,,,,synthetic_locations
Casaverdecapital,casaverdecapital,casaverdecapital-03,Branch,Georgia,"Branch office, Atlanta, Georgia, United States","Cannabis,Alternative Medicine,Wellness",commercial,79,13,120,33.72507,-84.40805,United States,,,,synthetic_locations
Abbeyarchery,abbeyarchery,abbeyarchery-01,Head Office,Queensland,"Head office, Brisbane, Queensland, Australia",Sport And Camping Equipment Retailing,commercial,73,10,210,-27.46839,152.99516,Australia,Chris Partridge,Systems Administrator And Technical Advisor,chris@abbeyarchery.com.au,synthetic_locations
Abbeyarchery,abbeyarchery,abbeyarchery-02,Branch,Tasmania,"Branch office, Hobart, Tasmania, Australia",Sport And Camping Equipment Retailing,commercial,41,16,380,-42.86731,147.34973,Australia,,,,synthetic_locations
Abbeyarchery,abbeyarchery,abbeyarchery-03,Branch,Western Australia,"Branch office, Perth, Western Australia, Australia",Sport And Camping Equipment Retailing,commercial,73,25,260,-31.97222,115.83677,Australia,,,,synthetic_locations
Abbeyarchery,abbeyarchery,abbeyarchery-04,Branch,New South Wales,"Branch office, Sydney, New South Wales, Australia",Sport And Camping Equipment Retailing,commercial,40,9,100,-33.84767,151.21374,Australia,,,,synthetic_locations
Ggvc,ggvc,ggvc-01,Head Office,Arizona,"Head office, Phoenix, Arizona, United States","Robotics,Health Diagnostics,Medical Device,Personal Health,Wellness,Hospital,Natural Language Processing",commercial,57,6,270,33.45559,-112.05885,United States,Christine Hinton,Vp Marketing U.S.,chinton@ggvc.com,synthetic_locations
Ggvc,ggvc,ggvc-02,Branch,Georgia,"Branch office, Atlanta, Georgia, United States","Robotics,Health Diagnostics,Medical Device,Personal Health,Wellness,Hospital,Natural Language Processing",commercial,43,30,270,33.71947,-84.40724,United States,,,,synthetic_locations
Ggvc,ggvc,ggvc-03,Branch,California,"Branch office, Los Angeles, California, United States","Robotics,Health Diagnostics,Medical Device,Personal Health,Wellness,Hospital,Natural Language Processing",commercial,77,10,370,34.04987,-118.26667,United States,,,,synthetic_locations
Ggvc,ggvc,ggvc-04,Branch,Washington,"Branch office, Seattle, Washington, United States","Robotics,Health Diagnostics,Medical Device,Personal Health,Wellness,Hospital,Natural Language Processing",commercial,68,10,180,47.6177,-122.33297,United States,,,,synthetic_locations
500,500,500-01,Head Office,Arizona,"Head office, Phoenix, Arizona, United States","Robotics,Home Health Care,Wellness,Hospital,Health Diagnostics,Personal Health,Electronic Health Record (Ehr),Cannabis,Natural Language Processing,Medical Device,Human Computer Interaction,Biopharma,Clinical Trials,Genetics,Neuroscience,Bioinformatics",commercial,61,13,310,33.44868,-112.04773,United States,Christine Tsai 2Nd Degree Connection 2Nd,Ceo And Founding Partner,christine@500.co,synthetic_locations
500,500,500-02,Branch,Florida,"Branch office, Miami, Florida, United States","Robotics,Home Health Care,Wellness,Hospital,Health Diagnostics,Personal Health,Electronic Health Record (Ehr),Cannabis,Natural Language Processing,Medical Device,Human Computer Interaction,Biopharma,Clinical Trials,Genetics,Neuroscience,Bioinformatics",commercial,82,23,250,25.76098,-80.19269,United States,,,,synthetic_locations
500,500,500-03,Branch,New York,"Branch office, New York, New York, United States","Robotics,Home Health Care,Wellness,Hospital,Health Diagnostics,Personal Health,Electronic Health Record (Ehr),Cannabis,Natural Language Processing,Medical Device,Human Computer Interaction,Biopharma,Clinical Trials,Genetics,Neuroscience,Bioinformatics",commercial,53,23,140,40.69042,-73.99345,United States,,,,synthetic_locations
500,500,500-04,Branch,Washington,"Branch office, Seattle, Washington, United States","Robotics,Home Health Care,Wellness,Hospital,Health Diagnostics,Personal Health,Electronic Health Record (Ehr),Cannabis,Natural Language Processing,Medical Device,Human Computer Interaction,Biopharma,Clinical Trials,Genetics,Neuroscience,Bioinformatics",commercial,75,22,220,47.57683,-122.32664,United States,,,,synthetic_locations
Lionbridge,lionbridge,lionbridge-01,Head Office,Massachusetts,"Head office, Boston, Massachusetts, United States",Translation & Localization,commercial,85,21,190,42.33991,-71.06909,United States,Christopher Berexa,"Vp Sales Na, Industrial, Manufacturing & Automotive",christopher.berexa@lionbridge.com,synthetic_locations
Lionbridge,lionbridge,lionbridge-02,Branch,Arizona,"Branch office, Phoenix, Arizona, United States",Translation & Localization,commercial,68,8,130,33.45274,-112.06001,United States,,,,synthetic_locations
Lionbridge,lionbridge,lionbridge-03,Branch,California,"Branch office, Los Angeles, California, United States",Translation & Localization,commercial,61,15,290,34.05087,-118.26478,United States,,,,synthetic_locations
Lionbridge,lionbridge,lionbridge-04,Branch,New York,"Branch office, New York, New York, United States",Translation & Localization,commercial,41,9,100,40.71937,-74.03119,United States,,,,synthetic_locations
Hillmangroup,hillmangroup,hillmangroup-01,Head Office,Illinois,"Head office, Chicago, Illinois, United States",Unknown,commercial,42,11,320,41.87451,-87.60892,United States,Church Chip,"Senior Vice President, National Accounts Sales And Service",chip.church@hillmangroup.com,synthetic_locations
Hillmangroup,hillmangroup,hillmangroup-02,Branch,Texas,"Branch office, Houston, Texas, United States",Unknown,commercial,65,27,340,29.75657,-95.39123,United States,,,,synthetic_locations
Hillmangroup,hillmangroup,hillmangroup-03,Branch,New York,"Branch office, New York, New York, United States",Unknown,commercial,82,27,390,40.70108,-73.98356,United States,,,,synthetic_locations
Hillmangroup,hillmangroup,hillmangroup-04,Branch,Washington,"Branch office, Seattle, Washington, United States",Unknown,commercial,50,9,150,47.60103,-122.33923,United States,,,,synthetic_locations
Avmltd,avmltd,avmltd-01,Head Office,California,"Head office, Los Angeles, California, United States",Hedge Fund,commercial,83,22,330,34.06066,-118.2341,United States,Clifford G. Viner,"Co-Founder, Head Of Rates Trading, Principal & Co-Chief Investment Officer",clifford.viner@avmltd.com,synthetic_locations
Avmltd,avmltd,avmltd-02,Branch,Colorado,"Branch office, Denver, Colorado, United States",Hedge Fund,commercial,84,10,170,39.72199,-105.00536,United States,,,,synthetic_locations
Asta,asta,asta-01,Head Office,Queensland,"Head office, Brisbane, Queensland, Australia",Telecommunication Goods Wholesaling,commercial,78,19,330,-27.48758,153.0051,Australia,Clive Allsworth,Customer Service & Technical Support,clive@asta.net.au,synthetic_locations
Asta,asta,asta-02,Branch,Victoria,"Branch office, Melbourne, Victoria, Australia",Telecommunication Goods Wholesaling,commercial,49,14,380,-37.83576,144.98792,Australia,,,,synthetic_locations
Asta,asta,asta-03,Branch,Australian Capital Territory,"Branch office, Canberra, Australian Capital Territory, Australia",Telecommunication Goods Wholesaling,commercial,75,13,300,-35.25758,149.12977,Australia,,,,synthetic_locations
Asta,asta,asta-04,Branch,Western Australia,"Branch office, Perth, Western Australia, Australia",Telecommunication Goods Wholesaling,commercial,42,30,340,-31.96879,115.83232,Australia,,,,synthetic_locations
Explorerequity,explorerequity,explorerequity-01,Head Office,Illinois,"Head office, Chicago, Illinois, United States","Cannabis,Personal Health,Wellness",commercial,70,26,100,41.90234,-87.63024,United States,Cody Shirk,"Angel Investor, President, Keiretsu Forum Socal, Founder / Ceo At Syndicated Resources",Cody@explorerequity.com,synthetic_locations
Explorerequity,explorerequity,explorerequity-02,Branch,California,"Branch office, Los Angeles, California, United States","Cannabis,Personal Health,Wellness",commercial,59,9,130,34.0799,-118.2192,United States,,,,synthetic_locations
Explorerequity,explorerequity,explorerequity-03,Branch,Washington,"Branch office, Seattle, Washington, United States","Cannabis,Personal Health,Wellness",commercial,45,24,100,47.60976,-122.31173,United States,,,,synthetic_locations
Sunsetcanvas,sunsetcanvas,sunsetcanvas-01,Head Office,Australian Capital Territory,"Head office, Canberra, Australian Capital Territory, Australia",Prefabricated Wooden Building Manufacturing,industrial,78,3,340,-35.27555,149.10601,Australia,Colin Maas,Quality,colin@sunsetcanvas.com.au,synthetic_locations
Sunsetcanvas,sunsetcanvas,sunsetcanvas-02,Branch,New South Wales,"Branch office, Sydney, New South Wales, Australia",Prefabricated Wooden Building Manufacturing,industrial,61,3,550,-33.85746,151.21347,Australia,,,,synthetic_locations
Sunsetcanvas,sunsetcanvas,sunsetcanvas-03,Branch,Queensland,"Branch office, Brisbane, Queensland, Australia",Prefabricated Wooden Building Manufacturing,industrial,70,2,790,-27.47116,153.02142,Australia,,,,synthetic_locations
Nccommerce,nccommerce,nccommerce-01,Head Office,Texas,"Head office, Houston, Texas, United States",Unknown,commercial,51,13,350,29.76835,-95.37056,United States,Collier Olivia,Arc Program Manager,ocollier@nccommerce.com,synthetic_locations
Nccommerce,nccommerce,nccommerce-02,Branch,Washington,"Branch office, Seattle, Washington, United States",Unknown,commercial,53,24,390,47.62867,-122.33675,United States,,,,synthetic_locations
Nccommerce,nccommerce,nccommerce-03,Branch,Georgia,"Branch office, Atlanta, Georgia, United States",Unknown,commercial,45,21,170,33.75015,-84.40061,United States,,,,synthetic_locations
Nccommerce,nccommerce,nccommerce-04,Branch,Massachusetts,"Branch office, Boston, Massachusetts, United States",Unknown,commercial,61,22,330,42.37881,-71.07452,United States,,,,synthetic_locations
Smpcorp,smpcorp,smpcorp-01,Head Office,Massachusetts,"Head office, Boston, Massachusetts, United States",Unknown,commercial,65,23,170,42.37432,-71.03954,United States,Collins Bill,National Group Sales Director,wcollins@smpcorp.com,synthetic_locations
Smpcorp,smpcorp,smpcorp-02,Branch,Illinois,"Branch office, Chicago, Illinois, United States",Unknown,commercial,54,19,100,41.87169,-87.62122,United States,,,,synthetic_locations
Smpcorp,smpcorp,smpcorp-03,Branch,Georgia,"Branch office, Atlanta, Georgia, United States",Unknown,commercial,50,12,390,33.73892,-84.38763,United States,,,,synthetic_locations
Smpcorp,smpcorp,smpcorp-04,Branch,California,"Branch office, Los Angeles, California, United States",Unknown,commercial,83,28,110,34.06782,-118.21958,United States,,,,synthetic_locations
Colonytire,colonytire,colonytire-01,Head Office,Texas,"Head office, Houston, Texas, United States",Automotive Service & Collision Repair,industrial,73,3,370,29.73787,-95.34062,United States,Cone Kevin,Virginia District Manager,kcone@colonytire.com,synthetic_locations
Colonytire,colonytire,colonytire-02,Branch,Arizona,"Branch office, Phoenix, Arizona, United States",Automotive Service & Collision Repair,industrial,66,6,730,33.44711,-112.09791,United States,,,,synthetic_locations
Colonytire,colonytire,colonytire-03,Branch,California,"Branch office, Los Angeles, California, United States",Automotive Service & Collision Repair,industrial,61,4,450,34.06329,-118.26481,United States,,,,synthetic_locations
Colonytire,colonytire,colonytire-04,Branch,Colorado,"Branch office, Denver, Colorado, United States",Automotive Service & Collision Repair,industrial,57,4,630,39.73837,-104.99282,United States,,,,synthetic_locations
Meduitrcm,meduitrcm,meduitrcm-01,Head Office,California,"Head office, Los Angeles, California, United States",Unknown,commercial,41,5,240,34.03252,-118.22249,United States,Connie Stimpson,"Regional Vice President Of Sales, Central",connie.stimpson@meduitrcm.com,synthetic_locations
Meduitrcm,meduitrcm,meduitrcm-02,Branch,Georgia,"Branch office, Atlanta, Georgia, United States",Unknown,commercial,67,9,200,33.776,-84.38336,United States,,,,synthetic_locations
Burdekinmotorcycles,burdekinmotorcycles,burdekinmotorcycles-01,Head Office,Queensland,"Head office, Brisbane, Queensland, Australia",Motor Cycle Retailing,commercial,42,17,150,-27.47289,153.02792,Australia,Courtney Muir,Accessories And Warranty Manager,courtney@burdekinmotorcycles.com.au,synthetic_locations
Burdekinmotorcycles,burdekinmotorcycles,burdekinmotorcycles-02,Branch,Australian Capital Territory,"Branch office, Canberra, Australian Capital Territory, Australia",Motor Cycle Retailing,commercial,40,23,140,-35.27863,149.10757,Australia,,,,synthetic_locations
Burdekinmotorcycles,burdekinmotorcycles,burdekinmotorcycles-03,Branch,Western Australia,"Branch office, Perth, Western Australia, Australia",Motor Cycle Retailing,commercial,50,16,330,-31.94477,115.87519,Australia,,,,synthetic_locations
Gwsurfaces,gwsurfaces,gwsurfaces-01,Head Office,New York,"Head office, New York, New York, United States",Department Stores & Superstores,commercial,59,21,280,40.74134,-74.02611,United States,Currie Richard,Installation And Scheduling Manager,richardc@gwsurfaces.com,synthetic_locations
Gwsurfaces,gwsurfaces,gwsurfaces-02,Branch,Texas,"Branch office, Houston, Texas, United States",Department Stores & Superstores,commercial,47,27,380,29.76868,-95.39953,United States,,,,synthetic_locations
Saint Gobain,saint-gobain,saint-gobain-01,Head Office,Texas,"Head office, Houston, Texas, United States",Unknown,commercial,70,29,290,29.73531,-95.3399,United States,Cushman Michael,Global Market Manager,michael.p.cushman@saint-gobain.com,synthetic_locations
Saint Gobain,saint-gobain,saint-gobain-02,Branch,Colorado,"Branch office, Denver, Colorado, United States",Unknown,commercial,52,13,170,39.7238,-104.9616,United States,,,,synthetic_locations
Longjourney,longjourney,longjourney-01,Head Office,Washington,"Head office, Seattle, Washington, United States","Therapeutics,Human Computer Interaction,Robotics,Biopharma,Clinical Trials,Wellness,Health Diagnostics,Personal Health,Medical Device,Genetics,Diabetes",commercial,57,11,370,47.61236,-122.32009,United States,Cyan Banister,"Venture Partner, The Frontier",cyan@longjourney.vc,synthetic_locations
Longjourney,longjourney,longjourney-02,Branch,New York,"Branch office, New York, New York, United States","Therapeutics,Human Computer Interaction,Robotics,Biopharma,Clinical Trials,Wellness,Health Diagnostics,Personal Health,Medical Device,Genetics,Diabetes",commercial,48,13,180,40.71113,-74.01631,United States,,,,synthetic_locations
Longjourney,longjourney,longjourney-03,Branch,Texas,"Branch office, Houston, Texas, United States","Therapeutics,Human Computer Interaction,Robotics,Biopharma,Clinical Trials,Wellness,Health Diagnostics,Personal Health,Medical Device,Genetics,Diabetes",commercial,53,14,310,29.78396,-95.34361,United States,,,,synthetic_locations
Longjourney,longjourney,longjourney-04,Branch,Georgia,"Branch office, Atlanta, Georgia, United States","Therapeutics,Human Computer Interaction,Robotics,Biopharma,Clinical Trials,Wellness,Health Diagnostics,Personal Health,Medical Device,Genetics,Diabetes",commercial,51,30,170,33.72482,-84.40766,United States,,,,synthetic_locations
Shieldhealthcare,shieldhealthcare,shieldhealthcare-01,Head Office,Massachusetts,"Head office, Boston, Massachusetts, United States",Medical Devices & Equipment,commercial,83,30,300,42.33848,-71.03036,United States,Daetweiler Jeff,"Director , Sales Support",jdaetweiler@shieldhealthcare.com,synthetic_locations
Shieldhealthcare,shieldhealthcare,shieldhealthcare-02,Branch,New York,"Branch office, New York, New York, United States",Medical Devices & Equipment,commercial,55,5,330,40.72237,-74.02079,United States,,,,synthetic_locations
Shieldhealthcare,shieldhealthcare,shieldhealthcare-03,Branch,Texas,"Branch office, Houston, Texas, United States",Medical Devices & Equipment,commercial,84,13,200,29.77971,-95.3862,United States,,,,synthetic_locations
Shieldhealthcare,shieldhealthcare,shieldhealthcare-04,Branch,Colorado,"Branch office, Denver, Colorado, United States",Medical Devices & Equipment,commercial,84,10,300,39.75557,-104.98196,United States,,,,synthetic_locations
Qenos,qenos,qenos-01,Head Office,Western Australia,"Head office, Perth, Western Australia, Australia",Synthetic Resin And Synthetic Rubber Manufacturing,industrial,86,2,680,-31.94265,115.85985,Australia,Damian Toohey,General Manager - Strategy And Finance,customer.service@qenos.com,synthetic_locations
Qenos,qenos,qenos-02,Branch,Australian Capital Territory,"Branch office, Canberra, Australian Capital Territory, Australia",Synthetic Resin And Synthetic Rubber Manufacturing,industrial,84,2,730,-35.30484,149.15966,Australia,,,,synthetic_locations
Qenos,qenos,qenos-03,Branch,Queensland,"Branch office, Brisbane, Queensland, Australia",Synthetic Resin And Synthetic Rubber Manufacturing,industrial,83,1,330,-27.46837,153.01176,Australia,,,,synthetic_locations
Langi,langi,langi-01,Head Office,Victoria,"Head office, Melbourne, Victoria, Australia",Other Metal Ore Mining,industrial,65,6,440,-37.80053,144.9608,Australia,Damien Sheehan,General Manager And Viticulturist,dsheehan@langi.com.au,synthetic_locations
Langi,langi,langi-02,Branch,South Australia,"Branch office, Adelaide, South Australia, Australia",Other Metal Ore Mining,industrial,64,2,360,-34.92561,138.61108,Australia,,,,synthetic_locations
Langi,langi,langi-03,Branch,Tasmania,"Branch office, Hobart, Tasmania, Australia",Other Metal Ore Mining,industrial,56,1,730,-42.91018,147.30041,Australia,,,,synthetic_locations
Langi,langi,langi-04,Branch,Queensland,"Branch office, Brisbane, Queensland, Australia",Other Metal Ore Mining,industrial,78,1,710,-27.4779,153.00275,Australia,,,,synthetic_locations
Feralbrewing,feralbrewing,feralbrewing-01,Head Office,New South Wales,"Head office, Sydney, New South Wales, Australia",Beer Manufacturing,industrial,56,5,680,-33.88278,151.2072,Australia,Damien Wescombe,Manager Of Beer Sales,beer@feralbrewing.com.au,synthetic_locations
Feralbrewing,feralbrewing,feralbrewing-02,Branch,Victoria,"Branch office, Melbourne, Victoria, Australia",Beer Manufacturing,industrial,84,4,760,-37.82223,144.96651,Australia,,,,synthetic_locations
Feralbrewing,feralbrewing,feralbrewing-03,Branch,Australian Capital Territory,"Branch office, Canberra, Australian Capital Territory, Australia",Beer Manufacturing,industrial,65,6,650,-35.2592,149.13253,Australia,,,,synthetic_locations
Soularchmedia,soularchmedia,soularchmedia-01,Head Office,Tasmania,"Head office, Hobart, Tasmania, Australia",Post-Production Services And Other Motion Picture And Video Activities,commercial,51,13,290,-42.87319,147.29805,Australia,Dan Bowers,Editor And Videographer,dan@soularchmedia.com,synthetic_locations
Soularchmedia,soularchmedia,soularchmedia-02,Branch,New South Wales,"Branch office, Sydney, New South Wales, Australia",Post-Production Services And Other Motion Picture And Video Activities,commercial,64,8,380,-33.86704,151.23133,Australia,,,,synthetic_locations
Reglinrubber,reglinrubber,reglinrubber-01,Head Office,New South Wales,"Head office, Sydney, New South Wales, Australia",Natural Rubber Product Manufacturing,industrial,76,3,640,-33.87908,151.18003,Australia,Dan Hooper,Factory/Production Manager,dan@reglinrubber.com.au,synthetic_locations
Reglinrubber,reglinrubber,reglinrubber-02,Branch,Australian Capital Territory,"Branch office, Canberra, Australian Capital Territory, Australia",Natural Rubber Product Manufacturing,industrial,55,2,520,-35.26939,149.10108,Australia,,,,synthetic_locations
Reglinrubber,reglinrubber,reglinrubber-03,Branch,Tasmania,"Branch office, Hobart, Tasmania, Australia",Natural Rubber Product Manufacturing,industrial,71,6,690,-42.90066,147.30541,Australia,,,,synthetic_locations
Reglinrubber,reglinrubber,reglinrubber-04,Branch,Western Australia,"Branch office, Perth, Western Australia, Australia",Natural Rubber Product Manufacturing,industrial,71,5,590,-31.94518,115.8495,Australia,,,,synthetic_locations
Redspot,redspot,redspot-01,Head Office,Tasmania,"Head office, Hobart, Tasmania, Australia",Passenger Car Rental And Hiring,commercial,52,26,290,-42.89966,147.35226,Australia,Daniel Kearney,General Manager Of Sales,info@redspot.com.au,synthetic_locations
Redspot,redspot,redspot-02,Branch,Western Australia,"Branch office, Perth, Western Australia, Australia",Passenger Car Rental And Hiring,commercial,62,15,330,-31.96861,115.8892,Australia,,,,synthetic_locations
Redspot,redspot,redspot-03,Branch,South Australia,"Branch office, Adelaide, South Australia, Australia",Passenger Car Rental And Hiring,commercial,77,22,400,-34.93356,138.588,Australia,,,,synthetic_locations
Redspot,redspot,redspot-04,Branch,Victoria,"Branch office, Melbourne, Victoria, Australia",Passenger Car Rental And Hiring,commercial,45,15,100,-37.81299,144.96274,Australia,,,,synthetic_locations
Australianlock,australianlock,australianlock-01,Head Office,New South Wales,"Head office, Sydney, New South Wales, Australia",Other Fabricated Metal Product Manufacturing N.E.C.,industrial,56,4,640,-33.84322,151.20268,Australia,Daniel Slaviero,Toolmaker,daniels@australianlock.com.au,synthetic_locations
Australianlock,australianlock,australianlock-02,Branch,Tasmania,"Branch office, Hobart, Tasmania, Australia",Other Fabricated Metal Product Manufacturing N.E.C.,industrial,75,1,430,-42.88281,147.34323,Australia,,,,synthetic_locations
Australianlock,australianlock,australianlock-03,Branch,Western Australia,"Branch office, Perth, Western Australia, Australia",Other Fabricated Metal Product Manufacturing N.E.C.,industrial,84,5,430,-31.95216,115.85045,Australia,,,,synthetic_locations
Australianlock,australianlock,australianlock-04,Branch,Victoria,"Branch office, Melbourne, Victoria, Australia",Other Fabricated Metal Product Manufacturing N.E.C.,industrial,90,3,700,-37.81117,144.99033,Australia,,,,synthetic_locations
Completemetal,completemetal,completemetal-01,Head Office,Queensland,"Head office, Brisbane, Queensland, Australia",Metal And Mineral Wholesaling,commercial,75,19,310,-27.44853,152.99653,Australia,Danielle Stephenson,Business Administrator & Manager,danielle@completemetal.com.au,synthetic_locations
Completemetal,completemetal,completemetal-02,Branch,Western Australia,"Branch office, Perth, Western Australia, Australia",Metal And Mineral Wholesaling,commercial,65,20,310,-31.97543,115.88216,Australia,,,,synthetic_locations
Utma,utma,utma-01,Head Office,Tasmania,"Head office, Hobart, Tasmania, Australia",Gardening Services,commercial,44,10,400,-42.87589,147.32939,Australia,Danny Draper,"Director, Principal Consulting Arboriculturist",admin@utma.com.au,synthetic_locations
Utma,utma,utma-02,Branch,Victoria,"Branch office, Melbourne, Victoria, Australia",Gardening Services,commercial,61,6,300,-37.78661,144.98233,Australia,,,,synthetic_locations
Utma,utma,utma-03,Branch,New South Wales,"Branch office, Sydney, New South Wales, Australia",Gardening Services,commercial,83,12,400,-33.88682,151.18493,Australia,,,,synthetic_locations
Mjengineering,mjengineering,mjengineering-01,Head Office,Western Australia,"Head office, Perth, Western Australia, Australia",Marine Equipment Retailing,residential,4,38,820,-31.93939,115.84243,Australia,Darren Bozanich,"Division Manager, Engineering",darren@mjengineering.com.au,synthetic_locations
Mjengineering,mjengineering,mjengineering-02,Branch,South Australia,"Branch office, Adelaide, South Australia, Australia",Marine Equipment Retailing,commercial,74,18,190,-34.92661,138.59062,Australia,,,,synthetic_locations
Mjengineering,mjengineering,mjengineering-03,Branch,New South Wales,"Branch office, Sydney, New South Wales, Australia",Marine Equipment Retailing,commercial,52,29,390,-33.84765,151.20153,Australia,,,,synthetic_locations
Birchandwaite,birchandwaite,birchandwaite-01,Head Office,Tasmania,"Head office, Hobart, Tasmania, Australia",Meat Processing,commercial,49,16,160,-42.87648,147.33687,Australia,Dave Vosper,Engineer And Maintenance Supervisor,dave.vosper@birchandwaite.com.au,synthetic_locations
Birchandwaite,birchandwaite,birchandwaite-02,Branch,Western Australia,"Branch office, Perth, Western Australia, Australia",Meat Processing,commercial,56,23,380,-31.95022,115.85954,Australia,,,,synthetic_locations
Ccwcabinetworks,ccwcabinetworks,ccwcabinetworks-01,Head Office,South Australia,"Head office, Adelaide, South Australia, Australia",Wooden Furniture And Upholstered Seat Manufacturing,industrial,84,2,350,-34.92119,138.57229,Australia,David Aruba,Cabinet Maker,info@ccwcabinetworks.com.au,synthetic_locations
Ccwcabinetworks,ccwcabinetworks,ccwcabinetworks-02,Branch,New South Wales,"Branch office, Sydney, New South Wales, Australia",Wooden Furniture And Upholstered Seat Manufacturing,industrial,75,3,690,-33.87011,151.19639,Australia,,,,synthetic_locations
Ccwcabinetworks,ccwcabinetworks,ccwcabinetworks-03,Branch,Victoria,"Branch office, Melbourne, Victoria, Australia",Wooden Furniture And Upholstered Seat Manufacturing,industrial,76,6,350,-37.82808,144.9657,Australia,,,,synthetic_locations
Ccwcabinetworks,ccwcabinetworks,ccwcabinetworks-04,Branch,Australian Capital Territory,"Branch office, Canberra, Australian Capital Territory, Australia",Wooden Furniture And Upholstered Seat Manufacturing,industrial,86,2,320,-35.28156,149.13962,Australia,,,,synthetic_locations
Linkventures,linkventures,linkventures-01,Head Office,Texas,"Head office, Houston, Texas, United States",Vc-Backed Company,commercial,85,7,150,29.75946,-95.3804,United States,David B. Blundin,"Co-Founder, Chief Executive Officer & Chairman",dblundin@linkventures.com,synthetic_locations
Linkventures,linkventures,linkventures-02,Branch,Illinois,"Branch office, Chicago, Illinois, United States",Vc-Backed Company,commercial,64,21,140,41.85222,-87.6529,United States,,,,synthetic_locations
Linkventures,linkventures,linkventures-03,Branch,New York,"Branch office, New York, New York, United States",Vc-Backed Company,commercial,56,5,370,40.72459,-74.0212,United States,,,,synthetic_locations
Linkventures,linkventures,linkventures-04,Branch,California,"Branch office, Los Angeles, California, United States",Vc-Backed Company,commercial,50,23,170,34.03081,-118.24006,United States,,,,synthetic_locations
Mtifirms,mtifirms,mtifirms-01,Head Office,Wales,"Head office, Cardiff, Wales, United Kingdom",Health Diagnostics,residential,11,38,840,51.45991,-3.19464,United Kingdom,David Holbrook,Head Of Med Tech & Life Science Investing,headoffice@mtifirms.com,synthetic_locations
Mtifirms,mtifirms,mtifirms-02,Branch,Northern Ireland,"Branch office, Belfast, Northern Ireland, United Kingdom",Health Diagnostics,residential,11,42,930,54.62172,-5.90897,United Kingdom,,,,synthetic_locations
Wellco,wellco,wellco-01,Head Office,Tasmania,"Head office, Hobart, Tasmania, Australia",Other Specialised Industrial Machinery And Equipment Wholesaling,industrial,66,1,440,-42.88688,147.3234,Australia,David Huntley,"Hydraulic, Pneumatic And Engineering Supplies",david@wellco.com.au,synthetic_locations
Wellco,wellco,wellco-02,Branch,Western Australia,"Branch office, Perth, Western Australia, Australia",Other Specialised Industrial Machinery And Equipment Wholesaling,industrial,68,6,300,-31.95831,115.85731,Australia,,,,synthetic_locations
Sunrice,sunrice,sunrice-01,Head Office,New South Wales,"Head office, Sydney, New South Wales, Australia",Cereal Grain Wholesaling,commercial,64,27,140,-33.84022,151.23522,Australia,David Keldie,Operations Manager - Oil And Gas,dkeldie@sunrice.com.au,synthetic_locations
Sunrice,sunrice,sunrice-02,Branch,South Australia,"Branch office, Adelaide, South Australia, Australia",Cereal Grain Wholesaling,commercial,67,26,330,-34.90522,138.59483,Australia,,,,synthetic_locations
Sunrice,sunrice,sunrice-03,Branch,Western Australia,"Branch office, Perth, Western Australia, Australia",Cereal Grain Wholesaling,commercial,59,12,290,-31.9678,115.83351,Australia,,,,synthetic_locations
Sunrice,sunrice,sunrice-04,Branch,Tasmania,"Branch office, Hobart, Tasmania, Australia",Cereal Grain Wholesaling,commercial,64,11,240,-42.90755,147.31989,Australia,,,,synthetic_locations
Ellisonhort,ellisonhort,ellisonhort-01,Head Office,Western Australia,"Head office, Perth, Western Australia, Australia",Nursery Production (Under Cover),commercial,52,22,110,-31.97554,115.88079,Australia,David Lebrocque,Managaer,david@ellisonhort.com.au,synthetic_locations
Ellisonhort,ellisonhort,ellisonhort-02,Branch,South Australia,"Branch office, Adelaide, South Australia, Australia",Nursery Production (Under Cover),residential,7,52,510,-34.93573,138.59559,Australia,,,,synthetic_locations
Ellisonhort,ellisonhort,ellisonhort-03,Branch,Tasmania,"Branch office, Hobart, Tasmania, Australia",Nursery Production (Under Cover),commercial,57,20,320,-42.89906,147.32011,Australia,,,,synthetic_locations
Ellisonhort,ellisonhort,ellisonhort-04,Branch,Queensland,"Branch office, Brisbane, Queensland, Australia",Nursery Production (Under Cover),commercial,73,28,210,-27.48613,153.0122,Australia,,,,synthetic_locations
Differential,differential,differential-01,Head Office,Florida,"Head office, Miami, Florida, United States",Natural Language Processing,commercial,74,17,340,25.75444,-80.20272,United States,David Magerman,Managing Partner And Lead Technologist,david@differential.vc,synthetic_locations
Differential,differential,differential-02,Branch,Massachusetts,"Branch office, Boston, Massachusetts, United States",Natural Language Processing,commercial,61,21,190,42.35161,-71.07227,United States,,,,synthetic_locations
Differential,differential,differential-03,Branch,Arizona,"Branch office, Phoenix, Arizona, United States",Natural Language Processing,commercial,61,9,250,33.47046,-112.09748,United States,,,,synthetic_locations
Greylock,greylock,greylock-01,Head Office,Georgia,"Head office, Atlanta, Georgia, United States","Hospital,Health Diagnostics",commercial,59,7,130,33.72006,-84.38671,United States,David Sze,General Partner And Co-Senior Managing Partner,dsze@greylock.com,synthetic_locations
Greylock,greylock,greylock-02,Branch,Texas,"Branch office, Houston, Texas, United States","Hospital,Health Diagnostics",commercial,51,5,230,29.76565,-95.38223,United States,,,,synthetic_locations
Greylock,greylock,greylock-03,Branch,California,"Branch office, Los Angeles, California, United States","Hospital,Health Diagnostics",commercial,70,22,120,34.06508,-118.266,United States,,,,synthetic_locations
Greylock,greylock,greylock-04,Branch,Washington,"Branch office, Seattle, Washington, United States","Hospital,Health Diagnostics",commercial,78,22,130,47.63131,-122.3435,United States,,,,synthetic_locations
Heritagetreecare,heritagetreecare,heritagetreecare-01,Head Office,Victoria,"Head office, Melbourne, Victoria, Australia",Logging,commercial,72,28,250,-37.78561,144.94097,Australia,David Vizer,Consulting Arborist,sales@heritagetreecare.com.au,synthetic_locations
Heritagetreecare,heritagetreecare,heritagetreecare-02,Branch,South Australia,"Branch office, Adelaide, South Australia, Australia",Logging,commercial,85,11,220,-34.90882,138.57409,Australia,,,,synthetic_locations
Khoslaventures,khoslaventures,khoslaventures-01,Head Office,California,"Head office, Los Angeles, California, United States","Therapeutics,Medical Device,Robotics,Biometrics,Biopharma,Health Diagnostics,Home Health Care,Genetics,Cannabis,Wellness,Hospital,Bioinformatics,Natural Language Processing,Clinical Trials,Personal Health,Alternative Medicine,Neuroscience,Diabetes",commercial,80,24,240,34.02602,-118.21773,United States,David Weiden,Founding Partner & Managing Director,david@khoslaventures.com,synthetic_locations
Khoslaventures,khoslaventures,khoslaventures-02,Branch,Washington,"Branch office, Seattle, Washington, United States","Therapeutics,Medical Device,Robotics,Biometrics,Biopharma,Health Diagnostics,Home Health Care,Genetics,Cannabis,Wellness,Hospital,Bioinformatics,Natural Language Processing,Clinical Trials,Personal Health,Alternative Medicine,Neuroscience,Diabetes",commercial,56,28,270,47.58972,-122.35143,United States,,,,synthetic_locations
Babycenter,babycenter,babycenter-01,Head Office,California,"Head office, Los Angeles, California, United States",Information Collection & Delivery,commercial,54,28,330,34.04715,-118.26049,United States,Davis Heather,Associate Customer Support Manager,heather.davis@babycenter.com,synthetic_locations
Babycenter,babycenter,babycenter-02,Branch,Texas,"Branch office, Houston, Texas, United States",Information Collection & Delivery,commercial,51,8,230,29.76216,-95.35663,United States,,,,synthetic_locations
Vcfa,vcfa,vcfa-01,Head Office,Arizona,"Head office, Phoenix, Arizona, United States",Secondary Buyer,commercial,68,19,340,33.4258,-112.07851,United States,Dayton T. Carr,"Founder, President & Managing Director",carr@vcfa.com,synthetic_locations
Vcfa,vcfa,vcfa-02,Branch,Georgia,"Branch office, Atlanta, Georgia, United States",Secondary Buyer,commercial,65,28,120,33.75087,-84.37032,United States,,,,synthetic_locations
Vcfa,vcfa,vcfa-03,Branch,Texas,"Branch office, Houston, Texas, United States",Secondary Buyer,residential,9,33,910,29.73868,-95.39029,United States,,,,synthetic_locations
Vcfa,vcfa,vcfa-04,Branch,California,"Branch office, Los Angeles, California, United States",Secondary Buyer,commercial,43,22,290,34.03876,-118.22365,United States,,,,synthetic_locations
Bedbathntable,bedbathntable,bedbathntable-01,Head Office,Victoria,"Head office, Melbourne, Victoria, Australia",Textile Finishing And Other Textile Product Manufacturing,industrial,61,5,750,-37.82166,144.96828,Australia,Deanna Rood,International Hr Business Partner,deanna.rood@bedbathntable.com.au,synthetic_locations
Bedbathntable,bedbathntable,bedbathntable-02,Branch,Queensland,"Branch office, Brisbane, Queensland, Australia",Textile Finishing And Other Textile Product Manufacturing,industrial,64,3,560,-27.45557,153.03509,Australia,,,,synthetic_locations
Bedbathntable,bedbathntable,bedbathntable-03,Branch,Western Australia,"Branch office, Perth, Western Australia, Australia",Textile Finishing And Other Textile Product Manufacturing,industrial,55,5,780,-31.92642,115.88656,Australia,,,,synthetic_locations
Bedbathntable,bedbathntable,bedbathntable-04,Branch,Australian Capital Territory,"Branch office, Canberra, Australian Capital Territory, Australia",Textile Finishing And Other Textile Product Manufacturing,residential,14,37,1000,-35.30776,149.11417,Australia,,,,synthetic_locations
Cranbourneturfclub,cranbourneturfclub,cranbourneturfclub-01,Head Office,Queensland,"Head office, Brisbane, Queensland, Australia",Horse And Dog Racing Administration And Track Operation,commercial,71,29,130,-27.46156,153.03992,Australia,Deborah Clarkson,Function And Events Coordinator,dclarkson@cranbourneturfclub.com.au,synthetic_locations
Cranbourneturfclub,cranbourneturfclub,cranbourneturfclub-02,Branch,Tasmania,"Branch office, Hobart, Tasmania, Australia",Horse And Dog Racing Administration And Track Operation,commercial,40,20,180,-42.85343,147.34152,Australia,,,,synthetic_locations
Cranbourneturfclub,cranbourneturfclub,cranbourneturfclub-03,Branch,New South Wales,"Branch office, Sydney, New South Wales, Australia",Horse And Dog Racing Administration And Track Operation,commercial,50,5,100,-33.8985,151.18651,Australia,,,,synthetic_locations
Ride Away,ride-away,ride-away-01,Head Office,Florida,"Head office, Miami, Florida, United States",Unknown,commercial,69,10,360,25.76838,-80.18893,United States,Decker Pamela,F And I Coordinator And Compliance Manager,pdecker@ride-away.com,synthetic_locations
Ride Away,ride-away,ride-away-02,Branch,Georgia,"Branch office, Atlanta, Georgia, United States",Unknown,commercial,75,29,130,33.73819,-84.41297,United States,,,,synthetic_locations
Ride Away,ride-away,ride-away-03,Branch,California,"Branch office, Los Angeles, California, United States",Unknown,commercial,68,23,180,34.05608,-118.23078,United States,,,,synthetic_locations
Churchill Linen,churchill-linen,churchill-linen-01,Head Office,Florida,"Head office, Miami, Florida, United States",Laundry & Dry Cleaning Services,residential,13,36,840,25.78414,-80.16612,United States,Delgardo Peter,"Service Manager, Office Phone",peter@churchill-linen.com,synthetic_locations
Churchill Linen,churchill-linen,churchill-linen-02,Branch,Colorado,"Branch office, Denver, Colorado, United States",Laundry & Dry Cleaning Services,residential,14,51,920,39.7478,-105.0081,United States,,,,synthetic_locations
Churchill Linen,churchill-linen,churchill-linen-03,Branch,Texas,"Branch office, Houston, Texas, United States",Laundry & Dry Cleaning Services,commercial,43,6,150,29.73996,-95.38118,United States,,,,synthetic_locations
Lifesafetyfire,lifesafetyfire,lifesafetyfire-01,Head Office,Colorado,"Head office, Denver, Colorado, United States",Unknown,commercial,59,14,110,39.75236,-105.00485,United States,Dennis Jeff,Estimating And Design Manager,jeff@lifesafetyfire.com,synthetic_locations
Lifesafetyfire,lifesafetyfire,lifesafetyfire-02,Branch,Texas,"Branch office, Houston, Texas, United States",Unknown,commercial,49,23,340,29.73729,-95.37308,United States,,,,synthetic_locations
Lifesafetyfire,lifesafetyfire,lifesafetyfire-03,Branch,Washington,"Branch office, Seattle, Washington, United States",Unknown,commercial,66,30,170,47.63569,-122.35022,United States,,,,synthetic_locations
Element,element,element-01,Head Office,Florida,"Head office, Miami, Florida, United States",Unknown,commercial,45,27,320,25.73295,-80.16966,United States,Detruit Sal,Business Development Director - Aerospace Pqt,sal.detruit@element.com,synthetic_locations
Element,element,element-02,Branch,Washington,"Branch office, Seattle, Washington, United States",Unknown,commercial,71,26,250,47.61172,-122.30696,United States,,,,synthetic_locations
Element,element,element-03,Branch,Illinois,"Branch office, Chicago, Illinois, United States",Unknown,commercial,50,19,200,41.90526,-87.63622,United States,,,,synthetic_locations
Calchamber,calchamber,calchamber-01,Head Office,Colorado,"Head office, Denver, Colorado, United States",Government,commercial,54,10,120,39.74941,-105.0138,United States,Dormann Steve,Web Managing Editor,steve.dormann@calchamber.com,synthetic_locations
Calchamber,calchamber,calchamber-02,Branch,Georgia,"Branch office, Atlanta, Georgia, United States",Government,commercial,44,25,140,33.72371,-84.39539,United States,,,,synthetic_locations
Calchamber,calchamber,calchamber-03,Branch,Texas,"Branch office, Houston, Texas, United States",Government,commercial,67,22,130,29.78796,-95.39243,United States,,,,synthetic_locations
Ncdcr,ncdcr,ncdcr-01,Head Office,Florida,"Head office, Miami, Florida, United States",Unknown,commercial,47,11,220,25.7828,-80.20983,United States,Dossel Cliff,Installations Manager And Registrar,cliff.dossel@ncdcr.gov,synthetic_locations
Ncdcr,ncdcr,ncdcr-02,Branch,Arizona,"Branch office, Phoenix, Arizona, United States",Unknown,commercial,80,9,350,33.46251,-112.08655,United States,,,,synthetic_locations
Ncdcr,ncdcr,ncdcr-03,Branch,New York,"Branch office, New York, New York, United States",Unknown,commercial,83,11,320,40.74149,-73.98838,United States,,,,synthetic_locations
Ncdcr,ncdcr,ncdcr-04,Branch,Illinois,"Branch office, Chicago, Illinois, United States",Unknown,commercial,51,17,230,41.85622,-87.64678,United States,,,,synthetic_locations
Astronics,astronics,astronics-01,Head Office,Florida,"Head office, Miami, Florida, United States",Unknown,commercial,73,13,310,25.79007,-80.16392,United States,Ebbighausen Linda,Customer Service And Contracts Manager,linda.ebbighausen@astronics.com,synthetic_locations
Astronics,astronics,astronics-02,Branch,Arizona,"Branch office, Phoenix, Arizona, United States",Unknown,commercial,78,21,250,33.42412,-112.10339,United States,,,,synthetic_locations
Cafsite,cafsite,cafsite-01,Head Office,Western Australia,"Head office, Perth, Western Australia, Australia",Sheet Metal Product Manufacturing (Except Metal Structural And Container,industrial,55,4,530,-31.94886,115.88274,Australia,Eddie Caistor,Bussiness Owner,eddie@cafsite.com.au,synthetic_locations
Cafsite,cafsite,cafsite-02,Branch,Tasmania,"Branch office, Hobart, Tasmania, Australia",Sheet Metal Product Manufacturing (Except Metal Structural And Container,industrial,89,6,400,-42.86547,147.33861,Australia,,,,synthetic_locations
Cafsite,cafsite,cafsite-03,Branch,Queensland,"Branch office, Brisbane, Queensland, Australia",Sheet Metal Product Manufacturing (Except Metal Structural And Container,industrial,72,6,560,-27.48356,153.05114,Australia,,,,synthetic_locations
Lentonbrae,lentonbrae,lentonbrae-01,Head Office,New South Wales,"Head office, Sydney, New South Wales, Australia",Wine And Other Alcoholic Beverage Manufacturing,industrial,65,5,590,-33.89843,151.21336,Australia,Edward Tomlinson,Chief Executive Officer And Winemaker,et@lentonbrae.com,synthetic_locations
Lentonbrae,lentonbrae,lentonbrae-02,Branch,Tasmania,"Branch office, Hobart, Tasmania, Australia",Wine And Other Alcoholic Beverage Manufacturing,industrial,62,2,600,-42.88123,147.3215,Australia,,,,synthetic_locations
Flagshippioneering,flagshippioneering,flagshippioneering-01,Head Office,Florida,"Head office, Miami, Florida, United States","Therapeutics,Biopharma,Health Diagnostics",commercial,51,8,350,25.78154,-80.18401,United States,Edwin Kania,Managing Partner & Co-Founder; Chairman Emeritus,ekania@flagshippioneering.com,synthetic_locations
Flagshippioneering,flagshippioneering,flagshippioneering-02,Branch,Arizona,"Branch office, Phoenix, Arizona, United States","Therapeutics,Biopharma,Health Diagnostics",commercial,60,25,110,33.44762,-112.06193,United States,,,,synthetic_locations
Phillipsskipbins,phillipsskipbins,phillipsskipbins-01,Head Office,Tasmania,"Head office, Hobart, Tasmania, Australia",Other Transport Support Services N.E.C.,industrial,72,5,400,-42.87808,147.35222,Australia,Eleni Bakopoulos,Transportation/Trucking/Railroad,eleni@phillipsskipbins.com.au,synthetic_locations
Phillipsskipbins,phillipsskipbins,phillipsskipbins-02,Branch,Australian Capital Territory,"Branch office, Canberra, Australian Capital Territory, Australia",Other Transport Support Services N.E.C.,industrial,89,1,300,-35.2933,149.10112,Australia,,,,synthetic_locations
Nucompass,nucompass,nucompass-01,Head Office,Georgia,"Head office, Atlanta, Georgia, United States","Trucking, Moving & Storage",commercial,54,24,300,33.74525,-84.36437,United States,Ellis Debbie,"Senior Manager , Client Management",dellis@nucompass.com,synthetic_locations
Nucompass,nucompass,nucompass-02,Branch,California,"Branch office, Los Angeles, California, United States","Trucking, Moving & Storage",commercial,44,21,340,34.08125,-118.2293,United States,,,,synthetic_locations
Nucompass,nucompass,nucompass-03,Branch,Washington,"Branch office, Seattle, Washington, United States","Trucking, Moving & Storage",commercial,54,12,320,47.58582,-122.35262,United States,,,,synthetic_locations
Nucompass,nucompass,nucompass-04,Branch,Texas,"Branch office, Houston, Texas, United States","Trucking, Moving & Storage",commercial,81,9,350,29.73616,-95.35829,United States,,,,synthetic_locations
M2Technology,m2technology,m2technology-01,Head Office,South Australia,"Head office, Adelaide, South Australia, Australia",Other Telecommunications Services,commercial,68,27,320,-34.95583,138.57776,Australia,Eric Chew,Cpa Financial Controller,eric@m2technology.com.au,synthetic_locations
M2Technology,m2technology,m2technology-02,Branch,New South Wales,"Branch office, Sydney, New South Wales, Australia",Other Telecommunications Services,commercial,40,18,370,-33.86814,151.19829,Australia,,,,synthetic_locations
M2Technology,m2technology,m2technology-03,Branch,Australian Capital Territory,"Branch office, Canberra, Australian Capital Territory, Australia",Other Telecommunications Services,commercial,51,12,170,-35.30321,149.12358,Australia,,,,synthetic_locations
Oldcitycapital,oldcitycapital,oldcitycapital-01,Head Office,Illinois,"Head office, Chicago, Illinois, United States",Asset Manager,commercial,41,10,200,41.90098,-87.60984,United States,Eytan Feldman,"Managing Director, Partner, Chief Compliance Officer & Chief Operating Officer",eytan@oldcitycapital.com,synthetic_locations
Oldcitycapital,oldcitycapital,oldcitycapital-02,Branch,Florida,"Branch office, Miami, Florida, United States",Asset Manager,commercial,79,28,160,25.78263,-80.1668,United States,,,,synthetic_locations
Ardexaustralia,ardexaustralia,ardexaustralia-01,Head Office,Australian Capital Territory,"Head office, Canberra, Australian Capital Territory, Australia",Other Basic Chemical Product Manufacturing N.E.C.,industrial,60,6,330,-35.29303,149.10835,Australia,Fabian Morgan,"Sales And Marketing Director, Ardex",ardexfb@ardexaustralia.com,synthetic_locations
Ardexaustralia,ardexaustralia,ardexaustralia-02,Branch,Western Australia,"Branch office, Perth, Western Australia, Australia",Other Basic Chemical Product Manufacturing N.E.C.,industrial,84,3,640,-31.94269,115.87881,Australia,,,,synthetic_locations
Ardexaustralia,ardexaustralia,ardexaustralia-03,Branch,New South Wales,"Branch office, Sydney, New South Wales, Australia",Other Basic Chemical Product Manufacturing N.E.C.,industrial,61,3,380,-33.8719,151.2193,Australia,,,,synthetic_locations
Ardexaustralia,ardexaustralia,ardexaustralia-04,Branch,South Australia,"Branch office, Adelaide, South Australia, Australia",Other Basic Chemical Product Manufacturing N.E.C.,industrial,60,6,630,-34.94423,138.58473,Australia,,,,synthetic_locations
Girouxglass,girouxglass,girouxglass-01,Head Office,New York,"Head office, New York, New York, United States",Glass & Clay,commercial,46,25,340,40.71451,-74.0102,United States,Fainberg Michelle,Cad Manager And Partner,mfainberg@girouxglass.com,synthetic_locations
Girouxglass,girouxglass,girouxglass-02,Branch,Washington,"Branch office, Seattle, Washington, United States",Glass & Clay,commercial,84,20,160,47.63264,-122.33179,United States,,,,synthetic_locations
Girouxglass,girouxglass,girouxglass-03,Branch,Illinois,"Branch office, Chicago, Illinois, United States",Glass & Clay,commercial,72,9,360,41.89537,-87.6377,United States,,,,synthetic_locations
Girouxglass,girouxglass,girouxglass-04,Branch,Georgia,"Branch office, Atlanta, Georgia, United States",Glass & Clay,commercial,73,24,340,33.77125,-84.39094,United States,,,,synthetic_locations
Davidwendell,davidwendell,davidwendell-01,Head Office,Georgia,"Head office, Atlanta, Georgia, United States",Unknown,commercial,48,8,220,33.7594,-84.40178,United States,Farris Anne,Operations Manager And Office Manager,anne.farris@davidwendell.com,synthetic_locations
Davidwendell,davidwendell,davidwendell-02,Branch,Illinois,"Branch office, Chicago, Illinois, United States",Unknown,commercial,53,16,280,41.86173,-87.63365,United States,,,,synthetic_locations
Edl,edl,edl-01,Head Office,Tasmania,"Head office, Hobart, Tasmania, Australia",On Selling Electricity And Electricity Market Operation,residential,15,47,730,-42.90803,147.31101,Australia,Felix Ryan,Australian Operations Commercial Manager,enquiries@edl.com.au,synthetic_locations
Edl,edl,edl-02,Branch,New South Wales,"Branch office, Sydney, New South Wales, Australia",On Selling Electricity And Electricity Market Operation,commercial,47,11,240,-33.8503,151.22565,Australia,,,,synthetic_locations
Ritterim,ritterim,ritterim-01,Head Office,Colorado,"Head office, Denver, Colorado, United States",Advertising & Marketing,commercial,54,18,160,39.72836,-104.96492,United States,Flere Jennifer,Regional Marketing Manager - Midwest,jennifer.flere@ritterim.com,synthetic_locations
Ritterim,ritterim,ritterim-02,Branch,Arizona,"Branch office, Phoenix, Arizona, United States",Advertising & Marketing,commercial,40,27,170,33.42397,-112.09146,United States,,,,synthetic_locations
Ritterim,ritterim,ritterim-03,Branch,California,"Branch office, Los Angeles, California, United States",Advertising & Marketing,commercial,75,7,140,34.07016,-118.25029,United States,,,,synthetic_locations
Skinnerinc,skinnerinc,skinnerinc-01,Head Office,Massachusetts,"Head office, Boston, Massachusetts, United States",Auctions,residential,12,46,950,42.37069,-71.04299,United States,Fletcher Stephen,Director Of American Furniture And Decorative Arts,sfletcher@skinnerinc.com,synthetic_locations
Skinnerinc,skinnerinc,skinnerinc-02,Branch,Texas,"Branch office, Houston, Texas, United States",Auctions,commercial,75,21,360,29.77642,-95.39556,United States,,,,synthetic_locations
Skinnerinc,skinnerinc,skinnerinc-03,Branch,New York,"Branch office, New York, New York, United States",Auctions,commercial,50,5,400,40.69677,-73.98781,United States,,,,synthetic_locations
Skinnerinc,skinnerinc,skinnerinc-04,Branch,Georgia,"Branch office, Atlanta, Georgia, United States",Auctions,commercial,65,21,340,33.73752,-84.40082,United States,,,,synthetic_locations
Lgarde,lgarde,lgarde-01,Head Office,Arizona,"Head office, Phoenix, Arizona, United States",Computer Storage Equipment,commercial,71,14,150,33.44284,-112.0664,United States,Friese David,"Manager, Mechanical Engineering",david_friese@lgarde.com,synthetic_locations
Lgarde,lgarde,lgarde-02,Branch,Massachusetts,"Branch office, Boston, Massachusetts, United States",Computer Storage Equipment,commercial,82,22,370,42.34375,-71.0775,United States,,,,synthetic_locations
Economyglass,economyglass,economyglass-01,Head Office,Victoria,"Head office, Melbourne, Victoria, Australia",Hardware And Building Supplies Retailing,commercial,45,28,270,-37.80158,144.94878,Australia,Fritz Paragoso,Administration And Scheduling,sales@economyglass.com.au,synthetic_locations
Economyglass,economyglass,economyglass-02,Branch,Western Australia,"Branch office, Perth, Western Australia, Australia",Hardware And Building Supplies Retailing,commercial,67,26,280,-31.94055,115.85704,Australia,,,,synthetic_locations
Wowinc,wowinc,wowinc-01,Head Office,Texas,"Head office, Houston, Texas, United States",Cable & Satellite,commercial,73,18,120,29.74942,-95.37335,United States,Gabara Steve,"Manager, Bus Services Cc",steven.gabara@wowinc.com,synthetic_locations
Wowinc,wowinc,wowinc-02,Branch,Florida,"Branch office, Miami, Florida, United States",Cable & Satellite,commercial,52,17,160,25.77546,-80.16731,United States,,,,synthetic_locations
Wowinc,wowinc,wowinc-03,Branch,Georgia,"Branch office, Atlanta, Georgia, United States",Cable & Satellite,commercial,63,25,180,33.72027,-84.37547,United States,,,,synthetic_locations
Wowinc,wowinc,wowinc-04,Branch,New York,"Branch office, New York, New York, United States",Cable & Satellite,commercial,56,28,290,40.68465,-74.00292,United States,,,,synthetic_locations
Nvp,nvp,nvp-01,Head Office,Georgia,"Head office, Atlanta, Georgia, United States","Health Diagnostics,Biopharma,Hospital,Wellness,Clinical Trials,Medical Device,Robotics,Personal Health,Therapeutics",commercial,85,13,270,33.73809,-84.36305,United States,Gabe Stauber,"Associate Partner, Healthcare & Life Sciences At Instinctif Partners",gstauber@nvp.com,synthetic_locations
Nvp,nvp,nvp-02,Branch,California,"Branch office, Los Angeles, California, United States","Health Diagnostics,Biopharma,Hospital,Wellness,Clinical Trials,Medical Device,Robotics,Personal Health,Therapeutics",commercial,61,9,250,34.06695,-118.23,United States,,,,synthetic_locations
Nvp,nvp,nvp-03,Branch,Illinois,"Branch office, Chicago, Illinois, United States","Health Diagnostics,Biopharma,Hospital,Wellness,Clinical Trials,Medical Device,Robotics,Personal Health,Therapeutics",commercial,70,9,230,41.87388,-87.62943,United States,,,,synthetic_locations
Buttsworth,buttsworth,buttsworth-01,Head Office,Western Australia,"Head office, Perth, Western Australia, Australia",Gas Supply,industrial,60,4,430,-31.97722,115.84223,Australia,Garry Vandepol,Work Shop Manager,sales@buttsworth.com.au,synthetic_locations
Buttsworth,buttsworth,buttsworth-02,Branch,Queensland,"Branch office, Brisbane, Queensland, Australia",Gas Supply,industrial,69,6,720,-27.45231,153.03834,Australia,,,,synthetic_locations
Davidonindustries,davidonindustries,davidonindustries-01,Head Office,Massachusetts,"Head office, Boston, Massachusetts, United States",International Trade & Development,commercial,77,14,100,42.38059,-71.06148,United States,Gary Nugent,Southeastern Sales Director,gnugent@davidonindustries.com,synthetic_locations
Davidonindustries,davidonindustries,davidonindustries-02,Branch,Texas,"Branch office, Houston, Texas, United States",International Trade & Development,commercial,44,23,170,29.78971,-95.37913,United States,,,,synthetic_locations
Davidonindustries,davidonindustries,davidonindustries-03,Branch,Florida,"Branch office, Miami, Florida, United States",International Trade & Development,commercial,70,5,290,25.74934,-80.1869,United States,,,,synthetic_locations
Davidonindustries,davidonindustries,davidonindustries-04,Branch,California,"Branch office, Los Angeles, California, United States",International Trade & Development,commercial,53,22,220,34.0479,-118.22447,United States,,,,synthetic_locations
Bearcat,bearcat,bearcat-01,Head Office,Queensland,"Head office, Brisbane, Queensland, Australia",Motor Vehicle New Parts Wholesaling,commercial,56,28,350,-27.47696,153.0341,Australia,Geoffrey Bevan,Major Accounts Sales Executive,sales@bearcat.com.au,synthetic_locations
Bearcat,bearcat,bearcat-02,Branch,Western Australia,"Branch office, Perth, Western Australia, Australia",Motor Vehicle New Parts Wholesaling,commercial,62,16,100,-31.94385,115.87909,Australia,,,,synthetic_locations
Bearcat,bearcat,bearcat-03,Branch,New South Wales,"Branch office, Sydney, New South Wales, Australia",Motor Vehicle New Parts Wholesaling,commercial,59,8,240,-33.85547,151.19547,Australia,,,,synthetic_locations
Bearcat,bearcat,bearcat-04,Branch,South Australia,"Branch office, Adelaide, South Australia, Australia",Motor Vehicle New Parts Wholesaling,commercial,73,13,160,-34.91224,138.61605,Australia,,,,synthetic_locations
Sasktel,sasktel,sasktel-01,Head Office,Ontario,"Head office, Toronto, Ontario, Canada",Ranching,commercial,78,27,400,43.68238,-79.40892,Canada,George Gaber,Owner And Operator And Host And Guide And Entertainer,lareata@sasktel.net,synthetic_locations
Sasktel,sasktel,sasktel-02,Branch,Quebec,"Branch office, Montreal, Quebec, Canada",Ranching,commercial,50,7,210,45.49889,-73.55376,Canada,,,,synthetic_locations
Termitesolutionsvictoria,termitesolutionsvictoria,termitesolutionsvictoria-01,Head Office,Tasmania,"Head office, Hobart, Tasmania, Australia",Building Pest Control Services,commercial,81,27,380,-42.89273,147.31454,Australia,Gerard Jackson,"Manager, Pre-Construction",info@termitesolutionsvictoria.com.au,synthetic_locations
Termitesolutionsvictoria,termitesolutionsvictoria,termitesolutionsvictoria-02,Branch,Victoria,"Branch office, Melbourne, Victoria, Australia",Building Pest Control Services,commercial,45,23,150,-37.80825,144.94912,Australia,,,,synthetic_locations
Solaronline,solaronline,solaronline-01,Head Office,South Australia,"Head office, Adelaide, South Australia, Australia",Other Domestic Appliance Manufacturing,industrial,55,3,310,-34.91241,138.57084,Australia,Gianni Mazzantini,Sales Technician,info@solaronline.com.au,synthetic_locations
Solaronline,solaronline,solaronline-02,Branch,Western Australia,"Branch office, Perth, Western Australia, Australia",Other Domestic Appliance Manufacturing,industrial,58,5,370,-31.92243,115.85576,Australia,,,,synthetic_locations
Vibro Meter,vibro-meter,vibro-meter-01,Head Office,Florida,"Head office, Miami, Florida, United States",Unknown,commercial,80,26,260,25.75786,-80.1948,United States,Gilbert Paul,Director Fin.,paul.gilbert@vibro-meter.com,synthetic_locations
Vibro Meter,vibro-meter,vibro-meter-02,Branch,Illinois,"Branch office, Chicago, Illinois, United States",Unknown,commercial,74,5,240,41.8615,-87.6216,United States,,,,synthetic_locations
Vibro Meter,vibro-meter,vibro-meter-03,Branch,Arizona,"Branch office, Phoenix, Arizona, United States",Unknown,commercial,59,26,280,33.46361,-112.077,United States,,,,synthetic_locations
Bupa,bupa,bupa-01,Head Office,Colorado,"Head office, Denver, Colorado, United States",Fitness & Dance Facilities,commercial,73,20,310,39.72779,-104.99703,United States,Gill Steve,Peoplesoft Technical Delivery Manager,steve.gill@bupa.com,synthetic_locations
Bupa,bupa,bupa-02,Branch,New York,"Branch office, New York, New York, United States",Fitness & Dance Facilities,commercial,65,10,160,40.72104,-73.99766,United States,,,,synthetic_locations
Bupa,bupa,bupa-03,Branch,Illinois,"Branch office, Chicago, Illinois, United States",Fitness & Dance Facilities,commercial,65,26,380,41.90396,-87.61004,United States,,,,synthetic_locations
Bupa,bupa,bupa-04,Branch,Washington,"Branch office, Seattle, Washington, United States",Fitness & Dance Facilities,commercial,62,26,180,47.61987,-122.33986,United States,,,,synthetic_locations
Manuelectronics,manuelectronics,manuelectronics-01,Head Office,Australian Capital Territory,"Head office, Canberra, Australian Capital Territory, Australia",Other Professional And Scientific Equipment Manufacturing,industrial,77,2,370,-35.30134,149.13515,Australia,Gina Locampo,Pick Packer,sales@manuelectronics.com.au,synthetic_locations
Manuelectronics,manuelectronics,manuelectronics-02,Branch,Tasmania,"Branch office, Hobart, Tasmania, Australia",Other Professional And Scientific Equipment Manufacturing,industrial,58,3,520,-42.90002,147.33253,Australia,,,,synthetic_locations
Manuelectronics,manuelectronics,manuelectronics-03,Branch,New South Wales,"Branch office, Sydney, New South Wales, Australia",Other Professional And Scientific Equipment Manufacturing,industrial,69,3,400,-33.86199,151.21101,Australia,,,,synthetic_locations
Manuelectronics,manuelectronics,manuelectronics-04,Branch,South Australia,"Branch office, Adelaide, South Australia, Australia",Other Professional And Scientific Equipment Manufacturing,industrial,77,1,710,-34.92193,138.6209,Australia,,,,synthetic_locations
Aluchem,aluchem,aluchem-01,Head Office,Washington,"Head office, Seattle, Washington, United States",Unknown,commercial,78,29,230,47.63542,-122.31758,United States,Glenkler-Daugher Myra,Purchasing And C.S. Manager,mdaugherty@aluchem.com,synthetic_locations
Aluchem,aluchem,aluchem-02,Branch,Massachusetts,"Branch office, Boston, Massachusetts, United States",Unknown,commercial,81,17,220,42.38886,-71.04596,United States,,,,synthetic_locations
Aluchem,aluchem,aluchem-03,Branch,Texas,"Branch office, Houston, Texas, United States",Unknown,commercial,79,22,340,29.76502,-95.36145,United States,,,,synthetic_locations
Aluchem,aluchem,aluchem-04,Branch,Arizona,"Branch office, Phoenix, Arizona, United States",Unknown,commercial,72,28,280,33.42952,-112.09264,United States,,,,synthetic_locations
Outwestconcrete,outwestconcrete,outwestconcrete-01,Head Office,Victoria,"Head office, Melbourne, Victoria, Australia",Ready-Mixed Concrete Manufacturing,industrial,78,3,550,-37.80603,144.9872,Australia,Glenn Outten,Managing Sales And Design,glenn.outten@outwestconcrete.com.au,synthetic_locations
Outwestconcrete,outwestconcrete,outwestconcrete-02,Branch,Queensland,"Branch office, Brisbane, Queensland, Australia",Ready-Mixed Concrete Manufacturing,industrial,81,5,600,-27.45645,153.0539,Australia,,,,synthetic_locations
Outwestconcrete,outwestconcrete,outwestconcrete-03,Branch,Australian Capital Territory,"Branch office, Canberra, Australian Capital Territory, Australia",Ready-Mixed Concrete Manufacturing,industrial,69,1,380,-35.28697,149.10108,Australia,,,,synthetic_locations
Robbinsbros,robbinsbros,robbinsbros-01,Head Office,Texas,"Head office, Houston, Texas, United States",Jewelry & Watches,commercial,47,16,310,29.78269,-95.34237,United States,Gomperts Larry,Executive Vice President Of Marketing And Strategic Planning,lgomperts@robbinsbros.com,synthetic_locations
Robbinsbros,robbinsbros,robbinsbros-02,Branch,Colorado,"Branch office, Denver, Colorado, United States",Jewelry & Watches,commercial,48,5,200,39.74029,-104.99041,United States,,,,synthetic_locations
Robbinsbros,robbinsbros,robbinsbros-03,Branch,California,"Branch office, Los Angeles, California, United States",Jewelry & Watches,commercial,45,11,210,34.07757,-118.22201,United States,,,,synthetic_locations
Robbinsbros,robbinsbros,robbinsbros-04,Branch,Massachusetts,"Branch office, Boston, Massachusetts, United States",Jewelry & Watches,commercial,61,7,150,42.35908,-71.0441,United States,,,,synthetic_locations
Travelcts,travelcts,travelcts-01,Head Office,Georgia,"Head office, Atlanta, Georgia, United States",Travel Agencies & Services,commercial,53,28,320,33.75949,-84.40823,United States,Greenberg Jeremy,"Manager, Leisure Travel",jerryg@travelcts.com,synthetic_locations
Travelcts,travelcts,travelcts-02,Branch,Illinois,"Branch office, Chicago, Illinois, United States",Travel Agencies & Services,commercial,69,19,330,41.8981,-87.62839,United States,,,,synthetic_locations
Travelcts,travelcts,travelcts-03,Branch,Colorado,"Branch office, Denver, Colorado, United States",Travel Agencies & Services,commercial,55,29,350,39.7303,-104.96742,United States,,,,synthetic_locations
Travelcts,travelcts,travelcts-04,Branch,Florida,"Branch office, Miami, Florida, United States",Travel Agencies & Services,commercial,63,18,300,25.78077,-80.17699,United States,,,,synthetic_locations
Cltangelfund,cltangelfund,cltangelfund-01,Head Office,Texas,"Head office, Houston, Texas, United States","Hospital,Medical Device,Therapeutics,Health Diagnostics",commercial,83,16,110,29.7704,-95.34534,United States,Greg Brown,Founder & Administrator,gbrown@cltangelfund.com,synthetic_locations
Cltangelfund,cltangelfund,cltangelfund-02,Branch,Florida,"Branch office, Miami, Florida, United States","Hospital,Medical Device,Therapeutics,Health Diagnostics",commercial,65,19,210,25.73847,-80.20506,United States,,,,synthetic_locations
Cltangelfund,cltangelfund,cltangelfund-03,Branch,Arizona,"Branch office, Phoenix, Arizona, United States","Hospital,Medical Device,Therapeutics,Health Diagnostics",commercial,42,16,210,33.46706,-112.08863,United States,,,,synthetic_locations
Cltangelfund,cltangelfund,cltangelfund-04,Branch,New York,"Branch office, New York, New York, United States","Hospital,Medical Device,Therapeutics,Health Diagnostics",commercial,71,10,200,40.71619,-74.02912,United States,,,,synthetic_locations
Svhealthinvestors,svhealthinvestors,svhealthinvestors-01,Head Office,Northern Ireland,"Head office, Belfast, Northern Ireland, United Kingdom","Medical Device,Therapeutics",commercial,72,26,130,54.56754,-5.9151,United Kingdom,Gregory Madden,Chairman And Director At Wisconsin Center For,gmadden@svhealthinvestors.com,synthetic_locations
Svhealthinvestors,svhealthinvestors,svhealthinvestors-02,Branch,Wales,"Branch office, Cardiff, Wales, United Kingdom","Medical Device,Therapeutics",commercial,42,10,290,51.49494,-3.16957,United Kingdom,,,,synthetic_locations
Svhealthinvestors,svhealthinvestors,svhealthinvestors-03,Branch,England,"Branch office, London, England, United Kingdom","Medical Device,Therapeutics",commercial,59,12,300,51.49711,-0.11818,United Kingdom,,,,synthetic_locations
Sysco,sysco,sysco-01,Head Office,Colorado,"Head office, Denver, Colorado, United States","Gas Stations, Convenience & Liquor Stores",commercial,75,14,110,39.76644,-105.00441,United States,Guasti Lisa,Business Review Manager,guasti.lisa@sd.sysco.com,synthetic_locations
Sysco,sysco,sysco-02,Branch,Texas,"Branch office, Houston, Texas, United States","Gas Stations, Convenience & Liquor Stores",commercial,49,13,240,29.75274,-95.34287,United States,,,,synthetic_locations
Nextivityinc,nextivityinc,nextivityinc-01,Head Office,Texas,"Head office, Houston, Texas, United States",Computer Networking Equipment,commercial,46,10,300,29.7813,-95.37478,United States,Hayem Fred,Director Of Asic Engineering,fhayem@nextivityinc.com,synthetic_locations
Nextivityinc,nextivityinc,nextivityinc-02,Branch,Massachusetts,"Branch office, Boston, Massachusetts, United States",Computer Networking Equipment,commercial,75,16,350,42.36175,-71.04344,United States,,,,synthetic_locations
Natalierolt,natalierolt,natalierolt-01,Head Office,Queensland,"Head office, Brisbane, Queensland, Australia",Clothing Manufacturing,industrial,90,3,300,-27.45731,153.03839,Australia,Hayley Trewhella,Finance And Hr Manager,hayley@natalierolt.com,synthetic_locations
Natalierolt,natalierolt,natalierolt-02,Branch,Victoria,"Branch office, Melbourne, Victoria, Australia",Clothing Manufacturing,industrial,72,4,680,-37.83904,144.98498,Australia,,,,synthetic_locations
Natalierolt,natalierolt,natalierolt-03,Branch,South Australia,"Branch office, Adelaide, South Australia, Australia",Clothing Manufacturing,residential,4,52,780,-34.9347,138.61293,Australia,,,,synthetic_locations
Bridgeroadflorist,bridgeroadflorist,bridgeroadflorist-01,Head Office,Queensland,"Head office, Brisbane, Queensland, Australia",Flower Retailing,commercial,52,18,320,-27.48549,153.01786,Australia,Hedir Haron,Florist,hedir@bridgeroadflorist.com.au,synthetic_locations
Bridgeroadflorist,bridgeroadflorist,bridgeroadflorist-02,Branch,South Australia,"Branch office, Adelaide, South Australia, Australia",Flower Retailing,commercial,84,20,300,-34.90717,138.61749,Australia,,,,synthetic_locations
Digitalaerial,digitalaerial,digitalaerial-01,Head Office,Colorado,"Head office, Denver, Colorado, United States",Unknown,commercial,73,20,270,39.75188,-104.9612,United States,Helton Joshua,Vice President And Assistant General Manager,jhelton@digitalaerial.com,synthetic_locations
Digitalaerial,digitalaerial,digitalaerial-02,Branch,Georgia,"Branch office, Atlanta, Georgia, United States",Unknown,commercial,75,10,100,33.75435,-84.40861,United States,,,,synthetic_locations
Digitalaerial,digitalaerial,digitalaerial-03,Branch,New York,"Branch office, New York, New York, United States",Unknown,commercial,71,24,290,40.73821,-74.01966,United States,,,,synthetic_locations
Goldcoastcoaches,goldcoastcoaches,goldcoastcoaches-01,Head Office,South Australia,"Head office, Adelaide, South Australia, Australia",Interurban And Rural Bus Transport,industrial,71,5,380,-34.92188,138.62391,Australia,Henry Stephens,Rate Card Operations,henry@goldcoastcoaches.com.au,synthetic_locations
Goldcoastcoaches,goldcoastcoaches,goldcoastcoaches-02,Branch,Queensland,"Branch office, Brisbane, Queensland, Australia",Interurban And Rural Bus Transport,industrial,78,1,590,-27.45058,152.99979,Australia,,,,synthetic_locations
Goldcoastcoaches,goldcoastcoaches,goldcoastcoaches-03,Branch,Australian Capital Territory,"Branch office, Canberra, Australian Capital Territory, Australia",Interurban And Rural Bus Transport,industrial,66,4,580,-35.2675,149.1145,Australia,,,,synthetic_locations
Goldcoastcoaches,goldcoastcoaches,goldcoastcoaches-04,Branch,Tasmania,"Branch office, Hobart, Tasmania, Australia",Interurban And Rural Bus Transport,industrial,59,2,790,-42.90499,147.35631,Australia,,,,synthetic_locations
Lyophilization,lyophilization,lyophilization-01,Head Office,Arizona,"Head office, Phoenix, Arizona, United States",Drug Manufacturing & Research,industrial,69,6,420,33.43914,-112.0973,United States,Higgins Jessica,"Director, Quality",jhiggins@lyophilization.com,synthetic_locations
Lyophilization,lyophilization,lyophilization-02,Branch,New York,"Branch office, New York, New York, United States",Drug Manufacturing & Research,industrial,62,6,720,40.72577,-74.00104,United States,,,,synthetic_locations
Lyophilization,lyophilization,lyophilization-03,Branch,Texas,"Branch office, Houston, Texas, United States",Drug Manufacturing & Research,industrial,90,4,610,29.77986,-95.37798,United States,,,,synthetic_locations
Lyophilization,lyophilization,lyophilization-04,Branch,California,"Branch office, Los Angeles, California, United States",Drug Manufacturing & Research,industrial,76,2,310,34.02458,-118.24693,United States,,,,synthetic_locations
Sgst,sgst,sgst-01,Head Office,South Australia,"Head office, Adelaide, South Australia, Australia",Newspaper Publishing,commercial,49,30,290,-34.94559,138.60968,Australia,Holly Mcmaster,"Manager, Advertising",holly@sgst.com.au,synthetic_locations
Sgst,sgst,sgst-02,Branch,New South Wales,"Branch office, Sydney, New South Wales, Australia",Newspaper Publishing,commercial,82,16,390,-33.84178,151.22909,Australia,,,,synthetic_locations
Sgst,sgst,sgst-03,Branch,Victoria,"Branch office, Melbourne, Victoria, Australia",Newspaper Publishing,commercial,81,27,250,-37.82956,144.96041,Australia,,,,synthetic_locations
Stampington,stampington,stampington-01,Head Office,Georgia,"Head office, Atlanta, Georgia, United States",Newspapers & News Services,commercial,67,15,180,33.76583,-84.40969,United States,Horan Shawna,Art Management Coordinator,shoran@stampington.com,synthetic_locations
Stampington,stampington,stampington-02,Branch,Colorado,"Branch office, Denver, Colorado, United States",Newspapers & News Services,commercial,62,16,350,39.71983,-104.9737,United States,,,,synthetic_locations
Stampington,stampington,stampington-03,Branch,Florida,"Branch office, Miami, Florida, United States",Newspapers & News Services,commercial,46,28,130,25.77168,-80.17623,United States,,,,synthetic_locations
Stampington,stampington,stampington-04,Branch,Washington,"Branch office, Seattle, Washington, United States",Newspapers & News Services,commercial,55,30,250,47.6122,-122.32695,United States,,,,synthetic_locations
Liontree,liontree,liontree-01,Head Office,Illinois,"Head office, Chicago, Illinois, United States","Robotics,Genetics",commercial,68,10,130,41.85257,-87.6374,United States,Howard Han,"Head, Principal Investments And Merchant Banking",hhan@liontree.com,synthetic_locations
Liontree,liontree,liontree-02,Branch,New York,"Branch office, New York, New York, United States","Robotics,Genetics",commercial,56,18,300,40.71668,-73.97845,United States,,,,synthetic_locations
Liontree,liontree,liontree-03,Branch,Texas,"Branch office, Houston, Texas, United States","Robotics,Genetics",residential,7,50,920,29.7601,-95.37958,United States,,,,synthetic_locations
Bcp,bcp,bcp-01,Head Office,Australian Capital Territory,"Head office, Canberra, Australian Capital Territory, Australia",Concrete Product Manufacturing,industrial,59,4,350,-35.30072,149.13783,Australia,Hunter Dowling,Sales And Logistics,hunterd@bcp.com.au,synthetic_locations
Bcp,bcp,bcp-02,Branch,Tasmania,"Branch office, Hobart, Tasmania, Australia",Concrete Product Manufacturing,industrial,86,6,630,-42.86586,147.31502,Australia,,,,synthetic_locations
Nationalww2Museum,nationalww2museum,nationalww2museum-01,Head Office,Washington,"Head office, Seattle, Washington, United States",Museums & Institutions,commercial,68,8,310,47.63107,-122.35251,United States,Ingrid Troxler,Director Of Events Sales At The National Wwii Museum,ingrid.troxler@nationalww2museum.org,synthetic_locations
Nationalww2Museum,nationalww2museum,nationalww2museum-02,Branch,Arizona,"Branch office, Phoenix, Arizona, United States",Museums & Institutions,commercial,50,9,330,33.42912,-112.06427,United States,,,,synthetic_locations
Nationalww2Museum,nationalww2museum,nationalww2museum-03,Branch,Georgia,"Branch office, Atlanta, Georgia, United States",Museums & Institutions,commercial,66,29,150,33.73683,-84.40262,United States,,,,synthetic_locations
Innbythesea,innbythesea,innbythesea-01,Head Office,New York,"Head office, New York, New York, United States",Unknown,residential,7,40,780,40.70915,-73.98135,United States,Inness Laurie,Event And Meetings Manager,linness@innbythesea.com,synthetic_locations
Innbythesea,innbythesea,innbythesea-02,Branch,Georgia,"Branch office, Atlanta, Georgia, United States",Unknown,commercial,84,18,230,33.72249,-84.40226,United States,,,,synthetic_locations
Innbythesea,innbythesea,innbythesea-03,Branch,Florida,"Branch office, Miami, Florida, United States",Unknown,commercial,42,29,390,25.77103,-80.17394,United States,,,,synthetic_locations
Lincolnsentry,lincolnsentry,lincolnsentry-01,Head Office,Queensland,"Head office, Brisbane, Queensland, Australia",Fruit And Vegetable Processing,commercial,51,22,250,-27.47389,153.04458,Australia,Ivor Timmins,"General Manager, Sentry (Lincoln)",ivor.timmins@lincolnsentry.com.au,synthetic_locations
Lincolnsentry,lincolnsentry,lincolnsentry-02,Branch,Tasmania,"Branch office, Hobart, Tasmania, Australia",Fruit And Vegetable Processing,commercial,43,6,250,-42.86162,147.31862,Australia,,,,synthetic_locations
Lincolnsentry,lincolnsentry,lincolnsentry-03,Branch,Victoria,"Branch office, Melbourne, Victoria, Australia",Fruit And Vegetable Processing,commercial,85,29,160,-37.81198,144.93545,Australia,,,,synthetic_locations
Lincolnsentry,lincolnsentry,lincolnsentry-04,Branch,Western Australia,"Branch office, Perth, Western Australia, Australia",Fruit And Vegetable Processing,commercial,78,11,390,-31.92306,115.83816,Australia,,,,synthetic_locations
8Vc,8vc,8vc-01,Head Office,Illinois,"Head office, Chicago, Illinois, United States","Biometrics,Clinical Trials,Medical Device,Therapeutics,Wellness,Health Diagnostics,Home Health Care,Bioinformatics,Genetics,Personal Health,Robotics,Biopharma",commercial,79,12,220,41.89736,-87.64809,United States,Jack Moshkovich,"Private Equity, Lexington Partners",jack@8vc.com,synthetic_locations
8Vc,8vc,8vc-02,Branch,Washington,"Branch office, Seattle, Washington, United States","Biometrics,Clinical Trials,Medical Device,Therapeutics,Wellness,Health Diagnostics,Home Health Care,Bioinformatics,Genetics,Personal Health,Robotics,Biopharma",commercial,68,13,240,47.60919,-122.31865,United States,,,,synthetic_locations
8Vc,8vc,8vc-03,Branch,Massachusetts,"Branch office, Boston, Massachusetts, United States","Biometrics,Clinical Trials,Medical Device,Therapeutics,Wellness,Health Diagnostics,Home Health Care,Bioinformatics,Genetics,Personal Health,Robotics,Biopharma",commercial,76,26,100,42.38061,-71.05408,United States,,,,synthetic_locations
Multirig,multirig,multirig-01,Head Office,New South Wales,"Head office, Sydney, New South Wales, Australia",Structural Steel Erection Services,commercial,47,23,330,-33.86947,151.21729,Australia,Jack Riley,Boilermaker / Rigger,info@multirig.com.au,synthetic_locations
Multirig,multirig,multirig-02,Branch,Western Australia,"Branch office, Perth, Western Australia, Australia",Structural Steel Erection Services,commercial,49,22,160,-31.93905,115.87777,Australia,,,,synthetic_locations
Multirig,multirig,multirig-03,Branch,Queensland,"Branch office, Brisbane, Queensland, Australia",Structural Steel Erection Services,commercial,40,16,300,-27.46705,152.99786,Australia,,,,synthetic_locations
Multirig,multirig,multirig-04,Branch,South Australia,"Branch office, Adelaide, South Australia, Australia",Structural Steel Erection Services,commercial,85,16,200,-34.93187,138.6254,Australia,,,,synthetic_locations
Unlisted company (Jack Schiller),creswickcreativeweb@gmail.com,creswickcreativeweb@gmail.com-01,Head Office,Australian Capital Territory,"Head office, Canberra, Australian Capital Territory, Australia",Motion Picture And Video Production,residential,3,55,670,-35.25117,149.12045,Australia,Jack Schiller,Video Editor And Motion Graphics Designer,creswickCreativeweb@gmail.com,synthetic_locations
Unlisted company (Jack Schiller),creswickcreativeweb@gmail.com,creswickcreativeweb@gmail.com-02,Branch,South Australia,"Branch office, Adelaide, South Australia, Australia",Motion Picture And Video Production,commercial,55,23,150,-34.91076,138.62963,Australia,,,,synthetic_locations
Unlisted company (Jack Schiller),creswickcreativeweb@gmail.com,creswickcreativeweb@gmail.com-03,Branch,Victoria,"Branch office, Melbourne, Victoria, Australia",Motion Picture And Video Production,commercial,74,26,180,-37.79977,144.94819,Australia,,,,synthetic_locations
Bayer,bayer,bayer-01,Head Office,Texas,"Head office, Houston, Texas, United States","Alternative Medicine,Therapeutics,Bioinformatics,Clinical Trials",commercial,67,5,180,29.75776,-95.39894,United States,Jak Knowles,"Vice President, Venture Investments",jak.knowles@bayer.com,synthetic_locations
Bayer,bayer,bayer-02,Branch,Illinois,"Branch office, Chicago, Illinois, United States","Alternative Medicine,Therapeutics,Bioinformatics,Clinical Trials",commercial,43,10,390,41.89512,-87.62241,United States,,,,synthetic_locations
Bayer,bayer,bayer-03,Branch,New York,"Branch office, New York, New York, United States","Alternative Medicine,Therapeutics,Bioinformatics,Clinical Trials",commercial,62,12,340,40.7079,-73.99719,United States,,,,synthetic_locations
Bayer,bayer,bayer-04,Branch,Colorado,"Branch office, Denver, Colorado, United States","Alternative Medicine,Therapeutics,Bioinformatics,Clinical Trials",commercial,65,24,150,39.7136,-104.98901,United States,,,,synthetic_locations
Ventureinvestors,ventureinvestors,ventureinvestors-01,Head Office,Colorado,"Head office, Denver, Colorado, United States","Hospital,Medical Device,Health Diagnostics",commercial,82,10,320,39.72351,-104.9628,United States,James Adox,Founding Partner Of Leading Venture Capital Firms Draper Associates And Dfj.,jim@ventureinvestors.com,synthetic_locations
Ventureinvestors,ventureinvestors,ventureinvestors-02,Branch,Arizona,"Branch office, Phoenix, Arizona, United States","Hospital,Medical Device,Health Diagnostics",commercial,42,20,310,33.42299,-112.08337,United States,,,,synthetic_locations
Ventureinvestors,ventureinvestors,ventureinvestors-03,Branch,Florida,"Branch office, Miami, Florida, United States","Hospital,Medical Device,Health Diagnostics",commercial,43,14,350,25.77271,-80.18816,United States,,,,synthetic_locations
Centuryrain,centuryrain,centuryrain-01,Head Office,New South Wales,"Head office, Sydney, New South Wales, Australia",Water Supply,industrial,62,1,620,-33.84226,151.20515,Australia,James Sedgwick,Irrigation Contractor,james@centuryrain.com.au,synthetic_locations
Centuryrain,centuryrain,centuryrain-02,Branch,Queensland,"Branch office, Brisbane, Queensland, Australia",Water Supply,industrial,60,6,440,-27.45815,153.00284,Australia,,,,synthetic_locations
Centuryrain,centuryrain,centuryrain-03,Branch,Victoria,"Branch office, Melbourne, Victoria, Australia",Water Supply,industrial,89,6,690,-37.83104,144.95566,Australia,,,,synthetic_locations
Centuryrain,centuryrain,centuryrain-04,Branch,South Australia,"Branch office, Adelaide, South Australia, Australia",Water Supply,industrial,75,5,370,-34.92616,138.62244,Australia,,,,synthetic_locations
Microsoft,microsoft,microsoft-01,Head Office,Massachusetts,"Head office, Boston, Massachusetts, United States","Natural Language Processing,Robotics,Bioinformatics,Genetics",commercial,81,17,310,42.34896,-71.07098,United States,James Whittaker,Dintinguished Engineer And Technical Evangelist,jamesw@microsoft.com,synthetic_locations
Microsoft,microsoft,microsoft-02,Branch,New York,"Branch office, New York, New York, United States","Natural Language Processing,Robotics,Bioinformatics,Genetics",commercial,57,27,120,40.72408,-74.00092,United States,,,,synthetic_locations
Microsoft,microsoft,microsoft-03,Branch,California,"Branch office, Los Angeles, California, United States","Natural Language Processing,Robotics,Bioinformatics,Genetics",commercial,79,19,140,34.06479,-118.24018,United States,,,,synthetic_locations
Microsoft,microsoft,microsoft-04,Branch,Georgia,"Branch office, Atlanta, Georgia, United States","Natural Language Processing,Robotics,Bioinformatics,Genetics",commercial,64,30,320,33.74616,-84.38955,United States,,,,synthetic_locations
Ctventures,ctventures,ctventures-01,Head Office,Illinois,"Head office, Chicago, Illinois, United States","Medical Device,Therapeutics,Health Diagnostics",commercial,58,23,290,41.89523,-87.61095,United States,Jamie Kim,General Partner / Director En Inveready,jamiekim@ctventures.com,synthetic_locations
Ctventures,ctventures,ctventures-02,Branch,Florida,"Branch office, Miami, Florida, United States","Medical Device,Therapeutics,Health Diagnostics",commercial,78,7,260,25.73969,-80.16383,United States,,,,synthetic_locations
Longwallventures,longwallventures,longwallventures-01,Head Office,Wales,"Head office, Cardiff, Wales, United Kingdom","Health Diagnostics,Medical Device,Therapeutics,Biopharma",commercial,71,22,290,51.46312,-3.18627,United Kingdom,Jane Burgoyne,"General Partner, Orbimed Advisors",jane@longwallventures.com,synthetic_locations
Longwallventures,longwallventures,longwallventures-02,Branch,England,"Branch office, London, England, United Kingdom","Health Diagnostics,Medical Device,Therapeutics,Biopharma",commercial,52,19,200,51.48942,-0.15386,United Kingdom,,,,synthetic_locations
Longwallventures,longwallventures,longwallventures-03,Branch,Northern Ireland,"Branch office, Belfast, Northern Ireland, United Kingdom","Health Diagnostics,Medical Device,Therapeutics,Biopharma",commercial,44,13,390,54.57384,-5.91268,United Kingdom,,,,synthetic_locations
Longwallventures,longwallventures,longwallventures-04,Branch,Scotland,"Branch office, Edinburgh, Scotland, United Kingdom","Health Diagnostics,Medical Device,Therapeutics,Biopharma",commercial,56,10,100,55.96406,-3.20796,United Kingdom,,,,synthetic_locations
Pangaeaventures,pangaeaventures,pangaeaventures-01,Head Office,Quebec,"Head office, Montreal, Quebec, Canada","Health Diagnostics,Medical Device,Human Computer Interaction",commercial,49,8,150,45.52792,-73.54669,Canada,Janelle Goulard,Director Of Health Investment,janelle@pangaeaventures.com,synthetic_locations
Pangaeaventures,pangaeaventures,pangaeaventures-02,Branch,Nova Scotia,"Branch office, Halifax, Nova Scotia, Canada","Health Diagnostics,Medical Device,Human Computer Interaction",commercial,75,18,200,44.67242,-63.54668,Canada,,,,synthetic_locations
Pangaeaventures,pangaeaventures,pangaeaventures-03,Branch,British Columbia,"Branch office, Vancouver, British Columbia, Canada","Health Diagnostics,Medical Device,Human Computer Interaction",commercial,76,22,290,49.29719,-123.09221,Canada,,,,synthetic_locations
Pangaeaventures,pangaeaventures,pangaeaventures-04,Branch,Ontario,"Branch office, Toronto, Ontario, Canada","Health Diagnostics,Medical Device,Human Computer Interaction",commercial,62,18,260,43.65566,-79.41142,Canada,,,,synthetic_locations
Schulzswm,schulzswm,schulzswm-01,Head Office,South Australia,"Head office, Adelaide, South Australia, Australia","Meat, Poultry And Smallgoods Wholesaling",commercial,80,30,210,-34.93877,138.58164,Australia,Jason Ball,General Manager Quality Assurance And Export Markets,info@schulzswm.com.au,synthetic_locations
Schulzswm,schulzswm,schulzswm-02,Branch,Queensland,"Branch office, Brisbane, Queensland, Australia","Meat, Poultry And Smallgoods Wholesaling",commercial,49,18,320,-27.49828,153.00517,Australia,,,,synthetic_locations
Schulzswm,schulzswm,schulzswm-03,Branch,Tasmania,"Branch office, Hobart, Tasmania, Australia","Meat, Poultry And Smallgoods Wholesaling",commercial,41,27,250,-42.8853,147.3463,Australia,,,,synthetic_locations
Unilever,unilever,unilever-01,Head Office,Northern Ireland,"Head office, Belfast, Northern Ireland, United Kingdom","Biopharma,Personal Health,Wellness",commercial,43,17,340,54.5702,-5.90757,United Kingdom,Jay Miranda,Health Tech Investor,jay.miranda@unilever.com,synthetic_locations
Unilever,unilever,unilever-02,Branch,Wales,"Branch office, Cardiff, Wales, United Kingdom","Biopharma,Personal Health,Wellness",commercial,46,9,210,51.49485,-3.20445,United Kingdom,,,,synthetic_locations
Osf,osf,osf-01,Head Office,Arizona,"Head office, Phoenix, Arizona, United States","Robotics,Therapeutics,Biopharma,Health Diagnostics,Medical Device,Genetics,Bioinformatics",commercial,42,10,270,33.42236,-112.09062,United States,Jeffrey Klunzinger,Healthcare Investment Banking Deutsche Bank,jeff@osf.co,synthetic_locations
Osf,osf,osf-02,Branch,New York,"Branch office, New York, New York, United States","Robotics,Therapeutics,Biopharma,Health Diagnostics,Medical Device,Genetics,Bioinformatics",commercial,80,16,290,40.73688,-73.98471,United States,,,,synthetic_locations
Osf,osf,osf-03,Branch,Massachusetts,"Branch office, Boston, Massachusetts, United States","Robotics,Therapeutics,Biopharma,Health Diagnostics,Medical Device,Genetics,Bioinformatics",commercial,65,26,190,42.34334,-71.04396,United States,,,,synthetic_locations
Airanimal,airanimal,airanimal-01,Head Office,Texas,"Head office, Houston, Texas, United States",Unknown,commercial,51,14,280,29.73815,-95.36595,United States,Jenns Cathy,Usa Move Manager,cathy.jenns@airanimal.com,synthetic_locations
Airanimal,airanimal,airanimal-02,Branch,Florida,"Branch office, Miami, Florida, United States",Unknown,commercial,46,19,200,25.74924,-80.1659,United States,,,,synthetic_locations
Airanimal,airanimal,airanimal-03,Branch,Illinois,"Branch office, Chicago, Illinois, United States",Unknown,commercial,57,24,300,41.87397,-87.61868,United States,,,,synthetic_locations
Airanimal,airanimal,airanimal-04,Branch,Georgia,"Branch office, Atlanta, Georgia, United States",Unknown,commercial,53,6,310,33.72905,-84.36849,United States,,,,synthetic_locations
Carraramarkets,carraramarkets,carraramarkets-01,Head Office,New South Wales,"Head office, Sydney, New South Wales, Australia",Non-Store Retailing,commercial,56,14,320,-33.86916,151.22384,Australia,Jenny Potter,Conveyancing Department,info@carraramarkets.com.au,synthetic_locations
Carraramarkets,carraramarkets,carraramarkets-02,Branch,Victoria,"Branch office, Melbourne, Victoria, Australia",Non-Store Retailing,commercial,59,7,210,-37.81557,144.93622,Australia,,,,synthetic_locations
Carraramarkets,carraramarkets,carraramarkets-03,Branch,South Australia,"Branch office, Adelaide, South Australia, Australia",Non-Store Retailing,residential,11,36,810,-34.93115,138.59912,Australia,,,,synthetic_locations
Theflyshop,theflyshop,theflyshop-01,Head Office,Colorado,"Head office, Denver, Colorado, United States",Sporting & Recreational Equipment,commercial,44,15,170,39.70921,-105.01111,United States,Jepsen Terry,Human Resources Manager And Web Administrator,terry@theflyshop.com,synthetic_locations
Theflyshop,theflyshop,theflyshop-02,Branch,Texas,"Branch office, Houston, Texas, United States",Sporting & Recreational Equipment,commercial,79,5,300,29.78641,-95.34801,United States,,,,synthetic_locations
Theflyshop,theflyshop,theflyshop-03,Branch,Georgia,"Branch office, Atlanta, Georgia, United States",Sporting & Recreational Equipment,commercial,83,16,170,33.77126,-84.39866,United States,,,,synthetic_locations
Theflyshop,theflyshop,theflyshop-04,Branch,Massachusetts,"Branch office, Boston, Massachusetts, United States",Sporting & Recreational Equipment,commercial,74,20,260,42.37029,-71.03967,United States,,,,synthetic_locations
Irvinginvestors,irvinginvestors,irvinginvestors-01,Head Office,California,"Head office, Los Angeles, California, United States","Medical Device,Therapeutics,Wellness",commercial,80,14,160,34.07991,-118.22418,United States,Jeremy Abelson,Co-Founder / Principal,jabelson@irvinginvestors.com,synthetic_locations
Irvinginvestors,irvinginvestors,irvinginvestors-02,Branch,Massachusetts,"Branch office, Boston, Massachusetts, United States","Medical Device,Therapeutics,Wellness",commercial,69,26,260,42.34081,-71.05945,United States,,,,synthetic_locations
Actionsheds,actionsheds,actionsheds-01,Head Office,New South Wales,"Head office, Sydney, New South Wales, Australia",Prefabricated Metal Building Manufacturing,industrial,90,3,700,-33.87671,151.18099,Australia,Jeremy Douglas,Shed Design,sales@actionsheds.com.au,synthetic_locations
Actionsheds,actionsheds,actionsheds-02,Branch,Western Australia,"Branch office, Perth, Western Australia, Australia",Prefabricated Metal Building Manufacturing,industrial,78,5,740,-31.9424,115.83304,Australia,,,,synthetic_locations
Accel,accel,accel-01,Head Office,Massachusetts,"Head office, Boston, Massachusetts, United States","Wellness,Emergency Medicine,Medical Device,Alternative Medicine,Hospital,Health Diagnostics,Home Health Care,Robotics,Therapeutics",commercial,60,7,360,42.36564,-71.03341,United States,Jim Payne,Entrepreneur In Residence,jpayne@accel.com,synthetic_locations
Accel,accel,accel-02,Branch,Washington,"Branch office, Seattle, Washington, United States","Wellness,Emergency Medicine,Medical Device,Alternative Medicine,Hospital,Health Diagnostics,Home Health Care,Robotics,Therapeutics",commercial,62,26,120,47.60425,-122.31111,United States,,,,synthetic_locations
Accel,accel,accel-03,Branch,Arizona,"Branch office, Phoenix, Arizona, United States","Wellness,Emergency Medicine,Medical Device,Alternative Medicine,Hospital,Health Diagnostics,Home Health Care,Robotics,Therapeutics",commercial,71,27,400,33.43535,-112.10344,United States,,,,synthetic_locations
Accel,accel,accel-04,Branch,New York,"Branch office, New York, New York, United States","Wellness,Emergency Medicine,Medical Device,Alternative Medicine,Hospital,Health Diagnostics,Home Health Care,Robotics,Therapeutics",commercial,69,10,310,40.70712,-73.97933,United States,,,,synthetic_locations
Investmichigan,investmichigan,investmichigan-01,Head Office,Massachusetts,"Head office, Boston, Massachusetts, United States","Wellness,Therapeutics,Medical Device",commercial,56,26,310,42.33146,-71.08462,United States,Jim Tenzillo,Indian Angel Network,jim@investmichigan.org,synthetic_locations
Investmichigan,investmichigan,investmichigan-02,Branch,Georgia,"Branch office, Atlanta, Georgia, United States","Wellness,Therapeutics,Medical Device",commercial,52,16,310,33.74262,-84.36773,United States,,,,synthetic_locations
Investmichigan,investmichigan,investmichigan-03,Branch,Arizona,"Branch office, Phoenix, Arizona, United States","Wellness,Therapeutics,Medical Device",commercial,71,5,290,33.4324,-112.04752,United States,,,,synthetic_locations
Rscentre,rscentre,rscentre-01,Head Office,Queensland,"Head office, Brisbane, Queensland, Australia",Sheet Metal Product Manufacturing (Except Metal Structural And Container),industrial,73,1,660,-27.46579,153.05409,Australia,Jocelyn Edmonds,"Manager, Finance & Office",sales@RSCentre.com.au,synthetic_locations
Rscentre,rscentre,rscentre-02,Branch,Victoria,"Branch office, Melbourne, Victoria, Australia",Sheet Metal Product Manufacturing (Except Metal Structural And Container),industrial,72,2,550,-37.80526,144.94752,Australia,,,,synthetic_locations
Serviceprovidercapital,serviceprovidercapital,serviceprovidercapital-01,Head Office,Illinois,"Head office, Chicago, Illinois, United States","Natural Language Processing,Hospital,Clinical Trials,Health Diagnostics,Cannabis,Wellness",commercial,58,9,250,41.87877,-87.62578,United States,Jody Shepherd,Investment Associate At Fuel Ventures / Venture Capital Fund,jody@serviceprovidercapital.com,synthetic_locations
Serviceprovidercapital,serviceprovidercapital,serviceprovidercapital-02,Branch,Washington,"Branch office, Seattle, Washington, United States","Natural Language Processing,Hospital,Clinical Trials,Health Diagnostics,Cannabis,Wellness",commercial,69,24,280,47.63418,-122.35643,United States,,,,synthetic_locations
Serviceprovidercapital,serviceprovidercapital,serviceprovidercapital-03,Branch,Texas,"Branch office, Houston, Texas, United States","Natural Language Processing,Hospital,Clinical Trials,Health Diagnostics,Cannabis,Wellness",commercial,83,24,270,29.74225,-95.38065,United States,,,,synthetic_locations
Serviceprovidercapital,serviceprovidercapital,serviceprovidercapital-04,Branch,Massachusetts,"Branch office, Boston, Massachusetts, United States","Natural Language Processing,Hospital,Clinical Trials,Health Diagnostics,Cannabis,Wellness",commercial,82,21,320,42.3874,-71.03572,United States,,,,synthetic_locations
Usv,usv,usv-01,Head Office,Texas,"Head office, Houston, Texas, United States","Personal Health,Wellness",commercial,63,26,280,29.76643,-95.39356,United States,John Buttrick,Partner And General Partner,john@usv.com,synthetic_locations
Usv,usv,usv-02,Branch,Florida,"Branch office, Miami, Florida, United States","Personal Health,Wellness",commercial,77,26,270,25.74416,-80.20765,United States,,,,synthetic_locations
Usv,usv,usv-03,Branch,California,"Branch office, Los Angeles, California, United States","Personal Health,Wellness",commercial,55,13,210,34.0745,-118.23214,United States,,,,synthetic_locations
Usv,usv,usv-04,Branch,Washington,"Branch office, Seattle, Washington, United States","Personal Health,Wellness",commercial,73,30,310,47.60042,-122.32551,United States,,,,synthetic_locations
Omt,omt,omt-01,Head Office,South Australia,"Head office, Adelaide, South Australia, Australia","Pulp, Paper And Paperboard Manufacturing",industrial,89,1,370,-34.90446,138.60719,Australia,John Cox,Technical And Print Mgr,coxc@omt.com.au,synthetic_locations
Omt,omt,omt-02,Branch,New South Wales,"Branch office, Sydney, New South Wales, Australia","Pulp, Paper And Paperboard Manufacturing",industrial,57,2,730,-33.86969,151.19337,Australia,,,,synthetic_locations
Omt,omt,omt-03,Branch,Victoria,"Branch office, Melbourne, Victoria, Australia","Pulp, Paper And Paperboard Manufacturing",industrial,88,1,620,-37.84058,144.95384,Australia,,,,synthetic_locations
Omt,omt,omt-04,Branch,Tasmania,"Branch office, Hobart, Tasmania, Australia","Pulp, Paper And Paperboard Manufacturing",industrial,79,1,320,-42.88828,147.31921,Australia,,,,synthetic_locations
Johnmcauley,johnmcauley,johnmcauley-01,Head Office,Victoria,"Head office, Melbourne, Victoria, Australia",Justice,commercial,44,24,340,-37.83,144.98321,Australia,John Mcauley,Position In Architecture,jb@johnmcauley.com.au,synthetic_locations
Johnmcauley,johnmcauley,johnmcauley-02,Branch,Australian Capital Territory,"Branch office, Canberra, Australian Capital Territory, Australia",Justice,commercial,44,17,150,-35.26662,149.10961,Australia,,,,synthetic_locations
Johnmcauley,johnmcauley,johnmcauley-03,Branch,South Australia,"Branch office, Adelaide, South Australia, Australia",Justice,commercial,52,29,100,-34.93389,138.61413,Australia,,,,synthetic_locations
Startrack,startrack,startrack-01,Head Office,South Australia,"Head office, Adelaide, South Australia, Australia",Unknown,commercial,57,12,320,-34.92643,138.6237,Australia,Jones Trent,Syd Bulk Duty Manager,trent.jones@startrack.com.au,synthetic_locations
Startrack,startrack,startrack-02,Branch,Victoria,"Branch office, Melbourne, Victoria, Australia",Unknown,commercial,40,20,230,-37.83249,144.94287,Australia,,,,synthetic_locations
Generalcabinets,generalcabinets,generalcabinets-01,Head Office,Illinois,"Head office, Chicago, Illinois, United States",Unknown,commercial,50,6,110,41.90228,-87.62282,United States,Josephik Donald,"Sales Manager, E-Mail, Sales Department",donnie@generalcabinets.com,synthetic_locations
Generalcabinets,generalcabinets,generalcabinets-02,Branch,Massachusetts,"Branch office, Boston, Massachusetts, United States",Unknown,commercial,69,5,390,42.35927,-71.04665,United States,,,,synthetic_locations
Generalcabinets,generalcabinets,generalcabinets-03,Branch,Washington,"Branch office, Seattle, Washington, United States",Unknown,commercial,45,11,280,47.61838,-122.34848,United States,,,,synthetic_locations
Brisbaneacademyofdance,brisbaneacademyofdance,brisbaneacademyofdance-01,Head Office,Australian Capital Territory,"Head office, Canberra, Australian Capital Territory, Australia",Arts Education,commercial,62,9,330,-35.26255,149.14716,Australia,Joy Kennedy,Assistant To The Principal,joy@brisbaneacademyofdance.com.au,synthetic_locations
Brisbaneacademyofdance,brisbaneacademyofdance,brisbaneacademyofdance-02,Branch,Tasmania,"Branch office, Hobart, Tasmania, Australia",Arts Education,commercial,51,21,320,-42.90665,147.35223,Australia,,,,synthetic_locations
Brisbaneacademyofdance,brisbaneacademyofdance,brisbaneacademyofdance-03,Branch,Queensland,"Branch office, Brisbane, Queensland, Australia",Arts Education,commercial,65,8,190,-27.48441,153.01325,Australia,,,,synthetic_locations
Brisbaneacademyofdance,brisbaneacademyofdance,brisbaneacademyofdance-04,Branch,Victoria,"Branch office, Melbourne, Victoria, Australia",Arts Education,commercial,79,23,180,-37.80285,144.95453,Australia,,,,synthetic_locations
Ploughpenny,ploughpenny,ploughpenny-01,Head Office,Georgia,"Head office, Atlanta, Georgia, United States",Family Office,commercial,43,19,400,33.77642,-84.36044,United States,Judson B. Traphagen,Owner & Partner,jtraphagen@ploughpenny.com,synthetic_locations
Ploughpenny,ploughpenny,ploughpenny-02,Branch,Texas,"Branch office, Houston, Texas, United States",Family Office,commercial,60,14,130,29.78332,-95.35795,United States,,,,synthetic_locations
Ploughpenny,ploughpenny,ploughpenny-03,Branch,Colorado,"Branch office, Denver, Colorado, United States",Family Office,commercial,66,5,230,39.71804,-105.00189,United States,,,,synthetic_locations
Ploughpenny,ploughpenny,ploughpenny-04,Branch,New York,"Branch office, New York, New York, United States",Family Office,commercial,48,24,370,40.71284,-74.01995,United States,,,,synthetic_locations
Hospitalitydirectory,hospitalitydirectory,hospitalitydirectory-01,Head Office,New South Wales,"Head office, Sydney, New South Wales, Australia",Book Publishing,commercial,51,10,390,-33.86926,151.23007,Australia,Judy Hyman,"Group Manager, Production Planning",jhyman@hospitalitydirectory.com.au,synthetic_locations
Hospitalitydirectory,hospitalitydirectory,hospitalitydirectory-02,Branch,Victoria,"Branch office, Melbourne, Victoria, Australia",Book Publishing,residential,7,38,700,-37.83766,144.98945,Australia,,,,synthetic_locations
Hospitalitydirectory,hospitalitydirectory,hospitalitydirectory-03,Branch,Queensland,"Branch office, Brisbane, Queensland, Australia",Book Publishing,commercial,42,22,100,-27.49825,153.04823,Australia,,,,synthetic_locations
Intact,intact,intact-01,Head Office,Quebec,"Head office, Montreal, Quebec, Canada",Robotics,commercial,42,22,200,45.50207,-73.57522,Canada,Justin Smith-Lorenzetti,Mdf Family Partners,justin@intact.ca,synthetic_locations
Intact,intact,intact-02,Branch,Alberta,"Branch office, Calgary, Alberta, Canada",Robotics,commercial,58,28,240,51.03163,-114.08722,Canada,,,,synthetic_locations
Intact,intact,intact-03,Branch,Manitoba,"Branch office, Winnipeg, Manitoba, Canada",Robotics,commercial,58,18,320,49.87103,-97.11726,Canada,,,,synthetic_locations
Intuit,intuit,intuit-01,Head Office,Massachusetts,"Head office, Boston, Massachusetts, United States",Diabetes,commercial,84,15,160,42.38226,-71.03287,United States,Justin Stottlemyer,Director Infrastructure Distinguished Engineer,justin_stottlemyer@intuit.com,synthetic_locations
Intuit,intuit,intuit-02,Branch,Washington,"Branch office, Seattle, Washington, United States",Diabetes,commercial,54,14,390,47.59494,-122.35358,United States,,,,synthetic_locations
Intuit,intuit,intuit-03,Branch,Arizona,"Branch office, Phoenix, Arizona, United States",Diabetes,residential,11,54,860,33.42613,-112.05195,United States,,,,synthetic_locations
Josephbeth,josephbeth,josephbeth-01,Head Office,Texas,"Head office, Houston, Texas, United States",Unknown,commercial,61,11,240,29.75066,-95.39842,United States,Kaeser John,Store Designer And Customer Experience Manager,jkaeser@josephbeth.com,synthetic_locations
Josephbeth,josephbeth,josephbeth-02,Branch,Florida,"Branch office, Miami, Florida, United States",Unknown,commercial,44,5,110,25.74204,-80.18132,United States,,,,synthetic_locations
Crestone,crestone,crestone-01,Head Office,New York,"Head office, New York, New York, United States","Health Diagnostics,Biopharma,Medical Device,Bioinformatics,Genetics,Hospital,Therapeutics,Clinical Trials,Robotics",commercial,49,14,130,40.7076,-74.00252,United States,Kai Schmitz,"Co-Founder, Partner",kai@crestone.vc,synthetic_locations
Crestone,crestone,crestone-02,Branch,Washington,"Branch office, Seattle, Washington, United States","Health Diagnostics,Biopharma,Medical Device,Bioinformatics,Genetics,Hospital,Therapeutics,Clinical Trials,Robotics",commercial,52,21,300,47.57703,-122.30405,United States,,,,synthetic_locations
Merck,merck,merck-01,Head Office,Tasmania,"Head office, Hobart, Tasmania, Australia",Basic Organic Chemical Manufacturing,industrial,80,5,490,-42.86314,147.32473,Australia,Karen Baines,Business Manager - Food,karen.baines@merck.com.au,synthetic_locations
Merck,merck,merck-02,Branch,Victoria,"Branch office, Melbourne, Victoria, Australia",Basic Organic Chemical Manufacturing,industrial,89,6,550,-37.80957,144.95998,Australia,,,,synthetic_locations
Merck,merck,merck-03,Branch,Australian Capital Territory,"Branch office, Canberra, Australian Capital Territory, Australia",Basic Organic Chemical Manufacturing,industrial,57,2,310,-35.30393,149.1517,Australia,,,,synthetic_locations
Totaltoilets,totaltoilets,totaltoilets-01,Head Office,Australian Capital Territory,"Head office, Canberra, Australian Capital Territory, Australia",Rigid And Semi-Rigid Polymer Product Manufacturing,industrial,90,2,380,-35.26692,149.10182,Australia,Karen Gilbert,Engineering Manager / Approving Authority Manager,karen@totaltoilets.com.au,synthetic_locations
Totaltoilets,totaltoilets,totaltoilets-02,Branch,South Australia,"Branch office, Adelaide, South Australia, Australia",Rigid And Semi-Rigid Polymer Product Manufacturing,industrial,90,6,520,-34.94048,138.60463,Australia,,,,synthetic_locations
Routleysbakery,routleysbakery,routleysbakery-01,Head Office,Australian Capital Territory,"Head office, Canberra, Australian Capital Territory, Australia",Bread Manufacturing (Factory Based),industrial,66,6,380,-35.29662,149.13405,Australia,Kate Harriott,Global Development Chef,kate@routleysbakery.com.au,synthetic_locations
Routleysbakery,routleysbakery,routleysbakery-02,Branch,Victoria,"Branch office, Melbourne, Victoria, Australia",Bread Manufacturing (Factory Based),industrial,81,4,560,-37.83888,144.96164,Australia,,,,synthetic_locations
Routleysbakery,routleysbakery,routleysbakery-03,Branch,Tasmania,"Branch office, Hobart, Tasmania, Australia",Bread Manufacturing (Factory Based),industrial,84,1,360,-42.90292,147.35597,Australia,,,,synthetic_locations
Routleysbakery,routleysbakery,routleysbakery-04,Branch,Western Australia,"Branch office, Perth, Western Australia, Australia",Bread Manufacturing (Factory Based),industrial,56,3,750,-31.96035,115.86253,Australia,,,,synthetic_locations
Riversands,riversands,riversands-01,Head Office,New South Wales,"Head office, Sydney, New South Wales, Australia",Concreting Services,commercial,61,18,270,-33.86873,151.19768,Australia,Kellie Peckman,Internal Sales Support Coordinator,kpeckman@riversands.com.au,synthetic_locations
Riversands,riversands,riversands-02,Branch,Australian Capital Territory,"Branch office, Canberra, Australian Capital Territory, Australia",Concreting Services,commercial,77,23,260,-35.25865,149.12957,Australia,,,,synthetic_locations
Tmsomaha,tmsomaha,tmsomaha-01,Head Office,Washington,"Head office, Seattle, Washington, United States","Rental - Other - Furniture, A/V, Construction & Industrial Equipment",industrial,72,4,350,47.58877,-122.31174,United States,Kennedy William,Technical Support And Service Manager,wkennedy@tmsomaha.com,synthetic_locations
Tmsomaha,tmsomaha,tmsomaha-02,Branch,Arizona,"Branch office, Phoenix, Arizona, United States","Rental - Other - Furniture, A/V, Construction & Industrial Equipment",industrial,89,4,510,33.45007,-112.09789,United States,,,,synthetic_locations
Tmsomaha,tmsomaha,tmsomaha-03,Branch,Florida,"Branch office, Miami, Florida, United States","Rental - Other - Furniture, A/V, Construction & Industrial Equipment",industrial,68,5,300,25.73433,-80.17909,United States,,,,synthetic_locations
Tmsomaha,tmsomaha,tmsomaha-04,Branch,California,"Branch office, Los Angeles, California, United States","Rental - Other - Furniture, A/V, Construction & Industrial Equipment",industrial,70,3,390,34.05221,-118.25039,United States,,,,synthetic_locations
Avalon Ventures,avalon-ventures,avalon-ventures-01,Head Office,Florida,"Head office, Miami, Florida, United States","Robotics,Health Diagnostics,Biopharma,Therapeutics,Hospital,Personal Health,Wellness,Medical Device,Clinical Trials,Diabetes,Neuroscience",commercial,66,22,120,25.76094,-80.21533,United States,Kevin Kinsella,"Managing Member, Founder",kevin@avalon-ventures.com,synthetic_locations
Avalon Ventures,avalon-ventures,avalon-ventures-02,Branch,Illinois,"Branch office, Chicago, Illinois, United States","Robotics,Health Diagnostics,Biopharma,Therapeutics,Hospital,Personal Health,Wellness,Medical Device,Clinical Trials,Diabetes,Neuroscience",residential,13,45,870,41.85481,-87.62743,United States,,,,synthetic_locations
Avalon Ventures,avalon-ventures,avalon-ventures-03,Branch,Massachusetts,"Branch office, Boston, Massachusetts, United States","Robotics,Health Diagnostics,Biopharma,Therapeutics,Hospital,Personal Health,Wellness,Medical Device,Clinical Trials,Diabetes,Neuroscience",commercial,42,6,110,42.33093,-71.08808,United States,,,,synthetic_locations
Info4Seniors,info4seniors,info4seniors-01,Head Office,Massachusetts,"Head office, Boston, Massachusetts, United States",Unknown,commercial,48,18,330,42.37903,-71.06697,United States,Khaner Nicole,Projects And Contracts Manager,nkhaner@info4seniors.org,synthetic_locations
Info4Seniors,info4seniors,info4seniors-02,Branch,Washington,"Branch office, Seattle, Washington, United States",Unknown,commercial,76,8,360,47.57765,-122.31642,United States,,,,synthetic_locations
Info4Seniors,info4seniors,info4seniors-03,Branch,Arizona,"Branch office, Phoenix, Arizona, United States",Unknown,commercial,53,19,210,33.42743,-112.05692,United States,,,,synthetic_locations
Benara,benara,benara-01,Head Office,Queensland,"Head office, Brisbane, Queensland, Australia",Other Agricultural Product Wholesaling,commercial,79,21,340,-27.49317,152.99742,Australia,Krystyna Winter,Business Development Manager For Landscape,krystyna@benara.com.au,synthetic_locations
Benara,benara,benara-02,Branch,Australian Capital Territory,"Branch office, Canberra, Australian Capital Territory, Australia",Other Agricultural Product Wholesaling,commercial,68,10,130,-35.25322,149.15988,Australia,,,,synthetic_locations
Splashdevonport,splashdevonport,splashdevonport-01,Head Office,Australian Capital Territory,"Head office, Canberra, Australian Capital Territory, Australia",Amusement Parks And Centres Operation,commercial,70,22,130,-35.2676,149.11863,Australia,Kyle Bawden,Fitness Training Coordinator,kbawden@splashdevonport.com.au,synthetic_locations
Splashdevonport,splashdevonport,splashdevonport-02,Branch,Tasmania,"Branch office, Hobart, Tasmania, Australia",Amusement Parks And Centres Operation,commercial,47,5,370,-42.86752,147.32995,Australia,,,,synthetic_locations
Nandos,nandos,nandos-01,Head Office,New South Wales,"Head office, Sydney, New South Wales, Australia",Takeaway Food Services,commercial,81,30,260,-33.89469,151.18693,Australia,Kyle Neale,Area Mng,kyle.neale@nandos.com.au,synthetic_locations
Nandos,nandos,nandos-02,Branch,Australian Capital Territory,"Branch office, Canberra, Australian Capital Territory, Australia",Takeaway Food Services,commercial,50,16,390,-35.27703,149.10273,Australia,,,,synthetic_locations
Cybermesa,cybermesa,cybermesa-01,Head Office,Arizona,"Head office, Phoenix, Arizona, United States","Internet Service Providers, Website Hosting & Internet-Related Services",commercial,79,9,390,33.42666,-112.07755,United States,Lewis Johnnye,"Director , Community Environmental Health Program",jlewis@cybermesa.com,synthetic_locations
Cybermesa,cybermesa,cybermesa-02,Branch,Texas,"Branch office, Houston, Texas, United States","Internet Service Providers, Website Hosting & Internet-Related Services",commercial,76,14,260,29.76602,-95.34888,United States,,,,synthetic_locations
Cybermesa,cybermesa,cybermesa-03,Branch,Colorado,"Branch office, Denver, Colorado, United States","Internet Service Providers, Website Hosting & Internet-Related Services",commercial,80,18,200,39.71392,-104.97967,United States,,,,synthetic_locations
Popes,popes,popes-01,Head Office,Tasmania,"Head office, Hobart, Tasmania, Australia",Cut And Sewn Textile Product Manufacturing,industrial,56,1,710,-42.8887,147.34575,Australia,Liam Martyn,General Manager Pope Packaging - Flexible Division,liamm@popes.com.au,synthetic_locations
Popes,popes,popes-02,Branch,Australian Capital Territory,"Branch office, Canberra, Australian Capital Territory, Australia",Cut And Sewn Textile Product Manufacturing,industrial,85,1,340,-35.27221,149.13295,Australia,,,,synthetic_locations
Popes,popes,popes-03,Branch,Western Australia,"Branch office, Perth, Western Australia, Australia",Cut And Sewn Textile Product Manufacturing,industrial,63,4,710,-31.9314,115.86578,Australia,,,,synthetic_locations
Popes,popes,popes-04,Branch,New South Wales,"Branch office, Sydney, New South Wales, Australia",Cut And Sewn Textile Product Manufacturing,industrial,84,3,720,-33.84147,151.22955,Australia,,,,synthetic_locations
Armstrongenergy,armstrongenergy,armstrongenergy-01,Head Office,Tasmania,"Head office, Hobart, Tasmania, Australia",Other Polymer Product Manufacturing,industrial,82,1,750,-42.89602,147.33864,Australia,Lisa Branfield,"Manager, Administration & Qa Representative",lisa@armstrongenergy.com.au,synthetic_locations
Armstrongenergy,armstrongenergy,armstrongenergy-02,Branch,Victoria,"Branch office, Melbourne, Victoria, Australia",Other Polymer Product Manufacturing,industrial,57,3,700,-37.81817,144.96648,Australia,,,,synthetic_locations
Tyrenetwork,tyrenetwork,tyrenetwork-01,Head Office,South Australia,"Head office, Adelaide, South Australia, Australia",Tyre Retailing,commercial,70,18,210,-34.94693,138.5989,Australia,Lucas Bray,Warehouse Superviser,sales@tyrenetwork.com.au,synthetic_locations
Tyrenetwork,tyrenetwork,tyrenetwork-02,Branch,Queensland,"Branch office, Brisbane, Queensland, Australia",Tyre Retailing,commercial,52,28,180,-27.48047,152.99765,Australia,,,,synthetic_locations
Tyrenetwork,tyrenetwork,tyrenetwork-03,Branch,New South Wales,"Branch office, Sydney, New South Wales, Australia",Tyre Retailing,commercial,82,7,250,-33.86772,151.17952,Australia,,,,synthetic_locations
Tyrenetwork,tyrenetwork,tyrenetwork-04,Branch,Western Australia,"Branch office, Perth, Western Australia, Australia",Tyre Retailing,commercial,47,30,130,-31.94352,115.87485,Australia,,,,synthetic_locations
Therugcollection,therugcollection,therugcollection-01,Head Office,Tasmania,"Head office, Hobart, Tasmania, Australia",Textile Floor Covering Manufacturing,industrial,67,4,490,-42.85887,147.33366,Australia,Lynda Macdonald,Store Manager & Interior Decorator,sales@therugcollection.com.au,synthetic_locations
Therugcollection,therugcollection,therugcollection-02,Branch,Western Australia,"Branch office, Perth, Western Australia, Australia",Textile Floor Covering Manufacturing,industrial,89,5,460,-31.92703,115.87592,Australia,,,,synthetic_locations
Cooltone,cooltone,cooltone-01,Head Office,Western Australia,"Head office, Perth, Western Australia, Australia",Glass And Glass Product Manufacturing,industrial,62,4,740,-31.9605,115.83913,Australia,Marc Tainton,Installer Offsider,marc.t@cooltone.com.au,synthetic_locations
Cooltone,cooltone,cooltone-02,Branch,Tasmania,"Branch office, Hobart, Tasmania, Australia",Glass And Glass Product Manufacturing,industrial,76,6,740,-42.89213,147.34859,Australia,,,,synthetic_locations
Cooltone,cooltone,cooltone-03,Branch,Australian Capital Territory,"Branch office, Canberra, Australian Capital Territory, Australia",Glass And Glass Product Manufacturing,industrial,64,2,670,-35.27523,149.10891,Australia,,,,synthetic_locations
Cooltone,cooltone,cooltone-04,Branch,South Australia,"Branch office, Adelaide, South Australia, Australia",Glass And Glass Product Manufacturing,industrial,56,2,740,-34.92813,138.6218,Australia,,,,synthetic_locations
Bikesportz,bikesportz,bikesportz-01,Head Office,Victoria,"Head office, Melbourne, Victoria, Australia",Other Transport Equipment Manufacturing N.E.C.,residential,3,46,870,-37.78611,144.98296,Australia,Margot Rupe,"Account Manager, Queensland",mrupe@bikesportz.com.au,synthetic_locations
Bikesportz,bikesportz,bikesportz-02,Branch,New South Wales,"Branch office, Sydney, New South Wales, Australia",Other Transport Equipment Manufacturing N.E.C.,industrial,73,2,650,-33.87548,151.22301,Australia,,,,synthetic_locations
Bikesportz,bikesportz,bikesportz-03,Branch,Australian Capital Territory,"Branch office, Canberra, Australian Capital Territory, Australia",Other Transport Equipment Manufacturing N.E.C.,industrial,58,1,370,-35.26626,149.10088,Australia,,,,synthetic_locations
Graymont,graymont,graymont-01,Head Office,Australian Capital Territory,"Head office, Canberra, Australian Capital Territory, Australia",Cement And Lime Manufacturing,industrial,88,2,310,-35.27148,149.11887,Australia,Marina Mcmillan,Operations Administration Assistant,info@graymont.com,synthetic_locations
Graymont,graymont,graymont-02,Branch,New South Wales,"Branch office, Sydney, New South Wales, Australia",Cement And Lime Manufacturing,industrial,86,5,470,-33.87553,151.21024,Australia,,,,synthetic_locations
Hairhousewarehouse,hairhousewarehouse,hairhousewarehouse-01,Head Office,Western Australia,"Head office, Perth, Western Australia, Australia",Cosmetic And Toiletry Preparation Manufacturing,industrial,56,4,780,-31.96487,115.84496,Australia,Mark Crapper,Asc National Leasing And Recruitment Manager,mark.crapper@hairhousewarehouse.com.au,synthetic_locations
Hairhousewarehouse,hairhousewarehouse,hairhousewarehouse-02,Branch,Victoria,"Branch office, Melbourne, Victoria, Australia",Cosmetic And Toiletry Preparation Manufacturing,industrial,84,3,380,-37.81922,144.95292,Australia,,,,synthetic_locations
Hairhousewarehouse,hairhousewarehouse,hairhousewarehouse-03,Branch,Queensland,"Branch office, Brisbane, Queensland, Australia",Cosmetic And Toiletry Preparation Manufacturing,industrial,55,3,740,-27.46006,153.01326,Australia,,,,synthetic_locations
Hairhousewarehouse,hairhousewarehouse,hairhousewarehouse-04,Branch,Australian Capital Territory,"Branch office, Canberra, Australian Capital Territory, Australia",Cosmetic And Toiletry Preparation Manufacturing,industrial,83,5,660,-35.26681,149.10989,Australia,,,,synthetic_locations
Gaga,gaga,gaga-01,Head Office,New South Wales,"Head office, Sydney, New South Wales, Australia",Music Publishing,commercial,82,13,380,-33.87407,151.19833,Australia,Marni Jenkin,Royalty Manager,marni@gaga.com.au,synthetic_locations
Gaga,gaga,gaga-02,Branch,South Australia,"Branch office, Adelaide, South Australia, Australia",Music Publishing,commercial,71,6,170,-34.91958,138.60733,Australia,,,,synthetic_locations
Gaga,gaga,gaga-03,Branch,Tasmania,"Branch office, Hobart, Tasmania, Australia",Music Publishing,commercial,68,21,330,-42.8693,147.3122,Australia,,,,synthetic_locations
Gaga,gaga,gaga-04,Branch,Victoria,"Branch office, Melbourne, Victoria, Australia",Music Publishing,commercial,46,24,310,-37.80402,144.93982,Australia,,,,synthetic_locations
Eq,eq,eq-01,Head Office,Tasmania,"Head office, Hobart, Tasmania, Australia",Educational Support Services,commercial,54,19,170,-42.88655,147.3537,Australia,Martina Kinsella,Personal Assistant And Administration Officer,martina@southportshs.eq.edu.au,synthetic_locations
Eq,eq,eq-02,Branch,South Australia,"Branch office, Adelaide, South Australia, Australia",Educational Support Services,commercial,56,10,230,-34.93826,138.58332,Australia,,,,synthetic_locations
Eq,eq,eq-03,Branch,Australian Capital Territory,"Branch office, Canberra, Australian Capital Territory, Australia",Educational Support Services,commercial,50,22,270,-35.30525,149.15913,Australia,,,,synthetic_locations
Westerntech,westerntech,westerntech-01,Head Office,Georgia,"Head office, Atlanta, Georgia, United States","Therapeutics,Wellness,Health Diagnostics,Medical Device",commercial,60,13,370,33.77226,-84.38139,United States,Maurice Werdegar,"Partner, Ceo",maurice@westerntech.com,synthetic_locations
Westerntech,westerntech,westerntech-02,Branch,Illinois,"Branch office, Chicago, Illinois, United States","Therapeutics,Wellness,Health Diagnostics,Medical Device",commercial,45,27,220,41.85369,-87.63837,United States,,,,synthetic_locations
Optionseyecare,optionseyecare,optionseyecare-01,Head Office,South Australia,"Head office, Adelaide, South Australia, Australia",Optometry And Optical Dispensing,commercial,56,12,320,-34.91877,138.59031,Australia,Max Skinner,Practice Manager / Dispensing Optician,info@optionseyecare.com,synthetic_locations
Optionseyecare,optionseyecare,optionseyecare-02,Branch,Australian Capital Territory,"Branch office, Canberra, Australian Capital Territory, Australia",Optometry And Optical Dispensing,residential,8,33,960,-35.30219,149.10741,Australia,,,,synthetic_locations
Optionseyecare,optionseyecare,optionseyecare-03,Branch,Queensland,"Branch office, Brisbane, Queensland, Australia",Optometry And Optical Dispensing,commercial,76,30,130,-27.49794,153.03506,Australia,,,,synthetic_locations
Optionseyecare,optionseyecare,optionseyecare-04,Branch,Victoria,"Branch office, Melbourne, Victoria, Australia",Optometry And Optical Dispensing,commercial,66,18,210,-37.80072,144.95361,Australia,,,,synthetic_locations
Pro Copy,pro-copy,pro-copy-01,Head Office,Washington,"Head office, Seattle, Washington, United States",Unknown,commercial,42,17,120,47.57759,-122.30351,United States,Mcgee Patricia,Copyright And Permissions Manager,patricia@pro-copy.com,synthetic_locations
Pro Copy,pro-copy,pro-copy-02,Branch,Illinois,"Branch office, Chicago, Illinois, United States",Unknown,commercial,70,6,310,41.85253,-87.6366,United States,,,,synthetic_locations
Pro Copy,pro-copy,pro-copy-03,Branch,New York,"Branch office, New York, New York, United States",Unknown,commercial,73,18,180,40.7097,-74.00774,United States,,,,synthetic_locations
Melissawestern,melissawestern,melissawestern-01,Head Office,South Australia,"Head office, Adelaide, South Australia, Australia",Entertainment Media Retailing,commercial,48,17,290,-34.91963,138.57592,Australia,Melissa Western,Performer,melissa@melissawestern.com,synthetic_locations
Melissawestern,melissawestern,melissawestern-02,Branch,Australian Capital Territory,"Branch office, Canberra, Australian Capital Territory, Australia",Entertainment Media Retailing,commercial,45,25,390,-35.28118,149.14773,Australia,,,,synthetic_locations
Melissawestern,melissawestern,melissawestern-03,Branch,Tasmania,"Branch office, Hobart, Tasmania, Australia",Entertainment Media Retailing,commercial,44,16,180,-42.89207,147.30958,Australia,,,,synthetic_locations
Sandersfinancialplanning,sandersfinancialplanning,sandersfinancialplanning-01,Head Office,Australian Capital Territory,"Head office, Canberra, Australian Capital Territory, Australia",Credit Union Operation,commercial,68,10,110,-35.27451,149.11154,Australia,Meredith Sanders,"Position, Insurance And Finance Industry",meredith@sandersfinancialplanning.com.au,synthetic_locations
Sandersfinancialplanning,sandersfinancialplanning,sandersfinancialplanning-02,Branch,Western Australia,"Branch office, Perth, Western Australia, Australia",Credit Union Operation,residential,8,41,660,-31.96112,115.83382,Australia,,,,synthetic_locations
Sandersfinancialplanning,sandersfinancialplanning,sandersfinancialplanning-03,Branch,Tasmania,"Branch office, Hobart, Tasmania, Australia",Credit Union Operation,commercial,58,13,120,-42.88353,147.3297,Australia,,,,synthetic_locations
Sandersfinancialplanning,sandersfinancialplanning,sandersfinancialplanning-04,Branch,Victoria,"Branch office, Melbourne, Victoria, Australia",Credit Union Operation,commercial,45,26,140,-37.80089,144.97071,Australia,,,,synthetic_locations
Mbp Inc,mbp-inc,mbp-inc-01,Head Office,New York,"Head office, New York, New York, United States",Unknown,commercial,60,8,390,40.72821,-73.98408,United States,Merrow Marcia,Customer Care Supervisor - Marketing,marciamerrow@mbp-inc.com,synthetic_locations
Mbp Inc,mbp-inc,mbp-inc-02,Branch,California,"Branch office, Los Angeles, California, United States",Unknown,commercial,77,5,130,34.06501,-118.24169,United States,,,,synthetic_locations
Mbp Inc,mbp-inc,mbp-inc-03,Branch,Florida,"Branch office, Miami, Florida, United States",Unknown,commercial,73,21,250,25.78194,-80.19117,United States,,,,synthetic_locations
Mbp Inc,mbp-inc,mbp-inc-04,Branch,Georgia,"Branch office, Atlanta, Georgia, United States",Unknown,commercial,69,25,200,33.72277,-84.41385,United States,,,,synthetic_locations
Dmsgroup,dmsgroup,dmsgroup-01,Head Office,Queensland,"Head office, Brisbane, Queensland, Australia",Credit Reporting And Debt Collection Services,commercial,45,21,170,-27.47523,153.00236,Australia,Michael Cybulski,Position In Marketing,michael@dmsgroup.net,synthetic_locations
Dmsgroup,dmsgroup,dmsgroup-02,Branch,Tasmania,"Branch office, Hobart, Tasmania, Australia",Credit Reporting And Debt Collection Services,commercial,51,23,300,-42.89235,147.31827,Australia,,,,synthetic_locations
Ancadvisers,ancadvisers,ancadvisers-01,Head Office,Australian Capital Territory,"Head office, Canberra, Australian Capital Territory, Australia",Life Insurance,commercial,75,27,340,-35.25632,149.14778,Australia,Michael Kakaras,Corporate Authorised Representative No,mkakaras@ancadvisers.com.au,synthetic_locations
Ancadvisers,ancadvisers,ancadvisers-02,Branch,Tasmania,"Branch office, Hobart, Tasmania, Australia",Life Insurance,commercial,79,18,300,-42.89417,147.31635,Australia,,,,synthetic_locations
Chameleon Touring,chameleon-touring,chameleon-touring-01,Head Office,Western Australia,"Head office, Perth, Western Australia, Australia",Performing Arts Venue Operation,commercial,83,5,120,-31.95025,115.83241,Australia,Micheal Simpson,Lighting Design & Production Management,online@chameleon-touring.com.au,synthetic_locations
Chameleon Touring,chameleon-touring,chameleon-touring-02,Branch,Queensland,"Branch office, Brisbane, Queensland, Australia",Performing Arts Venue Operation,commercial,59,18,160,-27.468,153.05283,Australia,,,,synthetic_locations
Chameleon Touring,chameleon-touring,chameleon-touring-03,Branch,Australian Capital Territory,"Branch office, Canberra, Australian Capital Territory, Australia",Performing Arts Venue Operation,commercial,67,24,210,-35.25524,149.14597,Australia,,,,synthetic_locations
Trustholiday,trustholiday,trustholiday-01,Head Office,New York,"Head office, New York, New York, United States",Unknown,commercial,76,16,210,40.73604,-73.99703,United States,Moody Jonathan,Assistant Vice President Of Sales,jonathan@trustholiday.com,synthetic_locations
Trustholiday,trustholiday,trustholiday-02,Branch,Florida,"Branch office, Miami, Florida, United States",Unknown,commercial,57,30,220,25.76265,-80.17468,United States,,,,synthetic_locations
Trustholiday,trustholiday,trustholiday-03,Branch,Texas,"Branch office, Houston, Texas, United States",Unknown,commercial,79,11,300,29.74067,-95.38988,United States,,,,synthetic_locations
Trustholiday,trustholiday,trustholiday-04,Branch,Colorado,"Branch office, Denver, Colorado, United States",Unknown,commercial,43,9,340,39.76371,-104.99707,United States,,,,synthetic_locations
Cmcc,cmcc,cmcc-01,Head Office,Georgia,"Head office, Atlanta, Georgia, United States",Unknown,commercial,41,29,220,33.75104,-84.41038,United States,Morris Kellie,Central Services Supervisor,kmorris@cmcc.edu,synthetic_locations
Cmcc,cmcc,cmcc-02,Branch,New York,"Branch office, New York, New York, United States",Unknown,commercial,83,27,210,40.68998,-74.0022,United States,,,,synthetic_locations
Cmcc,cmcc,cmcc-03,Branch,Illinois,"Branch office, Chicago, Illinois, United States",Unknown,commercial,77,12,390,41.85331,-87.64163,United States,,,,synthetic_locations
Cmcc,cmcc,cmcc-04,Branch,Massachusetts,"Branch office, Boston, Massachusetts, United States",Unknown,commercial,51,8,230,42.33515,-71.04343,United States,,,,synthetic_locations
Bbw,bbw,bbw-01,Head Office,Illinois,"Head office, Chicago, Illinois, United States",Unknown,commercial,41,14,310,41.8861,-87.63267,United States,Mosher Brittney,Internet Services Operations Supervisor,bmosher@bbw.com,synthetic_locations
Bbw,bbw,bbw-02,Branch,Colorado,"Branch office, Denver, Colorado, United States",Unknown,commercial,81,9,300,39.70946,-105.00007,United States,,,,synthetic_locations
Bbw,bbw,bbw-03,Branch,Massachusetts,"Branch office, Boston, Massachusetts, United States",Unknown,commercial,54,14,390,42.36464,-71.05078,United States,,,,synthetic_locations
Nctheatre,nctheatre,nctheatre-01,Head Office,New York,"Head office, New York, New York, United States",Unknown,commercial,40,25,100,40.715,-74.02225,United States,Mullins Donna,Patron Relations Manager,dmullins@nctheatre.com,synthetic_locations
Nctheatre,nctheatre,nctheatre-02,Branch,Massachusetts,"Branch office, Boston, Massachusetts, United States",Unknown,commercial,55,25,170,42.35225,-71.04136,United States,,,,synthetic_locations
Nctheatre,nctheatre,nctheatre-03,Branch,Colorado,"Branch office, Denver, Colorado, United States",Unknown,commercial,46,29,330,39.74961,-104.98514,United States,,,,synthetic_locations
Scottshydraulics,scottshydraulics,scottshydraulics-01,Head Office,Victoria,"Head office, Melbourne, Victoria, Australia",Other Machinery And Equipment Repair And Maintenance,industrial,83,4,530,-37.82398,144.95597,Australia,Nathan Warwick,Spare Parts Sales & Hose Technician,kempsey@scottshydraulics.net.au,synthetic_locations
Scottshydraulics,scottshydraulics,scottshydraulics-02,Branch,South Australia,"Branch office, Adelaide, South Australia, Australia",Other Machinery And Equipment Repair And Maintenance,industrial,66,5,700,-34.91414,138.58198,Australia,,,,synthetic_locations
Scottshydraulics,scottshydraulics,scottshydraulics-03,Branch,Australian Capital Territory,"Branch office, Canberra, Australian Capital Territory, Australia",Other Machinery And Equipment Repair And Maintenance,industrial,74,1,780,-35.29195,149.13321,Australia,,,,synthetic_locations
Dnx,dnx,dnx-01,Head Office,Florida,"Head office, Miami, Florida, United States","Robotics,Human Computer Interaction,Wellness",commercial,76,25,360,25.76465,-80.18297,United States,Natsuki Zihnioglu,"Co-Founder, Alore - Growth Os",nat@dnx.vc,synthetic_locations
Dnx,dnx,dnx-02,Branch,Illinois,"Branch office, Chicago, Illinois, United States","Robotics,Human Computer Interaction,Wellness",commercial,70,27,230,41.89565,-87.61564,United States,,,,synthetic_locations
Dnx,dnx,dnx-03,Branch,Georgia,"Branch office, Atlanta, Georgia, United States","Robotics,Human Computer Interaction,Wellness",commercial,58,26,310,33.77418,-84.409,United States,,,,synthetic_locations
Dnx,dnx,dnx-04,Branch,Arizona,"Branch office, Phoenix, Arizona, United States","Robotics,Human Computer Interaction,Wellness",residential,9,33,900,33.44498,-112.06785,United States,,,,synthetic_locations
Eqtventures,eqtventures,eqtventures-01,Head Office,Northern Ireland,"Head office, Belfast, Northern Ireland, United Kingdom","Clinical Trials,Health Diagnostics",residential,15,51,540,54.57331,-5.95426,United Kingdom,Naza Metghalchi,Venture Lead,naza@eqtventures.com,synthetic_locations
Eqtventures,eqtventures,eqtventures-02,Branch,Scotland,"Branch office, Edinburgh, Scotland, United Kingdom","Clinical Trials,Health Diagnostics",commercial,42,30,180,55.92887,-3.21483,United Kingdom,,,,synthetic_locations
Thebaileygp,thebaileygp,thebaileygp-01,Head Office,Massachusetts,"Head office, Boston, Massachusetts, United States",Unknown,commercial,73,25,200,42.36544,-71.04199,United States,Nichols Christy,Case Management Administrative Assistant,christy@thebaileygp.com,synthetic_locations
Thebaileygp,thebaileygp,thebaileygp-02,Branch,Washington,"Branch office, Seattle, Washington, United States",Unknown,commercial,74,6,210,47.58397,-122.32526,United States,,,,synthetic_locations
Sjta,sjta,sjta-01,Head Office,Victoria,"Head office, Melbourne, Victoria, Australia",Structural Steel Fabricating,commercial,71,25,120,-37.80713,144.95414,Australia,Nicole Cardwell,Project Administration Assistant,nicole@sjta.com.au,synthetic_locations
Sjta,sjta,sjta-02,Branch,Western Australia,"Branch office, Perth, Western Australia, Australia",Structural Steel Fabricating,commercial,84,25,280,-31.95472,115.83458,Australia,,,,synthetic_locations
Luggageamerica,luggageamerica,luggageamerica-01,Head Office,Texas,"Head office, Houston, Texas, United States",Electronic Components,commercial,53,9,200,29.77583,-95.36473,United States,Noriega Elvis,Assistant Shipping Manager,elvisn@luggageamerica.com,synthetic_locations
Luggageamerica,luggageamerica,luggageamerica-02,Branch,California,"Branch office, Los Angeles, California, United States",Electronic Components,commercial,79,21,250,34.05209,-118.25643,United States,,,,synthetic_locations
Luggageamerica,luggageamerica,luggageamerica-03,Branch,Florida,"Branch office, Miami, Florida, United States",Electronic Components,commercial,51,26,190,25.77876,-80.16591,United States,,,,synthetic_locations
Portsamerica,portsamerica,portsamerica-01,Head Office,Texas,"Head office, Houston, Texas, United States",Marine Shipping & Transportation,industrial,74,6,660,29.76091,-95.36229,United States,Pappas Shari,Manager Iv Finance,shari.pappas@portsamerica.com,synthetic_locations
Portsamerica,portsamerica,portsamerica-02,Branch,Washington,"Branch office, Seattle, Washington, United States",Marine Shipping & Transportation,industrial,64,3,550,47.60665,-122.3344,United States,,,,synthetic_locations
Portsamerica,portsamerica,portsamerica-03,Branch,Illinois,"Branch office, Chicago, Illinois, United States",Marine Shipping & Transportation,industrial,78,3,460,41.87033,-87.63191,United States,,,,synthetic_locations
Csd,csd,csd-01,Head Office,Western Australia,"Head office, Perth, Western Australia, Australia",Cotton Growing,commercial,45,12,380,-31.97059,115.88784,Australia,Paul Mcveigh,Director & Vice Chairman,pmcveigh@csd.net.au,synthetic_locations
Csd,csd,csd-02,Branch,Tasmania,"Branch office, Hobart, Tasmania, Australia",Cotton Growing,commercial,82,24,130,-42.88155,147.30598,Australia,,,,synthetic_locations
Csd,csd,csd-03,Branch,Queensland,"Branch office, Brisbane, Queensland, Australia",Cotton Growing,residential,9,41,970,-27.49084,153.0306,Australia,,,,synthetic_locations
Csd,csd,csd-04,Branch,New South Wales,"Branch office, Sydney, New South Wales, Australia",Cotton Growing,commercial,56,13,330,-33.84802,151.18515,Australia,,,,synthetic_locations
Alliedgrainsystems,alliedgrainsystems,alliedgrainsystems-01,Head Office,Western Australia,"Head office, Perth, Western Australia, Australia",Grain Storage Services,commercial,41,10,280,-31.9354,115.83414,Australia,Paul Wowk,"Senior Manager, Construction",paul@alliedgrainsystems.com.au,synthetic_locations
Alliedgrainsystems,alliedgrainsystems,alliedgrainsystems-02,Branch,Tasmania,"Branch office, Hobart, Tasmania, Australia",Grain Storage Services,commercial,53,18,150,-42.8768,147.33303,Australia,,,,synthetic_locations
Alliedgrainsystems,alliedgrainsystems,alliedgrainsystems-03,Branch,Queensland,"Branch office, Brisbane, Queensland, Australia",Grain Storage Services,commercial,49,19,250,-27.49812,153.03301,Australia,,,,synthetic_locations
Alliedgrainsystems,alliedgrainsystems,alliedgrainsystems-04,Branch,New South Wales,"Branch office, Sydney, New South Wales, Australia",Grain Storage Services,commercial,68,8,110,-33.88424,151.23079,Australia,,,,synthetic_locations
Everhard,everhard,everhard-01,Head Office,New South Wales,"Head office, Sydney, New South Wales, Australia",Other Metal Container Manufacturing,industrial,80,3,370,-33.84577,151.1921,Australia,Paula Parnell,Pa To Chief Executive Officer/National Sales & Marketing Manager,info@everhard.com.au,synthetic_locations
Everhard,everhard,everhard-02,Branch,Western Australia,"Branch office, Perth, Western Australia, Australia",Other Metal Container Manufacturing,residential,10,30,810,-31.93307,115.85845,Australia,,,,synthetic_locations
Jsfleming,jsfleming,jsfleming-01,Head Office,Washington,"Head office, Seattle, Washington, United States",Appliances,commercial,53,12,380,47.60527,-122.33773,United States,Pecze Mike,"Sales Manager, Power Protection Products",mpecze@jsfleming.com,synthetic_locations
Jsfleming,jsfleming,jsfleming-02,Branch,New York,"Branch office, New York, New York, United States",Appliances,commercial,51,19,230,40.74241,-74.01602,United States,,,,synthetic_locations
Jsfleming,jsfleming,jsfleming-03,Branch,Georgia,"Branch office, Atlanta, Georgia, United States",Appliances,commercial,67,5,260,33.72873,-84.36045,United States,,,,synthetic_locations
Rivendellschool,rivendellschool,rivendellschool-01,Head Office,New York,"Head office, New York, New York, United States",Unknown,commercial,71,15,340,40.73832,-74.02669,United States,Perryman Penny,District Office - Executive Assistant And Human Resources Manager,pperryman@rivendellschool.org,synthetic_locations
Rivendellschool,rivendellschool,rivendellschool-02,Branch,California,"Branch office, Los Angeles, California, United States",Unknown,commercial,43,28,280,34.04082,-118.26678,United States,,,,synthetic_locations
Rivendellschool,rivendellschool,rivendellschool-03,Branch,Massachusetts,"Branch office, Boston, Massachusetts, United States",Unknown,commercial,42,11,380,42.35805,-71.04907,United States,,,,synthetic_locations
Rivendellschool,rivendellschool,rivendellschool-04,Branch,Florida,"Branch office, Miami, Florida, United States",Unknown,commercial,63,19,290,25.74963,-80.16726,United States,,,,synthetic_locations
Jsv,jsv,jsv-01,Head Office,Texas,"Head office, Houston, Texas, United States","Hospital,Medical Device,Home Health Care,Electronic Health Record (Ehr)",commercial,47,10,400,29.73272,-95.34289,United States,Pete Solvik,Foundng Partner & Managing Director,pete@jsv.com,synthetic_locations
Jsv,jsv,jsv-02,Branch,Florida,"Branch office, Miami, Florida, United States","Hospital,Medical Device,Home Health Care,Electronic Health Record (Ehr)",commercial,64,10,290,25.75337,-80.21228,United States,,,,synthetic_locations
Congruentinv,congruentinv,congruentinv-01,Head Office,California,"Head office, Los Angeles, California, United States",Lender/Debt Provider,commercial,65,13,160,34.03515,-118.23472,United States,Preston Massey,Co-Founder & Managing Member,pmassey@congruentinv.com,synthetic_locations
Congruentinv,congruentinv,congruentinv-02,Branch,Arizona,"Branch office, Phoenix, Arizona, United States",Lender/Debt Provider,commercial,79,26,210,33.46466,-112.06006,United States,,,,synthetic_locations
Halterranch,halterranch,halterranch-01,Head Office,Washington,"Head office, Seattle, Washington, United States",Wineries & Breweries,commercial,76,14,300,47.59655,-122.34545,United States,Quealy Tony,Room Manager,tony@halterranch.com,synthetic_locations
Halterranch,halterranch,halterranch-02,Branch,Arizona,"Branch office, Phoenix, Arizona, United States",Wineries & Breweries,commercial,74,5,360,33.45834,-112.04877,United States,,,,synthetic_locations
Halterranch,halterranch,halterranch-03,Branch,Colorado,"Branch office, Denver, Colorado, United States",Wineries & Breweries,commercial,64,9,100,39.73713,-104.99082,United States,,,,synthetic_locations
Halterranch,halterranch,halterranch-04,Branch,Illinois,"Branch office, Chicago, Illinois, United States",Wineries & Breweries,commercial,75,21,320,41.88747,-87.64194,United States,,,,synthetic_locations
Constellationr,constellationr,constellationr-01,Head Office,Florida,"Head office, Miami, Florida, United States",Biopharma,commercial,49,9,230,25.75836,-80.19166,United States,Ray Wang,Founder & Principal Analyst,ray@constellationr.com,synthetic_locations
Constellationr,constellationr,constellationr-02,Branch,Arizona,"Branch office, Phoenix, Arizona, United States",Biopharma,commercial,54,15,360,33.46582,-112.07907,United States,,,,synthetic_locations
Romuluscap,romuluscap,romuluscap-01,Head Office,Florida,"Head office, Miami, Florida, United States","Medical Device,Therapeutics,Health Diagnostics,Wellness,Genetics",commercial,79,6,170,25.745,-80.17205,United States,Rayyan Islam,Venture Capital Associate,rayyan@romuluscap.com,synthetic_locations
Romuluscap,romuluscap,romuluscap-02,Branch,California,"Branch office, Los Angeles, California, United States","Medical Device,Therapeutics,Health Diagnostics,Wellness,Genetics",residential,13,39,700,34.06167,-118.22919,United States,,,,synthetic_locations
Romuluscap,romuluscap,romuluscap-03,Branch,Illinois,"Branch office, Chicago, Illinois, United States","Medical Device,Therapeutics,Health Diagnostics,Wellness,Genetics",commercial,42,19,210,41.87142,-87.61352,United States,,,,synthetic_locations
Romuluscap,romuluscap,romuluscap-04,Branch,Arizona,"Branch office, Phoenix, Arizona, United States","Medical Device,Therapeutics,Health Diagnostics,Wellness,Genetics",commercial,50,22,380,33.42896,-112.05586,United States,,,,synthetic_locations
Bluebarn,bluebarn,bluebarn-01,Head Office,Illinois,"Head office, Chicago, Illinois, United States",Movie Theaters,commercial,66,30,110,41.88334,-87.62446,United States,Reiner Amy,Production Manager And Properties Manager,areiner@bluebarn.org,synthetic_locations
Bluebarn,bluebarn,bluebarn-02,Branch,Washington,"Branch office, Seattle, Washington, United States",Movie Theaters,commercial,60,13,230,47.63517,-122.34489,United States,,,,synthetic_locations
Bluebarn,bluebarn,bluebarn-03,Branch,Texas,"Branch office, Houston, Texas, United States",Movie Theaters,residential,3,34,1000,29.78168,-95.36227,United States,,,,synthetic_locations
Battery,battery,battery-01,Head Office,Colorado,"Head office, Denver, Colorado, United States","Natural Language Processing,Robotics,Hospital,Electronic Health Record (Ehr),Clinical Trials,Medical Device",commercial,71,17,300,39.73717,-105.00931,United States,Ren‚ Bonvanie,Eir,rene@battery.com,synthetic_locations
Battery,battery,battery-02,Branch,Washington,"Branch office, Seattle, Washington, United States","Natural Language Processing,Robotics,Hospital,Electronic Health Record (Ehr),Clinical Trials,Medical Device",commercial,84,23,290,47.63356,-122.32862,United States,,,,synthetic_locations
Battery,battery,battery-03,Branch,Illinois,"Branch office, Chicago, Illinois, United States","Natural Language Processing,Robotics,Hospital,Electronic Health Record (Ehr),Clinical Trials,Medical Device",commercial,60,23,190,41.87634,-87.64261,United States,,,,synthetic_locations
Battery,battery,battery-04,Branch,Texas,"Branch office, Houston, Texas, United States","Natural Language Processing,Robotics,Hospital,Electronic Health Record (Ehr),Clinical Trials,Medical Device",commercial,52,22,200,29.74848,-95.34822,United States,,,,synthetic_locations
Shell,shell,shell-01,Head Office,Western Australia,"Head office, Perth, Western Australia, Australia",Fruit And Vegetable Retailing,commercial,73,6,370,-31.97586,115.85191,Australia,Renee Power,Distributor Marketing Manager - Australia,renee.power@shell.com,synthetic_locations
Shell,shell,shell-02,Branch,Queensland,"Branch office, Brisbane, Queensland, Australia",Fruit And Vegetable Retailing,commercial,51,10,140,-27.45647,153.01145,Australia,,,,synthetic_locations
Shell,shell,shell-03,Branch,Victoria,"Branch office, Melbourne, Victoria, Australia",Fruit And Vegetable Retailing,commercial,43,21,200,-37.7881,144.95935,Australia,,,,synthetic_locations
Verified,verified,verified-01,Head Office,South Australia,"Head office, Adelaide, South Australia, Australia",Synthetic Textile Manufacturing,industrial,84,1,400,-34.94785,138.61306,Australia,Richard Templeton,Client Management Head,richard.templeton@verified.com.au,synthetic_locations
Verified,verified,verified-02,Branch,Australian Capital Territory,"Branch office, Canberra, Australian Capital Territory, Australia",Synthetic Textile Manufacturing,industrial,64,1,650,-35.27891,149.1404,Australia,,,,synthetic_locations
Verified,verified,verified-03,Branch,Victoria,"Branch office, Melbourne, Victoria, Australia",Synthetic Textile Manufacturing,industrial,86,4,700,-37.80746,144.97271,Australia,,,,synthetic_locations
Floormania,floormania,floormania-01,Head Office,South Australia,"Head office, Adelaide, South Australia, Australia",Carpentry Services,commercial,42,30,180,-34.91602,138.58408,Australia,Richard Tesoriero,Experienced Transport Operations Manager,info@floormania.com.au,synthetic_locations
Floormania,floormania,floormania-02,Branch,Tasmania,"Branch office, Hobart, Tasmania, Australia",Carpentry Services,commercial,66,25,320,-42.89706,147.29885,Australia,,,,synthetic_locations
Panini,panini,panini-01,Head Office,Illinois,"Head office, Chicago, Illinois, United States",Unknown,residential,12,54,670,41.89085,-87.61972,United States,Richardson Greg,Global Channel Marketing Manager,greg.richardson@panini.com,synthetic_locations
Panini,panini,panini-02,Branch,Texas,"Branch office, Houston, Texas, United States",Unknown,commercial,56,5,110,29.76932,-95.38992,United States,,,,synthetic_locations
Panini,panini,panini-03,Branch,Colorado,"Branch office, Denver, Colorado, United States",Unknown,commercial,45,20,340,39.72038,-105.0027,United States,,,,synthetic_locations
Panini,panini,panini-04,Branch,California,"Branch office, Los Angeles, California, United States",Unknown,commercial,41,9,330,34.07135,-118.2321,United States,,,,synthetic_locations
Radibbs,radibbs,radibbs-01,Head Office,South Australia,"Head office, Adelaide, South Australia, Australia",Pesticide Manufacturing,industrial,79,5,730,-34.92339,138.57967,Australia,Rick Dibbs,Medicine Cabinet,rick@radibbs.com.au,synthetic_locations
Radibbs,radibbs,radibbs-02,Branch,Western Australia,"Branch office, Perth, Western Australia, Australia",Pesticide Manufacturing,industrial,76,5,450,-31.94603,115.86259,Australia,,,,synthetic_locations
Radibbs,radibbs,radibbs-03,Branch,Victoria,"Branch office, Melbourne, Victoria, Australia",Pesticide Manufacturing,industrial,78,6,550,-37.79123,144.97504,Australia,,,,synthetic_locations
Radibbs,radibbs,radibbs-04,Branch,Australian Capital Territory,"Branch office, Canberra, Australian Capital Territory, Australia",Pesticide Manufacturing,industrial,69,6,680,-35.30314,149.1462,Australia,,,,synthetic_locations
Neatfreak,neatfreak,neatfreak-01,Head Office,Washington,"Head office, Seattle, Washington, United States",Import & Export,industrial,80,5,750,47.63056,-122.33688,United States,Rick Kane,"Vice President , Sales Usa",rkane@neatfreak.com,synthetic_locations
Neatfreak,neatfreak,neatfreak-02,Branch,Georgia,"Branch office, Atlanta, Georgia, United States",Import & Export,industrial,61,1,640,33.77894,-84.36779,United States,,,,synthetic_locations
Neatfreak,neatfreak,neatfreak-03,Branch,Arizona,"Branch office, Phoenix, Arizona, United States",Import & Export,industrial,62,6,450,33.44665,-112.08015,United States,,,,synthetic_locations
Neatfreak,neatfreak,neatfreak-04,Branch,Florida,"Branch office, Miami, Florida, United States",Import & Export,industrial,57,4,640,25.73269,-80.16587,United States,,,,synthetic_locations
Cleanaway,cleanaway,cleanaway-01,Head Office,Victoria,"Head office, Melbourne, Victoria, Australia",Basic Inorganic Chemical Manufacturing,industrial,71,2,660,-37.79794,144.97842,Australia,Rob Mcintosh,Pricing Strategy Analyst,rob.mcintosh@cleanaway.com.au,synthetic_locations
Cleanaway,cleanaway,cleanaway-02,Branch,New South Wales,"Branch office, Sydney, New South Wales, Australia",Basic Inorganic Chemical Manufacturing,industrial,84,6,790,-33.87998,151.21696,Australia,,,,synthetic_locations
Cleanaway,cleanaway,cleanaway-03,Branch,Queensland,"Branch office, Brisbane, Queensland, Australia",Basic Inorganic Chemical Manufacturing,residential,9,31,820,-27.49267,153.01721,Australia,,,,synthetic_locations
Vikingcontrols,vikingcontrols,vikingcontrols-01,Head Office,Arizona,"Head office, Phoenix, Arizona, United States",Unknown,commercial,75,24,250,33.41978,-112.06287,United States,Robbins Laura,Credit And Payroll Manager,laura.robbins@vikingcontrols.com,synthetic_locations
Vikingcontrols,vikingcontrols,vikingcontrols-02,Branch,Massachusetts,"Branch office, Boston, Massachusetts, United States",Unknown,commercial,84,17,390,42.34407,-71.0423,United States,,,,synthetic_locations
Vikingcontrols,vikingcontrols,vikingcontrols-03,Branch,Florida,"Branch office, Miami, Florida, United States",Unknown,commercial,74,20,170,25.76329,-80.21786,United States,,,,synthetic_locations
Alarmsrus,alarmsrus,alarmsrus-01,Head Office,Western Australia,"Head office, Perth, Western Australia, Australia",Fire And Security Alarm Installation Services,commercial,53,25,210,-31.92132,115.85433,Australia,Robert Ingrisano,"Programming Presentation, Network Ten",admin@alarmsrus.com.au,synthetic_locations
Alarmsrus,alarmsrus,alarmsrus-02,Branch,South Australia,"Branch office, Adelaide, South Australia, Australia",Fire And Security Alarm Installation Services,commercial,76,19,280,-34.92345,138.59115,Australia,,,,synthetic_locations
Alarmsrus,alarmsrus,alarmsrus-03,Branch,Queensland,"Branch office, Brisbane, Queensland, Australia",Fire And Security Alarm Installation Services,commercial,56,21,120,-27.45446,153.0054,Australia,,,,synthetic_locations
Cjamarine,cjamarine,cjamarine-01,Head Office,Tasmania,"Head office, Hobart, Tasmania, Australia",Water Freight Transport,industrial,71,1,400,-42.85282,147.35362,Australia,Rod Ferguson,Pacific Region,rod@cjamarine.com.au,synthetic_locations
Cjamarine,cjamarine,cjamarine-02,Branch,Victoria,"Branch office, Melbourne, Victoria, Australia",Water Freight Transport,industrial,70,2,460,-37.82481,144.96019,Australia,,,,synthetic_locations
Cjamarine,cjamarine,cjamarine-03,Branch,Queensland,"Branch office, Brisbane, Queensland, Australia",Water Freight Transport,industrial,57,5,620,-27.45887,153.03,Australia,,,,synthetic_locations
Cjamarine,cjamarine,cjamarine-04,Branch,Australian Capital Territory,"Branch office, Canberra, Australian Capital Territory, Australia",Water Freight Transport,industrial,81,5,760,-35.25968,149.12144,Australia,,,,synthetic_locations
Gouv,gouv,gouv-01,Head Office,Australian Capital Territory,"Head office, Canberra, Australian Capital Territory, Australia",Foreign Government Representation,commercial,62,22,240,-35.29817,149.15399,Australia,Romain Andrieu,System Telecommunications Specialist,romain.andrieu@diplomatie.gouv.fr,synthetic_locations
Gouv,gouv,gouv-02,Branch,Tasmania,"Branch office, Hobart, Tasmania, Australia",Foreign Government Representation,commercial,67,24,280,-42.85984,147.35006,Australia,,,,synthetic_locations
Gouv,gouv,gouv-03,Branch,Victoria,"Branch office, Melbourne, Victoria, Australia",Foreign Government Representation,commercial,82,26,130,-37.82766,144.951,Australia,,,,synthetic_locations
Rainfall,rainfall,rainfall-01,Head Office,Georgia,"Head office, Atlanta, Georgia, United States","Therapeutics,Wellness",commercial,67,9,330,33.72224,-84.37359,United States,Ron Rofe,Co Founder & General Partner,ron@rainfall.com,synthetic_locations
Rainfall,rainfall,rainfall-02,Branch,Arizona,"Branch office, Phoenix, Arizona, United States","Therapeutics,Wellness",commercial,51,15,190,33.45719,-112.07434,United States,,,,synthetic_locations
Rainfall,rainfall,rainfall-03,Branch,Texas,"Branch office, Houston, Texas, United States","Therapeutics,Wellness",commercial,56,10,330,29.77738,-95.38566,United States,,,,synthetic_locations
Pzcussons,pzcussons,pzcussons-01,Head Office,Queensland,"Head office, Brisbane, Queensland, Australia",Cleaning Compound Manufacturing,industrial,76,6,650,-27.4446,153.04627,Australia,Rory Gration,"Managing Director - Commercial, Anz",PZCANZCommunications@pzcussons.com,synthetic_locations
Pzcussons,pzcussons,pzcussons-02,Branch,Western Australia,"Branch office, Perth, Western Australia, Australia",Cleaning Compound Manufacturing,industrial,57,4,720,-31.95758,115.85624,Australia,,,,synthetic_locations
Pzcussons,pzcussons,pzcussons-03,Branch,New South Wales,"Branch office, Sydney, New South Wales, Australia",Cleaning Compound Manufacturing,industrial,57,6,570,-33.88225,151.20575,Australia,,,,synthetic_locations
Abbsolve,abbsolve,abbsolve-01,Head Office,Victoria,"Head office, Melbourne, Victoria, Australia",Laundry And Dry-Cleaning Services,commercial,73,9,330,-37.7864,144.97303,Australia,Rose Nation,Nation Training,rose@abbsolve.com.au,synthetic_locations
Abbsolve,abbsolve,abbsolve-02,Branch,South Australia,"Branch office, Adelaide, South Australia, Australia",Laundry And Dry-Cleaning Services,commercial,75,27,180,-34.94495,138.62516,Australia,,,,synthetic_locations
Abbsolve,abbsolve,abbsolve-03,Branch,Tasmania,"Branch office, Hobart, Tasmania, Australia",Laundry And Dry-Cleaning Services,commercial,59,10,350,-42.90068,147.33029,Australia,,,,synthetic_locations
Dolbychadwickgallery,dolbychadwickgallery,dolbychadwickgallery-01,Head Office,Colorado,"Head office, Denver, Colorado, United States",Museums & Art Galleries,commercial,72,14,160,39.76273,-104.98211,United States,Ross Melanie,Sales And Communications Manager,melanie@dolbychadwickgallery.com,synthetic_locations
Dolbychadwickgallery,dolbychadwickgallery,dolbychadwickgallery-02,Branch,Texas,"Branch office, Houston, Texas, United States",Museums & Art Galleries,commercial,48,22,110,29.78168,-95.36429,United States,,,,synthetic_locations
Hellerbros,hellerbros,hellerbros-01,Head Office,California,"Head office, Los Angeles, California, United States",Unknown,commercial,77,20,240,34.07515,-118.226,United States,Rudacille Charlie,"Accounting, Nancy Shepard Gift Fruit Division Director",crudacille@hellerbros.com,synthetic_locations
Hellerbros,hellerbros,hellerbros-02,Branch,Washington,"Branch office, Seattle, Washington, United States",Unknown,commercial,69,30,220,47.6334,-122.30546,United States,,,,synthetic_locations
Rev1Ventures,rev1ventures,rev1ventures-01,Head Office,California,"Head office, Los Angeles, California, United States","Clinical Trials,Hospital,Health Diagnostics,Medical Device,Therapeutics,Biopharma",commercial,49,28,190,34.04633,-118.26818,United States,Ryan Helon,"Svp, Investments",ryan@rev1ventures.com,synthetic_locations
Rev1Ventures,rev1ventures,rev1ventures-02,Branch,Massachusetts,"Branch office, Boston, Massachusetts, United States","Clinical Trials,Hospital,Health Diagnostics,Medical Device,Therapeutics,Biopharma",commercial,44,6,270,42.33968,-71.0674,United States,,,,synthetic_locations
Rev1Ventures,rev1ventures,rev1ventures-03,Branch,Georgia,"Branch office, Atlanta, Georgia, United States","Clinical Trials,Hospital,Health Diagnostics,Medical Device,Therapeutics,Biopharma",commercial,72,10,280,33.73999,-84.35823,United States,,,,synthetic_locations
Steinway,steinway,steinway-01,Head Office,Washington,"Head office, Seattle, Washington, United States",Music & Music Related Services,commercial,59,15,300,47.62551,-122.34585,United States,Salisbury Benjamin,Concert And Artist Manager,bsalisbury@steinway.com,synthetic_locations
Steinway,steinway,steinway-02,Branch,Florida,"Branch office, Miami, Florida, United States",Music & Music Related Services,commercial,53,26,110,25.78531,-80.22169,United States,,,,synthetic_locations
Forgeglobal,forgeglobal,forgeglobal-01,Head Office,Texas,"Head office, Houston, Texas, United States","Robotics,Health Diagnostics,Personal Health",commercial,67,22,130,29.75841,-95.36627,United States,Samvit Ramadurgam,"Founder,President",samvit@forgeglobal.com,synthetic_locations
Forgeglobal,forgeglobal,forgeglobal-02,Branch,Colorado,"Branch office, Denver, Colorado, United States","Robotics,Health Diagnostics,Personal Health",commercial,75,16,350,39.75665,-104.98772,United States,,,,synthetic_locations
Forgeglobal,forgeglobal,forgeglobal-03,Branch,Florida,"Branch office, Miami, Florida, United States","Robotics,Health Diagnostics,Personal Health",commercial,58,25,220,25.76326,-80.1715,United States,,,,synthetic_locations
Worldcarpets,worldcarpets,worldcarpets-01,Head Office,South Australia,"Head office, Adelaide, South Australia, Australia",Floor Coverings Retailing,commercial,71,14,290,-34.9316,138.62799,Australia,Sheryl Murray,Head Office Labrador,sheryl@worldcarpets.com.au,synthetic_locations
Worldcarpets,worldcarpets,worldcarpets-02,Branch,Australian Capital Territory,"Branch office, Canberra, Australian Capital Territory, Australia",Floor Coverings Retailing,commercial,40,6,160,-35.30865,149.15218,Australia,,,,synthetic_locations
Robbrossfoods,robbrossfoods,robbrossfoods-01,Head Office,New York,"Head office, New York, New York, United States",Office Products,commercial,59,16,140,40.71305,-74.01742,United States,Siemens Keith,Accounting Mnaager,keith@robbrossfoods.com,synthetic_locations
Robbrossfoods,robbrossfoods,robbrossfoods-02,Branch,Texas,"Branch office, Houston, Texas, United States",Office Products,commercial,80,27,350,29.74722,-95.37802,United States,,,,synthetic_locations
Robbrossfoods,robbrossfoods,robbrossfoods-03,Branch,Georgia,"Branch office, Atlanta, Georgia, United States",Office Products,commercial,53,11,310,33.74579,-84.38119,United States,,,,synthetic_locations
Bre,bre,bre-01,Head Office,Tasmania,"Head office, Hobart, Tasmania, Australia",Mining And Construction Machinery Manufacturing,industrial,65,3,380,-42.90844,147.3139,Australia,Simon Brennan,Bre Engineering,simon@bre.engineering,synthetic_locations
Bre,bre,bre-02,Branch,Western Australia,"Branch office, Perth, Western Australia, Australia",Mining And Construction Machinery Manufacturing,industrial,79,6,500,-31.93561,115.86326,Australia,,,,synthetic_locations
Convertingsolutions,convertingsolutions,convertingsolutions-01,Head Office,Texas,"Head office, Houston, Texas, United States",Unknown,commercial,67,13,330,29.74786,-95.3548,United States,Smith Ronnie,Product Development And Costing Manager,ronnie@convertingsolutions.net,synthetic_locations
Convertingsolutions,convertingsolutions,convertingsolutions-02,Branch,California,"Branch office, Los Angeles, California, United States",Unknown,commercial,45,27,160,34.06614,-118.23241,United States,,,,synthetic_locations
Impactbathrooms,impactbathrooms,impactbathrooms-01,Head Office,Australian Capital Territory,"Head office, Canberra, Australian Capital Territory, Australia",Textile Product Wholesaling,commercial,73,17,250,-35.25598,149.10402,Australia,Sophie Chilcott,"Head Of Accounting, Administration",sophie@impactbathrooms.com.au,synthetic_locations
Impactbathrooms,impactbathrooms,impactbathrooms-02,Branch,Victoria,"Branch office, Melbourne, Victoria, Australia",Textile Product Wholesaling,commercial,65,28,140,-37.78439,144.94277,Australia,,,,synthetic_locations
Impactbathrooms,impactbathrooms,impactbathrooms-03,Branch,Tasmania,"Branch office, Hobart, Tasmania, Australia",Textile Product Wholesaling,commercial,62,16,320,-42.86995,147.32841,Australia,,,,synthetic_locations
Godfreygroup,godfreygroup,godfreygroup-01,Head Office,Washington,"Head office, Seattle, Washington, United States",Unknown,commercial,41,19,290,47.58498,-122.30506,United States,Sorento Joe,"Pre Production Manager,Engineering Department Manager,Customer Service",jsorento@godfreygroup.com,synthetic_locations
Godfreygroup,godfreygroup,godfreygroup-02,Branch,Georgia,"Branch office, Atlanta, Georgia, United States",Unknown,commercial,60,6,260,33.75956,-84.37287,United States,,,,synthetic_locations
Godfreygroup,godfreygroup,godfreygroup-03,Branch,Massachusetts,"Branch office, Boston, Massachusetts, United States",Unknown,commercial,44,20,310,42.33583,-71.0721,United States,,,,synthetic_locations
Godfreygroup,godfreygroup,godfreygroup-04,Branch,Arizona,"Branch office, Phoenix, Arizona, United States",Unknown,commercial,46,8,370,33.43448,-112.06822,United States,,,,synthetic_locations
Gsi,gsi,gsi-01,Head Office,Western Australia,"Head office, Perth, Western Australia, Australia",Antique And Used Goods Retailing,commercial,54,20,120,-31.9796,115.86427,Australia,Sou Tan,Divisional Manager Corporate Services,soulin.tan@gsi.org.au,synthetic_locations
Gsi,gsi,gsi-02,Branch,Tasmania,"Branch office, Hobart, Tasmania, Australia",Antique And Used Goods Retailing,commercial,62,25,400,-42.91176,147.31915,Australia,,,,synthetic_locations
Gsi,gsi,gsi-03,Branch,New South Wales,"Branch office, Sydney, New South Wales, Australia",Antique And Used Goods Retailing,commercial,68,17,130,-33.89555,151.23294,Australia,,,,synthetic_locations
Gsi,gsi,gsi-04,Branch,Australian Capital Territory,"Branch office, Canberra, Australian Capital Territory, Australia",Antique And Used Goods Retailing,commercial,60,19,290,-35.28079,149.12207,Australia,,,,synthetic_locations
Carolfoxassociates,carolfoxassociates,carolfoxassociates-01,Head Office,Washington,"Head office, Seattle, Washington, United States",Public Relations & Communications,commercial,68,10,100,47.58343,-122.33375,United States,Stacey Lewis,Group Sales And Events Director,staceyl@carolfoxassociates.com,synthetic_locations
Carolfoxassociates,carolfoxassociates,carolfoxassociates-02,Branch,New York,"Branch office, New York, New York, United States",Public Relations & Communications,commercial,82,18,150,40.70051,-74.00889,United States,,,,synthetic_locations
Carolfoxassociates,carolfoxassociates,carolfoxassociates-03,Branch,Illinois,"Branch office, Chicago, Illinois, United States",Public Relations & Communications,commercial,49,19,260,41.90102,-87.62059,United States,,,,synthetic_locations
Bella,bella,bella-01,Head Office,Arizona,"Head office, Phoenix, Arizona, United States",Textiles & Apparel,commercial,75,24,390,33.47556,-112.09771,United States,Stanczyk Cassie,Eu Sales And Marketing Manager,cassie.stanczyk@bella.com,synthetic_locations
Bella,bella,bella-02,Branch,Washington,"Branch office, Seattle, Washington, United States",Textiles & Apparel,commercial,42,10,160,47.58581,-122.35806,United States,,,,synthetic_locations
Ufpt,ufpt,ufpt-01,Head Office,Florida,"Head office, Miami, Florida, United States",Unknown,commercial,81,15,130,25.76767,-80.22047,United States,Stanhope Thomas,Prodcut Development Manager,tstanhope@ufpt.com,synthetic_locations
Ufpt,ufpt,ufpt-02,Branch,Texas,"Branch office, Houston, Texas, United States",Unknown,residential,9,33,510,29.75828,-95.38979,United States,,,,synthetic_locations
Bellleadership,bellleadership,bellleadership-01,Head Office,Washington,"Head office, Seattle, Washington, United States",Unknown,commercial,45,25,320,47.60768,-122.3032,United States,Stansell Jessica,"Senior Manager, Programs And Services",jess.stansell@bellleadership.com,synthetic_locations
Bellleadership,bellleadership,bellleadership-02,Branch,Georgia,"Branch office, Atlanta, Georgia, United States",Unknown,commercial,61,8,300,33.7586,-84.41404,United States,,,,synthetic_locations
Bellleadership,bellleadership,bellleadership-03,Branch,Illinois,"Branch office, Chicago, Illinois, United States",Unknown,commercial,71,5,100,41.86802,-87.60045,United States,,,,synthetic_locations
Rivercitytrees,rivercitytrees,rivercitytrees-01,Head Office,Victoria,"Head office, Melbourne, Victoria, Australia",Forestry Support Services,commercial,83,28,370,-37.83672,144.94894,Australia,Talecia Wills,Helping Maintain A Quality Service,talecia@rivercitytrees.com.au,synthetic_locations
Rivercitytrees,rivercitytrees,rivercitytrees-02,Branch,Australian Capital Territory,"Branch office, Canberra, Australian Capital Territory, Australia",Forestry Support Services,residential,8,43,980,-35.28589,149.11942,Australia,,,,synthetic_locations
Rivercitytrees,rivercitytrees,rivercitytrees-03,Branch,New South Wales,"Branch office, Sydney, New South Wales, Australia",Forestry Support Services,commercial,43,13,150,-33.88899,151.20046,Australia,,,,synthetic_locations
Rivercitytrees,rivercitytrees,rivercitytrees-04,Branch,Western Australia,"Branch office, Perth, Western Australia, Australia",Forestry Support Services,commercial,78,10,260,-31.96194,115.85668,Australia,,,,synthetic_locations
Dha,dha,dha-01,Head Office,South Australia,"Head office, Adelaide, South Australia, Australia",Building Society Operation,residential,14,47,670,-34.90419,138.60589,Australia,Tanya Dwyer,"Manager, Leasing Contract",tanya.dwyer@dha.gov.au,synthetic_locations
Dha,dha,dha-02,Branch,Tasmania,"Branch office, Hobart, Tasmania, Australia",Building Society Operation,commercial,81,20,160,-42.85474,147.29992,Australia,,,,synthetic_locations
Dha,dha,dha-03,Branch,Western Australia,"Branch office, Perth, Western Australia, Australia",Building Society Operation,commercial,54,10,110,-31.95028,115.83522,Australia,,,,synthetic_locations
Dha,dha,dha-04,Branch,Australian Capital Territory,"Branch office, Canberra, Australian Capital Territory, Australia",Building Society Operation,commercial,72,24,230,-35.29452,149.12719,Australia,,,,synthetic_locations
Freightforwarderquoteonline,freightforwarderquoteonline,freightforwarderquoteonline-01,Head Office,Tasmania,"Head office, Hobart, Tasmania, Australia",Freight Forwarding Services,commercial,75,6,310,-42.87761,147.35538,Australia,Thomas Tsikouris,Sales Manager (Australia),thomas@freightforwarderquoteonline.com.au,synthetic_locations
Freightforwarderquoteonline,freightforwarderquoteonline,freightforwarderquoteonline-02,Branch,New South Wales,"Branch office, Sydney, New South Wales, Australia",Freight Forwarding Services,commercial,47,24,110,-33.83979,151.23761,Australia,,,,synthetic_locations
Amservices,amservices,amservices-01,Head Office,Western Australia,"Head office, Perth, Western Australia, Australia",Postal Services,commercial,80,5,250,-31.92396,115.8458,Australia,Unni Gopalan,Warehouse Operations,info@amservices.net.au,synthetic_locations
Amservices,amservices,amservices-02,Branch,Tasmania,"Branch office, Hobart, Tasmania, Australia",Postal Services,commercial,62,14,270,-42.90573,147.33846,Australia,,,,synthetic_locations
Amservices,amservices,amservices-03,Branch,South Australia,"Branch office, Adelaide, South Australia, Australia",Postal Services,commercial,69,27,290,-34.90979,138.59824,Australia,,,,synthetic_locations
Amservices,amservices,amservices-04,Branch,New South Wales,"Branch office, Sydney, New South Wales, Australia",Postal Services,commercial,75,18,130,-33.85132,151.23507,Australia,,,,synthetic_locations
Impulseenterprises,impulseenterprises,impulseenterprises-01,Head Office,Washington,"Head office, Seattle, Washington, United States",Unknown,commercial,79,10,150,47.62202,-122.35065,United States,Weissman Todd,National Account Manager-Hospitality,tweissman@impulseenterprises.com,synthetic_locations
Impulseenterprises,impulseenterprises,impulseenterprises-02,Branch,Florida,"Branch office, Miami, Florida, United States",Unknown,commercial,41,11,100,25.73967,-80.19547,United States,,,,synthetic_locations
Gha Nc,gha-nc,gha-nc-01,Head Office,Georgia,"Head office, Atlanta, Georgia, United States",Unknown,commercial,44,23,330,33.72985,-84.36698,United States,White Sheila,Financial Controls And Technology Manager,swhite@gha-nc.org,synthetic_locations
Gha Nc,gha-nc,gha-nc-02,Branch,Illinois,"Branch office, Chicago, Illinois, United States",Unknown,commercial,63,15,360,41.89491,-87.60415,United States,,,,synthetic_locations
Bdc,bdc,bdc-01,Head Office,Alberta,"Head office, Calgary, Alberta, Canada","Medical Device,Biometrics,Human Computer Interaction,Robotics,Wellness,Personal Health",residential,10,30,930,51.03334,-114.04884,Canada,Zoltan Tompa,"Director, Cleantech Practice",zoltan.tompa@bdc.ca,synthetic_locations
Bdc,bdc,bdc-02,Branch,Quebec,"Branch office, Montreal, Quebec, Canada","Medical Device,Biometrics,Human Computer Interaction,Robotics,Wellness,Personal Health",commercial,71,22,270,45.49618,-73.5504,Canada,,,,synthetic_locations
Bdc,bdc,bdc-03,Branch,Manitoba,"Branch office, Winnipeg, Manitoba, Canada","Medical Device,Biometrics,Human Computer Interaction,Robotics,Wellness,Personal Health",commercial,42,15,110,49.89612,-97.16304,Canada,,,,synthetic_locations
Bdc,bdc,bdc-04,Branch,Ontario,"Branch office, Toronto, Ontario, Canada","Medical Device,Biometrics,Human Computer Interaction,Robotics,Wellness,Personal Health",commercial,55,6,100,43.66395,-79.38424,Canada,,,,synthetic_locations
